Date,MKT_RF,SMB,HML,MOM,RF
1993-10-04,-0.00938504,0.00457111,0.00359427,-0.00652693,0.00022014
1993-10-05,-0.00294867,0.00036392,0.00817520,-0.00844160,0.00022014
1993-10-06,-0.00327369,0.00048067,-0.01720945,0.00156209,0.00022014
1993-10-07,0.00378873,-0.00333093,0.00047752,-0.00010776,0.00022014
1993-10-08,0.00856365,0.01030353,0.02119714,0.00411035,0.00022014
1993-10-11,0.01105177,0.02173818,-0.00392013,-0.01051630,0.00064474
1993-10-12,0.00483418,0.00204743,0.00060416,0.01844780,0.00021487
1993-10-19,0.01156635,-0.00534621,-0.00366077,0.00389290,0.00149659
1993-10-20,-0.00229484,0.01349955,0.00156380,-0.00622611,0.00021276
1993-10-21,-0.02025479,-0.00279306,0.00087882,0.00688451,0.00021276
1993-10-22,0.00967206,-0.00408114,-0.01085888,0.00048431,0.00021276
1993-10-25,0.00486020,-0.00853468,0.00458648,0.00202327,0.00065107
1993-10-26,-0.01318572,0.00612275,-0.00262510,-0.00321131,0.00021698
1993-10-27,-0.00370390,-0.01452698,0.00769667,0.00788519,0.00021698
1993-10-28,-0.00425258,-0.00080742,-0.00064090,0.02373857,0.00021698
1993-10-29,-0.00855815,-0.00351689,0.00236861,0.00152515,0.00021698
1993-11-01,-0.02162891,0.00394009,0.00130719,-0.00544449,0.00064474
1993-11-02,-0.00449225,-0.00005010,-0.00204560,0.00510555,0.00021487
1993-11-03,0.00667752,0.00017541,-0.00524300,0.00405714,0.00021487
1993-11-04,0.00287838,0.00740067,-0.00266747,0.00551493,0.00021487
1993-11-05,0.01078575,-0.00246036,-0.00606373,0.00565625,0.00021487
1993-11-08,0.01733138,-0.00592672,-0.00202000,0.00925296,0.00065107
1993-11-09,0.00991433,-0.01167164,0.00104440,-0.01354552,0.00021698
1993-11-10,0.00860189,-0.01285921,0.00492475,0.00941942,0.00021698
1993-11-16,0.02643167,-0.00772259,-0.00813764,0.01912252,0.00130045
1993-11-17,0.01616611,-0.00962928,0.01633417,0.01737393,0.00021487
1993-11-18,0.01686595,-0.02295121,0.02598729,0.01108355,0.00021487
1993-11-19,0.01533337,-0.00370902,-0.00062953,0.00166577,0.00021487
1993-11-22,0.01926849,-0.00732571,-0.00512085,0.00679804,0.00067004
1993-11-23,0.00687784,0.00444122,-0.00678891,0.00735042,0.00022330
1993-11-24,-0.00329419,-0.00294112,-0.01509079,0.00949079,0.00022330
1993-11-25,-0.00005251,-0.00724571,-0.01066402,0.01842476,0.00022330
1993-11-26,0.03680894,-0.01961028,0.01008215,0.00847053,0.00022330
1993-12-01,0.02023664,-0.04276262,0.05062974,0.00398420,0.00113278
1993-12-02,0.00984139,-0.01012972,0.02856377,0.04543533,0.00022645
1993-12-03,-0.00882562,0.02069229,-0.01167013,-0.03168228,0.00022645
1993-12-06,-0.01313092,0.00493941,0.00599176,-0.04766506,0.00067636
1993-12-07,0.01337673,-0.01743615,0.00837483,0.02430456,0.00022540
1993-12-08,0.01607567,-0.00748089,-0.00059675,0.00480087,0.00022540
1993-12-09,0.00703568,0.00083823,0.01294884,-0.02094409,0.00022540
1993-12-10,0.02092495,-0.00933553,0.00051897,-0.01286236,0.00022540
1993-12-13,0.02519992,0.00315151,-0.00648967,0.01923687,0.00063525
1993-12-24,-0.00987680,0.02071174,-0.01349553,-0.01461625,0.00231639
1994-01-03,0.04826947,-0.00194539,0.02348401,-0.00415623,0.00219460
1994-01-04,0.00974133,0.02731997,0.01361014,-0.09075950,0.00026736
1994-01-05,-0.00950436,0.00979408,-0.01202018,-0.01401418,0.00026736
1994-01-06,0.01000306,0.02011129,-0.00691607,-0.01426651,0.00026736
1994-01-07,0.04778230,-0.00521259,-0.00917965,0.00395200,0.00026736
1994-01-10,0.04035882,-0.00360315,-0.01302127,-0.00599722,0.00063841
1994-01-11,-0.01185253,-0.00355000,-0.02184982,-0.03173159,0.00021276
1994-01-12,0.01134956,-0.02938481,-0.00283657,0.01751225,0.00021276
1994-01-13,0.00744090,0.00676510,-0.01159055,-0.01894256,0.00021276
1994-01-14,0.00218420,0.00172267,-0.00225455,-0.00208465,0.00021276
1994-01-17,0.01722495,-0.00823955,0.01124412,-0.02135950,0.00065739
1994-01-18,-0.00838038,0.00167739,-0.01422823,-0.00892886,0.00021908
1994-01-19,-0.03644942,-0.00319342,-0.00336565,0.01658280,0.00021908
1994-01-20,-0.00657275,0.00962609,0.00300852,0.02049810,0.00021908
1994-01-24,0.01542036,-0.00432182,-0.00275171,0.01296558,0.00089559
1994-01-25,0.02194219,0.00011381,0.00105432,0.02752202,0.00022540
1994-01-27,0.01771214,-0.00088903,0.00195311,0.02077194,0.00045086
1994-01-28,0.00802636,0.02315903,-0.00030527,0.02260453,0.00022540
1994-01-31,-0.00832024,0.01325226,0.00429578,0.02480558,0.00067004
1994-02-01,-0.00365559,0.01648198,-0.00501787,0.02729459,0.00022330
1994-02-02,0.01718147,0.02208298,-0.01700164,0.01209288,0.00022330
1994-02-03,0.00972001,0.01496813,-0.00719281,0.01484854,0.00022330
1994-02-04,-0.02190890,0.01395852,0.01170928,-0.00362106,0.00022330
1994-02-07,0.03307554,-0.04358554,-0.00095315,-0.01121575,0.00066688
1994-02-08,-0.00446310,-0.00626972,0.01131485,0.00041058,0.00022224
1994-02-09,-0.03581872,0.01093453,0.00327548,-0.00488809,0.00022224
1994-02-10,-0.00225002,-0.00724020,-0.00134160,-0.00577206,0.00022224
1994-02-11,0.01512646,0.02683644,0.01258643,0.00589968,0.00022224
1994-02-14,-0.01620004,0.02050348,-0.00614959,0.00593524,0.00066055
1994-02-15,-0.00957142,0.00791137,0.00221900,-0.00286928,0.00022014
1994-02-16,-0.01214989,0.00372837,-0.01086320,0.00443891,0.00022014
1994-02-17,0.01498443,-0.00740008,-0.01067993,0.00899667,0.00022014
1994-02-18,0.00996469,-0.00265047,-0.00302521,-0.00453617,0.00022014
1994-02-21,0.03364840,-0.02046488,-0.00347771,0.00921112,0.00066055
1994-02-22,-0.00726073,0.00964474,0.00266635,-0.00160635,0.00022014
1994-02-23,-0.02181284,-0.00707848,0.00643255,0.00818597,0.00022014
1994-02-24,0.00993764,-0.01692817,0.00374622,-0.00865856,0.00022014
1994-02-25,0.03113615,0.00452626,-0.00606240,-0.00146196,0.00022014
1994-02-28,0.01161618,-0.00147595,-0.00761595,-0.00244061,0.00065107
1994-03-01,-0.02361693,0.03184102,-0.01539406,-0.01038340,0.00021698
1994-03-02,-0.03377651,-0.01783628,-0.01571335,-0.00824222,0.00021698
1994-03-03,-0.02337055,0.00061929,0.01404873,0.00474435,0.00021698
1994-03-04,-0.02955622,0.02822897,0.01233596,-0.02063456,0.00021698
1994-03-07,-0.01595725,-0.00473335,-0.01880464,0.00202560,0.00061940
1994-03-08,0.01194630,-0.01087648,-0.01047442,0.00830595,0.00020642
1994-03-09,0.00647216,0.00450812,0.01268304,-0.00027159,0.00020642
1994-03-11,-0.01251876,0.01824280,-0.00505500,-0.00019752,0.00041289
1994-03-15,-0.00087339,-0.00410600,-0.00699373,0.00459728,0.00078789
1994-03-16,-0.00400903,-0.01003286,0.00851212,0.02265692,0.00019691
1994-03-17,-0.00045054,-0.01710286,0.00984332,-0.01248036,0.00019691
1994-03-18,0.00237803,0.00510659,0.00176869,-0.00282455,0.00019691
1994-03-21,0.00263013,-0.01077216,0.00990464,0.00591660,0.00056226
1994-03-22,-0.02065072,0.00395243,0.01303295,0.00536529,0.00018738
1994-03-23,-0.01430839,0.00098193,0.00745561,-0.00847790,0.00018738
1994-03-24,-0.00831843,-0.00188771,-0.00125756,-0.00460486,0.00018738
1994-03-25,0.00027086,0.00645420,-0.00456206,-0.00033087,0.00018738
1994-03-28,0.00510246,-0.00626497,-0.00764916,0.00515140,0.00058133
1994-03-29,0.01661762,-0.01445831,-0.00310373,0.00519107,0.00019374
1994-03-30,0.00103079,0.01336732,-0.00721176,0.00082637,0.00019374
1994-03-31,0.00166215,0.00951063,-0.01136717,-0.00554719,0.00019374
1994-04-04,0.01211679,0.00875944,-0.01204030,0.01007367,0.00077836
1994-04-05,0.00387440,0.00037278,-0.01022196,-0.00563366,0.00019691
1994-04-06,0.00776971,-0.00755405,0.00068910,-0.00184498,0.00019691
1994-04-07,0.00559716,-0.00598909,0.00057505,-0.00867788,0.00019691
1994-04-08,0.01403427,0.00276088,0.00094215,0.00182087,0.00019691
1994-04-12,0.00696386,0.00633454,-0.00020959,-0.03301891,0.00077518
1994-04-13,-0.00604825,0.00311939,-0.00872479,-0.01258599,0.00019374
1994-04-15,-0.00821612,0.00359792,-0.00014106,-0.00417777,0.00038752
1994-04-18,-0.01065567,-0.00135197,0.00069368,0.00814207,0.00057497
1994-04-19,-0.00941351,0.00271977,-0.01590109,0.03770577,0.00019162
1994-04-21,-0.01460235,0.00286692,0.00607300,0.00413093,0.00038328
1994-04-22,0.00326494,-0.00437484,-0.00677298,-0.00380869,0.00019162
1994-04-25,-0.00006305,0.00544415,-0.00631504,-0.00508558,0.00057497
1994-04-26,-0.00717712,-0.00832411,0.01045614,0.00553665,0.00019162
1994-04-27,-0.01300905,-0.00442069,-0.01389625,-0.00273469,0.00019162
1994-04-28,-0.01593222,-0.01256863,0.01665773,-0.00944325,0.00019162
1994-04-29,0.00491918,0.00933504,-0.00882930,0.00204667,0.00019162
1994-05-02,-0.00097082,0.00298563,0.01092626,-0.00883691,0.00057497
1994-05-03,-0.00830644,0.01256743,-0.00026612,-0.00190272,0.00019162
1994-05-04,-0.01605491,0.00227176,-0.00683747,-0.00329263,0.00019162
1994-05-05,-0.00204025,-0.01320068,0.03490316,-0.00760759,0.00019162
1994-05-06,0.02475418,-0.00527560,-0.01056853,-0.00676007,0.00019162
1994-05-09,0.01356679,0.00514530,-0.00071046,0.00235215,0.00057180
1994-05-10,0.00661388,0.00078846,0.00805211,-0.01421942,0.00019056
1994-05-11,0.00333122,0.00847410,-0.00496015,0.00257179,0.00019056
1994-05-13,0.00705997,0.00160206,-0.00825137,-0.01321205,0.00038116
1994-05-16,0.01500925,0.00449465,-0.00051337,0.01203701,0.00059403
1994-05-17,-0.00381383,0.00765803,0.00715381,-0.00419300,0.00019797
1994-05-18,-0.00785224,0.01150180,-0.00863303,-0.00002369,0.00019797
1994-05-19,-0.00168790,-0.00105134,0.00439769,0.01242519,0.00019797
1994-05-20,-0.00677760,-0.00296657,0.00120460,-0.00618897,0.00019797
1994-05-23,-0.01368903,0.00575750,-0.00392281,-0.01007979,0.00060038
1994-05-24,-0.00943295,-0.00644664,0.00471520,-0.00812054,0.00020009
1994-05-26,0.00689255,-0.00825261,0.00509080,-0.01814198,0.00040021
1994-05-27,0.01083186,0.00092109,-0.00046677,-0.02123000,0.00020009
1994-05-30,0.00979297,-0.01365137,0.01977314,0.00419316,0.00061306
1994-05-31,0.00006892,-0.00146732,0.00754426,-0.01183099,0.00020431
1994-06-01,-0.00055238,0.00600843,0.00560992,-0.00166310,0.00020431
1994-06-02,0.01418348,-0.01754582,0.00978643,-0.00360409,0.00020431
1994-06-03,0.02204408,-0.01940151,0.00904314,-0.00424783,0.00020431
1994-06-06,0.01595039,-0.00441377,-0.00620124,-0.02415247,0.00061306
1994-06-07,-0.00222088,-0.00030399,0.00297111,0.01147255,0.00020431
1994-06-08,-0.00073896,-0.00359362,-0.00441541,0.00575709,0.00020431
1994-06-09,0.00694127,-0.01140525,-0.00920117,-0.00611906,0.00020431
1994-06-10,0.01201578,0.00839929,-0.00031573,-0.00873019,0.00020431
1994-06-13,0.00122712,-0.00132536,0.00094564,0.00383897,0.00063207
1994-06-14,0.00005507,0.00514170,-0.00598901,0.01281995,0.00021065
1994-06-15,-0.00487851,0.00337927,0.01192462,0.00725429,0.00021065
1994-06-16,0.00579657,-0.00350747,0.00368052,0.00920728,0.00021065
1994-06-17,0.02364414,-0.00512654,0.01180715,0.00337552,0.00021065
1994-06-20,0.00928844,-0.00594399,0.00735081,0.00030189,0.00066688
1994-06-22,0.00109351,-0.00854104,0.01753551,0.00650892,0.00044453
1994-06-23,-0.00262348,-0.00118086,0.01204886,-0.00218111,0.00022224
1994-06-24,-0.00912070,-0.00415200,0.01263705,-0.00562333,0.00022224
1994-06-27,-0.00904204,0.00458680,-0.00047073,-0.01633019,0.00068899
1994-06-28,0.00399994,-0.00861122,0.00461290,-0.00215702,0.00022961
1994-06-29,-0.00749230,0.00937528,0.01077506,0.00299272,0.00022961
1994-06-30,-0.00830940,0.00163793,0.01488574,0.00301143,0.00022961
1994-07-01,0.00912265,-0.01037153,0.00799363,-0.01431053,0.00022961
1994-07-04,0.00018541,-0.00017579,0.00695903,-0.00518012,0.00071423
1994-07-05,-0.00332017,0.00098227,0.00135965,-0.01104505,0.00023802
1994-07-06,0.00025063,0.00371745,-0.00347864,0.00695935,0.00023802
1994-07-07,-0.00507180,0.01131886,-0.01014124,-0.00771123,0.00023802
1994-07-08,0.01058692,0.00905243,0.00830476,-0.01449449,0.00023802
1994-07-11,0.00319233,0.00968335,-0.00008267,-0.02047872,0.00071423
1994-07-12,0.00630362,-0.00276245,0.01388623,-0.01192659,0.00023802
1994-07-13,0.00248010,0.01321242,0.00214004,-0.00942698,0.00023802
1994-07-14,-0.00513139,0.00715114,0.00325085,-0.01871707,0.00023802
1994-07-15,0.00342367,-0.00678268,-0.00574086,-0.00681955,0.00023802
1994-07-18,-0.00426360,-0.00069293,0.00175502,0.00156852,0.00070161
1994-07-19,-0.00430963,-0.00337707,-0.00284174,-0.00035570,0.00023382
1994-07-20,-0.00328752,-0.00319418,0.00699436,-0.00037155,0.00023382
1994-07-21,-0.00291045,0.01078492,-0.01531423,0.00292133,0.00023382
1994-07-22,0.00791091,0.01262212,-0.00033991,-0.00171992,0.00023382
1994-07-25,0.00309144,0.00803140,-0.00715393,0.01522906,0.00067636
1994-07-26,0.00204124,0.00557685,-0.00227127,-0.00329065,0.00022540
1994-07-27,-0.00389859,0.00990195,-0.01169895,0.00844477,0.00022540
1994-07-28,0.00278137,0.00756023,-0.00075471,-0.00155127,0.00022540
1994-07-29,0.02218824,0.00677099,-0.00513026,-0.01394534,0.00022540
1994-08-01,0.02150096,-0.01237462,0.00489834,-0.00111963,0.00068899
1994-08-02,0.00339947,0.00454860,-0.00483434,0.00195165,0.00022961
1994-08-03,-0.00939739,-0.00304934,-0.00125310,0.00250046,0.00022961
1994-08-04,0.00501940,-0.00188426,-0.00325023,0.00206327,0.00022961
1994-08-05,0.00561528,0.02027606,-0.00329364,-0.00356247,0.00022961
1994-08-08,-0.00042047,0.00113639,0.00046966,-0.00348516,0.00065107
1994-08-09,0.00356019,-0.00169916,0.00692542,-0.00121891,0.00021698
1994-08-10,0.00327078,0.00187384,-0.00512341,-0.00651759,0.00021698
1994-08-11,0.00711901,0.00734921,-0.00947119,-0.01222242,0.00021698
1994-08-12,0.02786646,0.00597920,-0.00404409,0.00254514,0.00021698
1994-08-16,0.00280754,0.00785999,-0.01006408,-0.00168175,0.00084285
1994-08-17,-0.00502401,0.00007870,-0.00586776,-0.00838397,0.00021065
1994-08-18,-0.00205263,-0.01210809,0.02125907,-0.00050686,0.00021065
1994-08-19,-0.00920143,-0.00089282,-0.00273492,0.00662776,0.00021065
1994-08-24,-0.00577866,0.01660944,-0.01117294,0.00225865,0.00105368
1994-08-25,-0.00274383,-0.00254689,-0.00062085,0.00215777,0.00021065
1994-08-29,0.02404034,0.00188578,0.00336317,0.00047689,0.00084919
1994-08-31,0.01405965,0.01084116,0.00160995,-0.00284954,0.00042556
1994-09-01,-0.00451679,0.02040347,-0.01418914,-0.00974930,0.00021276
1994-09-02,-0.00624654,-0.00252740,-0.00260946,-0.00860023,0.00021276
1994-09-05,-0.00563697,0.01130907,-0.00267330,-0.00537718,0.00063841
1994-09-06,0.00151862,-0.00258696,-0.00117451,-0.00117800,0.00021276
1994-09-07,0.00164675,-0.00630298,0.01311533,0.00591807,0.00021276
1994-09-08,0.00175176,0.00817626,-0.00113811,0.00765234,0.00021276
1994-09-12,0.02054660,0.01596388,0.01810943,-0.00387502,0.00085130
1994-09-13,-0.00108576,0.01304549,0.00346236,-0.00258697,0.00021276
1994-09-14,-0.00174722,0.00035517,-0.00903429,-0.00166809,0.00021276
1994-09-15,-0.00328865,-0.01160201,0.01453331,0.00515246,0.00021276
1994-09-16,0.00359628,0.00576110,-0.00671545,-0.00264788,0.00021276
1994-09-19,-0.00982742,0.00141304,0.00976109,-0.00238022,0.00066372
1994-09-20,-0.01268165,0.00419777,-0.00548127,-0.00235898,0.00022119
1994-09-21,-0.00633886,-0.00081051,-0.00557837,-0.00164522,0.00022119
1994-09-22,-0.00263385,0.01754172,-0.00696600,0.00499810,0.00022119
1994-09-23,0.01117887,0.00527276,0.01035440,0.00339791,0.00022119
1994-09-27,-0.00874363,0.01106379,-0.00416092,-0.01040140,0.00095242
1994-09-28,-0.00684613,0.00170836,0.00067427,-0.00653172,0.00023802
1994-09-29,-0.00778185,0.00029825,0.00037621,-0.00539288,0.00023802
1994-09-30,-0.02407373,-0.01601668,0.00672630,-0.00540885,0.00023802
1994-10-03,0.00077731,-0.01730110,0.01747501,-0.00401090,0.00071423
1994-10-04,0.00823694,-0.00861831,0.02091463,0.00011448,0.00023802
1994-10-05,-0.00154648,0.00492183,0.00301270,0.00571241,0.00023802
1994-10-06,0.00528579,-0.00003853,-0.00289680,0.00176107,0.00023802
1994-10-07,0.01496123,0.01480658,0.00386916,0.01014417,0.00023802
1994-10-10,-0.00384262,0.00110749,0.00456969,-0.00708508,0.00072369
1994-10-11,0.00061414,-0.00235311,0.00298842,0.00436514,0.00024117
1994-10-12,-0.00546458,-0.00070933,0.00813941,0.00158077,0.00024117
1994-10-14,0.00797301,0.02089845,0.00404942,0.00450844,0.00048240
1994-10-17,-0.00186480,0.01119507,0.00482681,0.00116308,0.00072369
1994-10-18,-0.00178724,0.01360362,-0.00262647,-0.00260017,0.00024117
1994-10-19,-0.00206073,0.00957845,0.00198207,0.00383286,0.00024117
1994-10-20,-0.00175717,0.00176102,0.00856961,0.00537917,0.00024117
1994-10-21,0.00349112,0.00417609,-0.00069339,-0.00888801,0.00024117
1994-10-24,0.00097408,0.00715418,0.00008273,0.00266364,0.00067004
1994-10-25,0.00114304,0.00121216,-0.00023911,-0.00216695,0.00022330
1994-10-26,0.00143947,-0.00057292,-0.00169827,-0.00421779,0.00022330
1994-10-27,-0.00538543,-0.00205150,0.01060710,-0.00244176,0.00022330
1994-10-28,-0.01341759,-0.00248942,-0.00099778,0.00174631,0.00022330
1994-10-31,-0.00534987,-0.01038056,0.00849955,-0.00643889,0.00065739
1994-11-03,-0.00065739,0.00000000,0.00000000,0.00000000,0.00065739
1994-11-07,0.01736262,0.01775665,0.01031892,0.02017032,0.00087556
1994-11-08,-0.00157521,0.00322303,0.00727184,0.00693163,0.00021803
1994-11-09,-0.01067959,0.01146669,-0.00424929,0.00427134,0.00021803
1994-11-10,-0.01046184,0.00180636,-0.00439382,-0.00419916,0.00021803
1994-11-11,-0.01033905,-0.00194795,-0.00021986,-0.01334583,0.00021803
1994-11-14,-0.01226017,-0.00922607,0.01426629,-0.00487474,0.00065107
1994-11-15,-0.00488415,-0.01062098,0.00047383,-0.00784898,0.00021698
1994-11-16,0.00852572,-0.00257431,-0.00553345,-0.00026502,0.00021698
1994-11-17,0.00870336,0.00252289,0.00093949,0.00232994,0.00021698
1994-11-21,0.00488186,0.01476699,0.01142573,0.00972747,0.00089348
1994-11-22,-0.00227715,0.01175219,-0.00076239,0.00636092,0.00022540
1994-11-23,-0.00732068,0.00536534,-0.00355567,0.00278120,0.00022540
1994-11-24,0.00133168,-0.00328824,-0.01295197,-0.00039155,0.00022540
1994-11-25,0.00861452,-0.00075822,0.01379776,-0.00168080,0.00022540
1994-11-29,0.00775112,-0.00009830,0.00580556,-0.00075997,0.00022961
1994-11-30,-0.00209669,0.00048966,0.00834123,-0.00196097,0.00022961
1994-12-01,-0.00684609,0.00226053,0.00157184,-0.00154505,0.00022961
1994-12-02,-0.00297899,0.00462144,0.00981754,0.00298841,0.00022961
1994-12-05,-0.00759210,-0.00023593,-0.00791963,0.00484858,0.00070792
1994-12-06,-0.01252727,-0.00721314,0.00884507,-0.00495491,0.00023592
1994-12-07,-0.02149781,0.00320138,-0.00809212,-0.00413848,0.00023592
1994-12-08,-0.01263009,-0.00269379,0.00062945,0.00668980,0.00023592
1994-12-09,0.00075040,0.00935018,-0.01574732,-0.01201125,0.00023592
1994-12-12,-0.02205336,-0.01056407,-0.00248722,-0.01234824,0.00073628
1994-12-13,-0.01465758,-0.00181609,-0.01501671,-0.00858980,0.00024537
1994-12-14,0.00376215,-0.00606794,0.00296681,0.00631970,0.00024537
1994-12-15,0.00722695,-0.00046720,0.00016608,-0.00040659,0.00024537
1994-12-16,0.01509751,0.00572918,0.00223211,0.01373733,0.00024537
1994-12-19,0.00194321,0.00580406,-0.00243521,-0.00042927,0.00076460
1994-12-20,-0.00501745,-0.00288497,0.00437622,0.00149825,0.00025480
1994-12-21,0.00085929,-0.00184922,-0.00634962,0.00005086,0.00025480
1994-12-22,-0.00358359,0.00144510,0.00313534,0.00007820,0.00025480
1994-12-23,0.00486231,0.00203660,0.00679584,0.00322118,0.00025480
1994-12-26,-0.01234786,0.02260813,-0.01591954,-0.01621133,0.00077088
1994-12-27,-0.00500917,0.00231564,0.01098006,-0.00253953,0.00025690
1994-12-28,-0.00019010,0.00169150,0.00949108,0.00191491,0.00025690
1994-12-29,-0.00180364,-0.00410013,-0.00780289,0.00144019,0.00025690
1994-12-30,0.00732924,0.02836786,-0.03964010,-0.03338204,0.00025690
1995-01-02,-0.00073146,0.00533755,-0.00697437,-0.01065283,0.00092493
1995-01-03,-0.00481249,0.00097082,-0.00133921,0.00078536,0.00033387
1995-01-04,-0.00875962,-0.00503680,0.00259943,0.00785657,0.00033387
1995-01-05,-0.00885679,0.00448362,0.00479684,0.00222109,0.00033387
1995-01-06,-0.01340102,0.01494843,-0.01144677,-0.00450983,0.00033387
1995-01-09,-0.01900372,-0.00717485,0.00177949,0.00115357,0.00082109
1995-01-10,-0.02515835,-0.00477062,-0.00289306,-0.01063491,0.00027362
1995-01-11,-0.01796039,-0.02123818,-0.01018352,0.00365641,0.00027362
1995-01-12,0.00384793,0.01103630,0.00053461,-0.00499815,0.00027362
1995-01-13,0.00348296,0.00708071,0.00087644,-0.00979986,0.00027362
1995-01-16,0.01151425,0.00483481,0.00213057,-0.01998596,0.00084614
1995-01-17,0.00474378,0.01521318,-0.00360998,0.00538974,0.00028197
1995-01-18,0.00441988,-0.00110193,0.00111714,-0.00042298,0.00028197
1995-01-19,-0.00067218,0.01183530,-0.00470687,0.00364446,0.00028197
1995-01-20,-0.00338524,0.01308822,0.00218825,0.00080047,0.00028197
1995-01-23,-0.02338077,-0.00136823,-0.00420037,-0.00220764,0.00085241
1995-01-24,-0.02775453,-0.00956434,0.00658805,0.00601956,0.00028406
1995-01-25,0.00603253,0.00149723,-0.00946213,0.00351062,0.00028406
1995-01-27,0.00419184,0.00676936,-0.00744704,-0.00986502,0.00056819
1995-01-30,0.01242727,-0.01211614,0.00402407,0.00915817,0.00086491
1995-01-31,0.00773201,0.00316331,-0.00434540,0.00699677,0.00028822
1995-02-01,-0.00015739,-0.00520404,0.00927480,0.00880846,0.00028822
1995-02-02,0.00085757,-0.00430196,-0.00388666,-0.00104611,0.00028822
1995-02-03,0.00581294,-0.00632579,0.00583067,0.00908345,0.00028822
1995-02-06,-0.01002275,0.01053639,-0.00583005,-0.00353455,0.00086491
1995-02-07,-0.00865369,-0.00526538,0.00386483,-0.00017270,0.00028822
1995-02-08,-0.01101285,-0.00061390,-0.00964564,0.00052476,0.00028822
1995-02-09,-0.00618986,-0.00370983,0.00379985,-0.00168776,0.00028822
1995-02-10,-0.00411596,0.00167241,0.00438359,0.00914768,0.00028822
1995-02-13,-0.00699536,-0.00438799,0.00346477,-0.00698531,0.00087429
1995-02-14,-0.00493100,0.00222795,-0.01271750,0.00140349,0.00029135
1995-02-15,-0.00615820,-0.01158766,0.00683129,0.00456609,0.00029135
1995-02-16,-0.01809308,0.00097715,0.01333757,0.00595655,0.00029135
1995-02-17,-0.01269473,-0.00002527,-0.01418792,-0.00501410,0.00029135
1995-02-20,-0.01303703,-0.00135908,0.00485815,-0.01332648,0.00088679
1995-02-21,-0.02069202,0.00407261,-0.00335814,0.00855390,0.00029551
1995-02-22,-0.01742218,-0.00990317,0.01141178,0.00950756,0.00029551
1995-02-23,0.03084255,-0.01635394,0.00723355,0.01188845,0.00029551
1995-02-24,0.03271177,-0.01001173,0.02584069,0.00627452,0.00029551
1995-02-28,-0.00664163,0.01161420,-0.01028676,0.00438235,0.00119088
1995-03-01,0.01205702,-0.00767209,0.00793805,0.00540413,0.00029759
1995-03-02,0.01581260,-0.00271766,-0.00368770,-0.00192530,0.00029759
1995-03-03,0.00673449,-0.00126669,0.01106519,0.01257716,0.00029759
1995-03-06,0.00178411,0.00273817,0.00096753,-0.00159233,0.00089615
1995-03-07,-0.00390794,-0.00304270,0.00489174,0.00040775,0.00030071
1995-03-08,-0.00726462,-0.00632931,0.00293274,-0.00222501,0.00030071
1995-03-09,-0.00282413,-0.00430631,0.00893997,0.01035062,0.00030071
1995-03-10,0.01581961,-0.00157279,0.00156808,-0.01877174,0.00030071
1995-03-13,-0.02343363,0.00486022,-0.00210209,0.00036339,0.00091175
1995-03-14,0.00451651,-0.00190091,-0.00398971,-0.00595760,0.00030382
1995-03-15,0.01109691,0.01698506,-0.01933709,-0.02277721,0.00030382
1995-03-16,-0.02590563,0.02249149,-0.01805505,-0.00945964,0.00030382
1995-03-20,-0.01944188,0.00064334,-0.01249421,-0.01364626,0.00122208
1995-03-21,-0.02254934,0.00027503,-0.00192531,0.00507435,0.00030590
1995-03-22,0.00887417,0.00796018,0.01660931,0.00311737,0.00030590
1995-03-23,-0.01775599,0.00639910,-0.00079039,0.00546168,0.00030590
1995-03-24,-0.00443657,-0.00729351,0.00771878,0.00759412,0.00030590
1995-03-27,-0.00058676,-0.01694614,0.01524909,0.00728936,0.00092421
1995-03-28,0.00392371,0.00535985,0.00045473,0.00095530,0.00030798
1995-03-29,-0.00671819,0.00062009,0.00296814,0.00345442,0.00030798
1995-03-30,-0.00112045,0.00625432,-0.01368689,-0.00576358,0.00030798
1995-03-31,-0.00147504,-0.00581195,0.01040270,0.00185655,0.00030798
1995-04-03,0.00449252,-0.00828013,-0.00193301,0.01178861,0.00092421
1995-04-04,0.00996925,-0.00974644,-0.00961014,-0.00524537,0.00031005
1995-04-05,0.00988502,-0.01160646,0.00918142,0.00915109,0.00031005
1995-04-06,0.00755158,-0.00960928,0.00931139,0.01006727,0.00031005
1995-04-07,0.00271537,-0.00106666,0.00204694,0.00288682,0.00031005
1995-04-10,-0.00514282,0.00495258,-0.00891015,-0.00627431,0.00093045
1995-04-11,-0.00836331,-0.01234660,-0.01284415,-0.00146526,0.00031005
1995-04-12,0.00249734,0.00827259,0.00652887,-0.00456516,0.00031005
1995-04-17,-0.00316418,-0.00911916,-0.00146868,0.00232252,0.00155227
1995-04-18,-0.01490270,-0.02240572,0.01647056,0.01246288,0.00031109
1995-04-19,-0.01365623,-0.00510812,-0.00662638,-0.00305304,0.00031109
1995-04-20,-0.01027239,-0.00522906,-0.00256878,0.00085877,0.00031109
1995-04-21,-0.00198384,-0.00628681,0.00397687,-0.00245614,0.00031109
1995-04-24,-0.01472888,0.00254144,-0.01313433,-0.01174217,0.00092421
1995-04-25,-0.01590229,-0.00163675,-0.00575640,-0.00863903,0.00030798
1995-04-26,-0.01007722,-0.00883856,0.00297191,0.00601921,0.00030798
1995-04-27,-0.01761437,0.00676081,-0.00905676,-0.00563468,0.00030798
1995-04-28,-0.02089240,0.00098173,-0.00011742,0.00081325,0.00030798
1995-05-02,-0.03552022,-0.00023708,-0.00037351,0.00439501,0.00118256
1995-05-03,0.00126465,-0.01603351,-0.01471266,-0.00582728,0.00029551
1995-05-04,0.01719218,0.01627110,0.00533812,-0.00128139,0.00029551
1995-05-05,0.02848633,-0.00792586,-0.00159734,-0.00784485,0.00029551
1995-05-08,0.00148884,0.00159819,-0.00810496,-0.00288521,0.00092733
1995-05-09,0.00357493,0.00012405,-0.00131730,-0.00243746,0.00030901
1995-05-10,-0.00219462,-0.00346082,0.00089769,0.00251905,0.00030901
1995-05-12,-0.01285853,-0.00315827,-0.00792613,-0.01032215,0.00061812
1995-05-15,-0.01129043,0.00340893,-0.00827918,0.00023385,0.00093668
1995-05-16,-0.00520808,-0.00180345,-0.01921713,-0.00679934,0.00031213
1995-05-17,0.01084763,-0.01748987,0.01397850,0.00852161,0.00031213
1995-05-18,0.01530140,-0.00812521,0.00814011,0.00189246,0.00031213
1995-05-19,0.00810461,0.00763785,-0.00578591,0.00187080,0.00031213
1995-05-22,-0.01385271,0.00692004,-0.00173894,-0.00316791,0.00093668
1995-05-23,-0.00566000,0.00968262,-0.00208303,-0.00292948,0.00031213
1995-05-24,-0.00577790,-0.00026946,0.00357438,0.00925986,0.00031213
1995-05-25,-0.00671144,-0.00271229,0.00233474,0.00266626,0.00031213
1995-05-26,0.00406849,-0.00066052,0.00166100,0.00557521,0.00031213
1995-05-29,-0.00186931,-0.00232183,-0.00691981,-0.00417380,0.00093668
1995-05-30,-0.00080179,0.00070484,-0.00373196,-0.00488935,0.00031213
1995-05-31,0.01586388,-0.01819909,-0.00248698,-0.00833939,0.00031213
1995-06-01,0.01258683,-0.02218313,0.02252913,0.00011810,0.00031213
1995-06-02,0.00229072,-0.00615832,0.02432274,0.00540927,0.00031213
1995-06-05,-0.00202831,-0.00056567,0.01227759,0.00009607,0.00095535
1995-06-06,0.00020133,-0.00847521,0.00339506,0.00497733,0.00031835
1995-06-07,-0.00170122,0.00741467,-0.01540013,-0.00312091,0.00031835
1995-06-08,-0.00837944,0.00381474,-0.01026944,-0.00128516,0.00031835
1995-06-09,-0.00643230,-0.00466406,0.00108416,-0.00130913,0.00031835
1995-06-12,-0.00947740,-0.00506884,-0.00119116,-0.00348079,0.00095535
1995-06-13,-0.01065784,-0.00041768,-0.00582578,0.00660201,0.00031835
1995-06-14,0.00012790,-0.01003077,-0.00283043,-0.00097827,0.00031835
1995-06-15,-0.00777544,-0.00121391,0.00107879,0.00412873,0.00031835
1995-06-16,0.00495301,-0.01243263,-0.00034870,0.00898066,0.00031835
1995-06-19,0.00559877,0.00876614,-0.00410700,0.00287199,0.00095846
1995-06-20,0.00020901,0.00105026,-0.00471419,0.00245881,0.00031938
1995-06-21,-0.00167456,0.00144278,-0.00628136,0.00353065,0.00031938
1995-06-22,-0.00742724,0.00040869,-0.00236751,-0.00243226,0.00031938
1995-06-23,-0.00878301,0.00447500,-0.00843560,-0.00369912,0.00031938
1995-06-26,-0.01937631,0.00232779,-0.00519648,0.00042500,0.00096779
1995-06-27,-0.00614069,-0.00415348,-0.00311222,-0.00591590,0.00032249
1995-06-28,0.00546132,-0.01924741,0.01784740,0.00287061,0.00032249
1995-06-29,-0.00202446,0.00259576,-0.00249249,-0.00143165,0.00032456
1995-06-30,-0.00712415,0.00050246,-0.00547724,-0.00205009,0.00032456
1995-07-03,-0.02014622,0.00594133,0.00094487,-0.00098212,0.00097401
1995-07-04,-0.01413671,-0.01330773,0.01040013,0.00944075,0.00032456
1995-07-05,-0.00079475,0.00285753,-0.00242192,0.00104732,0.00032456
1995-07-06,-0.00447851,-0.00385273,0.00026635,0.00201913,0.00032456
1995-07-07,0.00495483,-0.00303258,0.00469146,-0.00061398,0.00032456
1995-07-10,0.00304504,0.00078833,-0.00481384,0.00006900,0.00098333
1995-07-11,0.00248216,-0.00302906,-0.00461141,0.00265691,0.00032767
1995-07-12,0.01076514,-0.01090570,0.00153887,-0.00533800,0.00032767
1995-07-13,0.01111741,0.00364270,-0.00360277,-0.00790621,0.00032767
1995-07-14,0.01502477,0.00627647,-0.01033300,-0.00646828,0.00032767
1995-07-17,0.02160666,0.01402913,0.01985888,-0.01575756,0.00100196
1995-07-18,0.00559645,0.01577171,0.00160767,-0.01194781,0.00033387
1995-07-19,0.00223221,-0.00026297,0.00056750,-0.00325280,0.00033387
1995-07-20,0.00931129,0.00095489,0.00219982,-0.00156322,0.00033387
1995-07-21,-0.00196201,0.00179762,-0.00691290,-0.00105657,0.00033387
1995-07-24,0.00725339,-0.00373398,0.00045740,0.00495330,0.00100196
1995-07-25,0.01335871,-0.01372894,-0.00549846,0.00416591,0.00033387
1995-07-26,0.00733650,-0.02609307,0.01905187,0.01169601,0.00033387
1995-07-27,-0.00675042,-0.00941225,-0.00126175,-0.00146561,0.00033387
1995-07-28,-0.02485385,0.00563603,-0.00943534,0.00440544,0.00033387
1995-07-31,-0.00998368,0.01297767,-0.00022882,0.00593269,0.00098643
1995-08-01,-0.00071680,-0.00561288,-0.00645641,-0.00085475,0.00032870
1995-08-02,0.00991105,-0.00777880,0.00038370,0.00614421,0.00032870
1995-08-03,-0.01042505,0.00856284,-0.00297624,-0.00666311,0.00032870
1995-08-04,-0.00054310,-0.00725438,-0.00341708,0.00691272,0.00032870
1995-08-07,-0.00271053,0.00570222,-0.00419051,0.00642182,0.00098022
1995-08-08,-0.00750279,0.00162808,-0.00145560,0.00357053,0.00032663
1995-08-09,0.00131202,-0.01007635,-0.00548657,-0.00141284,0.00032663
1995-08-11,-0.00647718,-0.00226476,-0.01012507,0.00579390,0.00065337
1995-08-14,-0.00272352,0.01675884,0.01035534,0.00585550,0.00098022
1995-08-16,0.00152154,0.00275087,-0.00621481,0.00007759,0.00065337
1995-08-17,0.00010588,-0.00267442,-0.00361406,0.00405899,0.00032663
1995-08-18,0.00319560,-0.00717811,-0.00806581,0.00591678,0.00032663
1995-08-21,-0.00097405,0.00750150,-0.00819776,0.00594404,0.00097712
1995-08-22,-0.00751686,-0.00106758,-0.00237213,-0.00094323,0.00032560
1995-08-23,0.00019016,0.00199305,0.00695334,0.00604822,0.00032560
1995-08-24,-0.00682507,-0.00074421,-0.00590135,0.00420951,0.00032560
1995-08-25,-0.01084689,-0.00068902,-0.00117818,-0.00028644,0.00032560
1995-08-28,-0.00769855,0.01448969,0.00559557,-0.00072219,0.00097401
1995-08-30,-0.00237607,0.00191857,0.00761186,0.00462598,0.00064923
1995-08-31,-0.00284647,-0.01050418,0.01440484,0.00534745,0.00032456
1995-09-01,0.00002547,-0.00302261,-0.00152837,-0.00166889,0.00032456
1995-09-04,-0.00373808,0.00212235,-0.00738349,0.00480820,0.00097090
1995-09-05,-0.00731223,-0.00172480,0.00294176,-0.00253173,0.00032353
1995-09-06,0.00456399,-0.01061749,-0.00677733,0.00385657,0.00032353
1995-09-07,0.00322426,0.00002250,0.00399496,-0.00156037,0.00032353
1995-09-08,0.00340271,-0.00631295,0.00379868,-0.00556069,0.00032353
1995-09-11,0.00187044,0.00314098,0.00080234,-0.00085895,0.00097090
1995-09-12,-0.00315857,0.00066103,0.00409020,-0.00151044,0.00032353
1995-09-13,-0.00592307,-0.00016135,0.00643432,0.00022248,0.00032353
1995-09-14,0.00211049,-0.01082151,0.00543411,0.00243273,0.00032353
1995-09-15,0.00137510,-0.00408391,0.00551112,0.00357259,0.00032353
1995-09-18,-0.00216159,-0.00406430,0.00411693,0.00290747,0.00097090
1995-09-19,-0.00257831,-0.00173282,0.00041433,-0.00156349,0.00032353
1995-09-20,0.00172202,-0.00955436,0.00943931,-0.00225555,0.00032353
1995-09-21,0.00234015,-0.00440621,-0.00730649,0.00877336,0.00032353
1995-09-22,0.00211676,0.00434655,-0.00585709,0.00405101,0.00032353
1995-09-25,0.01511710,0.01759186,-0.00864910,0.00070102,0.00098022
1995-09-26,0.00676389,-0.00345474,0.01472801,-0.00530549,0.00032663
1995-09-27,-0.00688831,0.00325249,0.00573842,-0.00802400,0.00032663
1995-09-28,-0.00404668,-0.00390860,-0.00308887,0.00305476,0.00032663
1995-09-29,0.00407203,-0.00638796,-0.00524453,0.00403451,0.00032663
1995-10-04,0.00421169,-0.01194990,0.00204282,0.00101498,0.00163423
1995-10-05,0.00461913,-0.01196458,0.00165630,0.00095437,0.00032663
1995-10-06,0.01354686,-0.01145804,0.00804121,-0.00664854,0.00032663
1995-10-09,0.00553062,0.01896218,0.00773890,-0.00837540,0.00098022
1995-10-10,-0.00403142,0.00378442,-0.00608997,0.00151895,0.00032663
1995-10-11,-0.00253442,-0.00108446,-0.00101005,-0.00294683,0.00032663
1995-10-12,-0.00268316,-0.00203455,0.00315063,0.00039707,0.00032663
1995-10-13,-0.00043591,-0.00713867,0.00256448,-0.00079685,0.00032663
1995-10-16,-0.00724786,0.00048771,-0.00914170,0.00792285,0.00098643
1995-10-17,-0.00498913,-0.00217917,-0.00784108,0.00199744,0.00032870
1995-10-18,-0.00265333,-0.00730512,-0.00533126,0.00224160,0.00032870
1995-10-19,-0.01121418,0.00202696,-0.00965963,0.00322850,0.00032870
1995-10-20,-0.01142359,0.00383787,-0.00550896,-0.00130116,0.00032870
1995-10-23,0.00269501,0.02229404,0.02003309,-0.01258329,0.00098954
1995-10-24,-0.01681609,0.00475339,0.00661482,-0.00235788,0.00032974
1995-10-25,0.00718843,0.00009758,-0.00174111,0.00124109,0.00032974
1995-10-26,-0.01814556,0.00349106,-0.00352667,0.01288860,0.00032974
1995-10-27,0.00166126,-0.00944797,-0.00434075,0.00139501,0.00032974
1995-10-30,-0.00464510,-0.00065732,0.00438478,0.00421429,0.00099575
1995-10-31,-0.00612101,-0.00410989,0.00134732,0.00432461,0.00033181
1995-11-01,0.00790858,-0.01280039,-0.00554444,-0.00065807,0.00033181
1995-11-02,0.00057107,0.00077977,0.00673390,-0.00605813,0.00033181
1995-11-03,-0.00240557,0.00048339,-0.00641823,0.00721648,0.00033181
1995-11-06,-0.01145066,0.00741227,-0.00430926,0.00488284,0.00100196
1995-11-07,-0.00956950,-0.00339441,0.00535238,-0.00378118,0.00033387
1995-11-08,-0.01698903,0.00171088,0.00176814,-0.00186697,0.00033387
1995-11-09,-0.01586546,-0.00461547,-0.00116554,0.00065082,0.00033387
1995-11-10,-0.01088423,-0.00035322,-0.00317760,0.00623964,0.00033387
1995-11-13,-0.02669421,0.00106364,0.00234799,0.00065758,0.00100196
1995-11-14,-0.01776603,0.00711016,0.00893296,-0.01513178,0.00033387
1995-11-15,0.00240467,-0.00408972,-0.00414202,-0.01385572,0.00033387
1995-11-16,-0.00382475,0.00446935,0.00474718,0.00127278,0.00033387
1995-11-17,-0.01313370,0.00521388,0.00079868,-0.00318015,0.00033387
1995-11-20,-0.00451259,-0.00368778,-0.00542781,-0.00136690,0.00100196
1995-11-21,-0.01160404,0.00783420,-0.00791780,-0.00948807,0.00033387
1995-11-22,-0.01902012,-0.00081774,0.00679452,0.00522876,0.00033387
1995-11-23,-0.02153622,0.00415774,-0.00176974,0.01094817,0.00033387
1995-11-24,0.02220883,-0.01764086,0.00090476,-0.00843314,0.00033387
1995-11-27,0.00922290,0.00922883,-0.00568332,-0.01003327,0.00100196
1995-11-28,-0.01406582,0.00419342,-0.00007660,0.00025062,0.00033387
1995-11-29,-0.01382565,0.00586497,-0.01294141,0.00032833,0.00033387
1995-11-30,0.01345436,-0.01370326,-0.00888917,0.00744808,0.00033387
1995-12-01,0.01361973,-0.00292314,0.00879212,-0.00486155,0.00033387
1995-12-04,0.00147515,0.00652706,0.00940426,-0.00387899,0.00100196
1995-12-05,-0.00249908,-0.00353585,0.00625342,0.01999590,0.00033387
1995-12-06,0.01150572,-0.00737765,-0.00061759,-0.00995222,0.00033387
1995-12-07,0.01735709,-0.00480987,-0.00633377,-0.00100285,0.00033387
1995-12-08,-0.00013532,0.01037461,0.00716763,-0.01658112,0.00033387
1995-12-11,-0.01083262,0.00455599,-0.00158109,0.00501847,0.00100196
1995-12-12,-0.00576731,0.00003289,0.00034621,-0.00054377,0.00033387
1995-12-13,0.00413521,-0.00399958,-0.00419042,0.00266802,0.00033387
1995-12-14,-0.00240778,0.00165557,0.00360029,-0.00395941,0.00033387
1995-12-15,-0.00267722,-0.00269756,0.00108212,0.00070258,0.00033387
1995-12-18,-0.00504237,-0.00581569,-0.00400369,0.00830291,0.00100196
1995-12-19,-0.00539905,-0.00443142,-0.00173844,0.00601821,0.00033387
1995-12-20,-0.00056906,-0.00688520,-0.00332928,0.00532829,0.00033387
1995-12-21,0.00815569,-0.00815963,-0.00644627,0.00649197,0.00033387
1995-12-22,0.00502799,0.00638628,-0.01114086,-0.00656284,0.00033387
1995-12-26,0.00198272,0.00257534,-0.01260675,-0.00239976,0.00133617
1995-12-27,0.01490383,-0.00950207,0.00405860,0.00326874,0.00033387
1995-12-28,-0.00352830,0.00771369,-0.00054892,-0.00113136,0.00033387
1995-12-29,-0.00277804,0.00495809,-0.00095615,-0.00281802,0.00033387
1996-01-01,0.00435137,0.00848530,-0.00149016,-0.01334351,0.00100196
1996-01-02,-0.00531734,0.00042699,-0.00250445,0.00501931,0.00033387
1996-01-03,-0.00562102,-0.00321847,0.00229179,0.00502612,0.00033387
1996-01-04,-0.00729256,-0.00077213,-0.00662543,0.00451820,0.00033387
1996-01-05,-0.00680077,-0.00245456,-0.00172169,0.00510278,0.00033387
1996-01-08,-0.01539612,-0.00060654,-0.00618758,0.01231362,0.00100196
1996-01-09,-0.00885700,-0.01141115,-0.00994986,0.01186281,0.00033387
1996-01-10,-0.00231562,0.00368870,0.00067155,0.00364420,0.00033387
1996-01-11,0.00162511,-0.00814361,0.00024953,-0.00490762,0.00033387
1996-01-12,0.00109760,0.00244772,0.00190266,-0.00858036,0.00033387
1996-01-15,0.00068222,-0.00728398,-0.00077726,0.00387412,0.00100196
1996-01-16,-0.00376280,-0.00304066,0.00017486,0.00653672,0.00033387
1996-01-17,-0.01262966,0.00334530,-0.00393552,0.00166898,0.00033387
1996-01-18,-0.01000938,-0.00460835,-0.00949459,0.01398390,0.00033387
1996-01-19,-0.00819582,-0.00939043,-0.00001678,0.00403354,0.00033387
1996-01-22,-0.00335451,-0.00491401,-0.00533071,0.00841157,0.00100196
1996-01-23,-0.01083326,0.00398902,-0.00032507,0.00377341,0.00033387
1996-01-24,-0.01804575,-0.00212205,0.00205958,-0.00321847,0.00033387
1996-01-25,-0.00418524,-0.01049779,-0.00330074,0.00485577,0.00033387
1996-01-29,0.00413327,-0.01108424,-0.00065225,0.00593921,0.00133617
1996-01-30,0.01354135,-0.00382878,-0.00288712,-0.00872853,0.00033387
1996-01-31,0.01118093,0.00200233,-0.00789625,-0.00530302,0.00033387
1996-02-01,0.01547622,-0.00245287,-0.00442797,-0.01511697,0.00033387
1996-02-02,0.04587613,-0.01576715,0.01027759,-0.00948139,0.00033387
1996-02-05,0.02545979,0.01666073,0.00175707,-0.02565785,0.00100196
1996-02-06,-0.01250283,0.02698722,-0.00139061,-0.00407367,0.00033387
1996-02-07,-0.00083375,-0.02126195,-0.01350327,0.02298947,0.00033387
1996-02-08,0.03259790,-0.03285662,-0.00046597,0.01569150,0.00033387
1996-02-09,0.03659963,-0.00848687,-0.00136299,-0.01421541,0.00033387
1996-02-12,0.01613884,0.00629177,0.00508867,0.00479747,0.00100196
1996-02-13,0.01187955,-0.01506620,-0.00143819,0.00901986,0.00033387
1996-02-14,0.02205916,-0.00389046,-0.00602008,0.00106095,0.00033387
1996-02-15,-0.00346081,0.01699015,-0.00768646,-0.00817826,0.00033387
1996-02-16,-0.01625847,0.00034772,-0.00555171,0.00291987,0.00033387
1996-02-19,0.00538096,0.01531435,0.00012558,-0.01735791,0.00100196
1996-02-20,-0.00938786,0.00589028,-0.00217152,-0.00310363,0.00033387
1996-02-22,0.00846558,-0.00608705,-0.00872955,0.00033242,0.00066786
1996-02-23,-0.00227887,0.00066173,-0.00109216,0.00346387,0.00033387
1996-02-26,0.01008517,-0.01404764,-0.00394110,0.01170720,0.00100196
1996-02-27,-0.00813058,0.00159885,-0.00707738,0.01186240,0.00033387
1996-02-28,-0.00999959,0.00144267,-0.00570392,0.00656104,0.00033387
1996-02-29,-0.03061032,0.00563549,-0.00745648,0.00914981,0.00033387
1996-03-01,-0.00312874,-0.02474832,-0.00426616,0.01639780,0.00033387
1996-03-04,0.00318362,-0.00296612,0.00091679,-0.00994516,0.00100196
1996-03-06,0.00002897,-0.00618198,-0.00482285,0.00993998,0.00066786
1996-03-07,-0.00450917,0.00118002,-0.00256525,0.00010395,0.00033387
1996-03-08,-0.00907869,0.00197240,-0.00663545,0.00599948,0.00033387
1996-03-11,-0.01682101,-0.00301529,-0.00168785,0.01020723,0.00100196
1996-03-12,-0.00546595,-0.00383190,-0.00493811,-0.00061298,0.00033387
1996-03-13,0.01062947,-0.01177881,0.00028315,0.01253653,0.00033387
1996-03-14,0.00255387,-0.00491275,-0.00362845,0.00818508,0.00033387
1996-03-15,-0.00852311,0.00270178,-0.00890787,0.00962225,0.00033387
1996-03-18,-0.01301890,0.00780141,0.00990242,-0.00700748,0.00100196
1996-03-19,-0.00882484,0.00124643,-0.00093762,0.00016132,0.00033387
1996-03-21,0.00281097,-0.00394171,-0.00211149,0.00172982,0.00066786
1996-03-22,-0.00750196,0.00250584,0.00319225,-0.00358786,0.00033387
1996-03-25,-0.00363232,-0.00221475,-0.00918206,0.00390000,0.00100196
1996-03-26,-0.00027175,-0.00108437,-0.00442786,0.00103238,0.00033387
1996-03-27,0.01450008,-0.00205288,-0.01133947,0.00647377,0.00033387
1996-03-28,0.02618920,-0.00522341,-0.01607794,0.00103053,0.00033387
1996-03-29,0.02045924,0.00690522,-0.01310933,0.00280838,0.00033387
1996-04-01,0.00452853,0.00409929,0.00177263,0.00038204,0.00100196
1996-04-02,0.01133694,-0.00608650,-0.01038382,-0.00121603,0.00033387
1996-04-03,0.00952109,-0.00258451,0.00338036,-0.00322946,0.00033387
1996-04-04,-0.00682046,-0.00041682,0.00267431,-0.00652866,0.00033387
1996-04-05,0.00862869,-0.01142400,0.00291857,0.00047727,0.00033387
1996-04-08,0.01212987,-0.01382535,0.00006309,-0.00784320,0.00100196
1996-04-09,-0.00113538,0.00065484,0.00145206,-0.00246402,0.00033387
1996-04-10,0.00035230,0.00268968,-0.00301018,0.00602531,0.00033387
1996-04-11,-0.00480303,0.00095892,-0.00453959,0.00994924,0.00033387
1996-04-12,0.00392181,-0.01003187,0.00475628,0.00593467,0.00033387
1996-04-15,0.01079094,-0.01021137,0.00491264,0.00547231,0.00099264
1996-04-16,0.00430753,-0.00539315,-0.00485509,0.01394607,0.00033077
1996-04-17,0.03046532,-0.01434557,-0.01086086,0.00627210,0.00033077
1996-04-18,0.01952943,-0.01735076,0.02001372,-0.00224120,0.00033077
1996-04-19,0.01117473,0.00166681,0.01439146,-0.00343040,0.00033077
1996-04-22,-0.01798606,0.00765277,0.00228448,-0.00171825,0.00097712
1996-04-23,-0.00857725,-0.00917800,-0.00275713,0.00032921,0.00032560
1996-04-24,0.03555542,-0.03050021,-0.00485491,0.01673456,0.00032560
1996-04-25,-0.01062993,0.01637392,-0.01181385,-0.00084036,0.00032560
1996-04-26,-0.00057924,-0.01226569,-0.00450414,0.01223569,0.00032560
1996-04-29,-0.00614624,0.00352699,-0.00547043,0.00610200,0.00096468
1996-04-30,-0.00238768,-0.00475255,-0.00033758,0.01286200,0.00032146
1996-05-01,0.02096799,-0.00899233,0.00415227,0.00054935,0.00032146
1996-05-02,-0.00076917,-0.00346945,-0.00047414,0.00470454,0.00032146
1996-05-03,-0.00230200,0.00394666,-0.00341904,0.00181989,0.00032146
1996-05-06,-0.02171541,0.01327625,-0.00356383,-0.00165321,0.00096158
1996-05-07,0.00316455,-0.00435823,0.00340506,0.00257825,0.00032042
1996-05-08,0.01170193,-0.01014088,0.00272685,0.00820762,0.00032042
1996-05-09,-0.01656104,0.00796767,-0.00897742,-0.00010515,0.00032042
1996-05-10,-0.01666633,-0.00842206,0.00035506,0.00553918,0.00032042
1996-05-13,0.00397689,-0.00800413,0.00569489,0.00469959,0.00095846
1996-05-14,0.00540209,-0.00106823,-0.01004297,0.02124411,0.00031938
1996-05-15,0.00913426,-0.00550082,-0.00678784,0.00989382,0.00031938
1996-05-16,0.01152952,0.00408196,0.00507842,0.00085912,0.00031938
1996-05-17,-0.00931615,0.00086203,-0.00189932,0.00511496,0.00031938
1996-05-20,-0.02589797,0.00078827,0.00105612,0.00706677,0.00095846
1996-05-21,-0.01581662,-0.00611425,-0.00128293,0.00997294,0.00031938
1996-05-22,0.00147293,-0.00164547,-0.00127929,-0.00358482,0.00031938
1996-05-23,-0.00610066,-0.00655853,-0.00539239,0.00665661,0.00031938
1996-05-24,0.00422774,-0.00989366,-0.00335188,0.01177537,0.00031938
1996-05-27,-0.01778374,0.00364487,-0.00265653,0.00638120,0.00095846
1996-05-28,-0.00526004,-0.00596688,-0.00199930,0.00252894,0.00031938
1996-05-29,0.02402224,-0.00425180,0.00261716,0.00499460,0.00031938
1996-05-30,-0.00646749,0.00875817,-0.00170993,-0.00642812,0.00031938
1996-05-31,0.00352311,-0.00031323,-0.00842381,0.00102353,0.00031938
1996-06-03,0.01094598,-0.00153946,-0.00571483,0.00863866,0.00096158
1996-06-04,-0.00304235,0.00326661,-0.00440513,0.01120236,0.00032042
1996-06-05,0.00629701,-0.00817290,0.00518881,0.01041503,0.00032042
1996-06-06,0.01081482,-0.01010777,-0.00498550,0.01368570,0.00032042
1996-06-07,0.00083392,-0.00327522,-0.00976128,0.00816705,0.00032042
1996-06-10,0.00389890,0.00254373,-0.00569001,0.00508376,0.00096158
1996-06-11,-0.00114262,-0.00630331,-0.00612500,0.00697311,0.00032042
1996-06-12,0.02043059,-0.01382145,0.00934706,0.00619549,0.00032042
1996-06-13,0.01187109,-0.00893599,-0.00174417,0.00078676,0.00032042
1996-06-14,0.02152875,-0.00710491,0.00575077,-0.00549629,0.00032042
1996-06-17,-0.00546905,0.01057849,0.00382809,-0.01697866,0.00096158
1996-06-18,-0.00283694,-0.00530386,0.00272662,-0.00933367,0.00032042
1996-06-19,-0.00444466,0.00031911,-0.00232735,0.00053294,0.00032042
1996-06-20,-0.00491565,-0.01248868,0.00001017,0.00296313,0.00032042
1996-06-21,-0.01175507,0.00419662,0.00144591,0.00136979,0.00032042
1996-06-24,-0.00784009,-0.00147136,-0.00109022,0.01121758,0.00096158
1996-06-25,-0.01412633,0.00495445,-0.00394645,0.00752797,0.00032042
1996-06-26,-0.00498356,0.00752957,-0.00659515,-0.00422819,0.00032042
1996-06-27,0.00375498,-0.01205298,0.00336111,0.00077374,0.00032042
1996-06-28,-0.00172950,0.00397396,-0.00119582,0.00060786,0.00032042
1996-07-01,-0.01407318,-0.00471943,-0.00111898,0.00846434,0.00096158
1996-07-02,-0.00997640,-0.00873107,0.00317601,-0.00054728,0.00032042
1996-07-03,-0.01562181,0.00289513,-0.00651700,0.00213474,0.00032042
1996-07-04,0.00160395,-0.01401088,-0.00155833,0.01121542,0.00032042
1996-07-05,-0.00052348,-0.00280096,-0.00841239,0.01485395,0.00032042
1996-07-08,0.00040409,-0.00238382,-0.00547031,0.01540370,0.00092110
1996-07-09,-0.01576821,-0.00057629,0.00089928,0.00589756,0.00030694
1996-07-10,0.00019308,-0.00031147,-0.01164250,0.00947216,0.00030694
1996-07-11,0.00766640,-0.00319126,0.00083526,0.00634347,0.00030694
1996-07-12,-0.00589710,0.00122019,-0.00279859,0.00285309,0.00030694
1996-07-15,-0.00225889,-0.00436879,-0.00472671,0.00274557,0.00077403
1996-07-16,-0.00843634,0.00125562,-0.00908687,-0.00061787,0.00025794
1996-07-17,0.01280683,-0.01083789,-0.00135551,0.01022361,0.00025794
1996-07-18,0.00556994,-0.00434278,-0.00375101,0.00711869,0.00025794
1996-07-19,0.00143935,-0.00135606,0.00151807,-0.00441534,0.00025794
1996-07-22,0.00356214,0.01153493,0.00849168,-0.01700245,0.00072369
1996-07-23,-0.02286193,0.01075338,-0.01311074,0.00213274,0.00024117
1996-07-24,-0.01504922,0.00344658,-0.00059353,-0.00783730,0.00024117
1996-07-25,-0.01049485,0.00204241,0.00414408,0.00241676,0.00024117
1996-07-26,-0.01202861,-0.00081111,0.00428507,0.00406995,0.00024117
1996-07-29,-0.01877104,0.00242700,0.00087221,-0.01605301,0.00074258
1996-07-30,-0.02393590,0.00091171,-0.00072064,0.00666584,0.00024746
1996-07-31,0.02272372,-0.02396482,-0.00526368,0.01797516,0.00024746
1996-08-01,-0.00263740,0.00578658,-0.00677839,0.00820611,0.00024746
1996-08-02,-0.00520464,-0.00183947,-0.00024156,0.00655519,0.00024746
1996-08-05,-0.00285039,-0.00700211,-0.00519841,0.00085581,0.00071108
1996-08-06,-0.00337013,-0.00586610,-0.00107823,0.00588984,0.00023697
1996-08-07,0.01142825,-0.00323761,0.00445373,-0.00303993,0.00023697
1996-08-08,-0.01005552,0.01003806,-0.00314556,-0.01727309,0.00023697
1996-08-09,-0.00192356,-0.00261699,0.00193633,0.00195234,0.00023697
1996-08-12,-0.00880899,0.00669212,-0.01031251,0.00673852,0.00066688
1996-08-13,-0.00651508,0.00278714,-0.01188016,0.00563148,0.00022224
1996-08-14,-0.00542322,-0.00072999,0.00129396,-0.00021818,0.00022224
1996-08-16,-0.01425823,0.00170137,-0.00315585,0.00823405,0.00044453
1996-08-19,-0.02563039,0.01513313,-0.00659419,-0.01873074,0.00074258
1996-08-20,-0.00202096,-0.01207000,-0.00682193,0.00958346,0.00024746
1996-08-21,0.01789155,-0.01883389,0.01759461,-0.00952444,0.00024746
1996-08-22,0.00295347,0.00007823,0.00793795,-0.01601495,0.00024746
1996-08-23,0.00589406,-0.00861254,0.00331569,0.00292409,0.00024746
1996-08-26,-0.00188883,0.00966550,-0.00037406,-0.00127201,0.00078031
1996-08-27,0.00247432,-0.00283364,0.00479125,0.00173883,0.00026004
1996-08-28,0.01333729,0.00569673,-0.00348893,-0.01057367,0.00026004
1996-08-29,0.00528615,0.00933568,0.00482558,-0.00924320,0.00026004
1996-08-30,0.00253635,0.00555914,0.00441975,-0.01603687,0.00026004
1996-09-02,0.00791535,0.00201453,0.00816401,-0.00279352,0.00078031
1996-09-03,-0.01177502,0.01840507,-0.00599729,-0.01344962,0.00026004
1996-09-04,0.00168631,-0.00337848,0.00412614,0.00163877,0.00026004
1996-09-05,0.01045482,-0.00593051,-0.00042474,-0.00398304,0.00026004
1996-09-06,-0.00443770,0.01447259,-0.01499664,-0.00276932,0.00026004
1996-09-09,-0.01677348,0.00014382,0.01083896,-0.00275737,0.00078031
1996-09-10,-0.01224231,-0.00314317,0.00033144,0.00005222,0.00026004
1996-09-11,-0.00922399,-0.00502166,-0.00038978,-0.00113004,0.00026004
1996-09-12,-0.00422040,-0.00373745,-0.00022059,0.01482894,0.00026004
1996-09-13,-0.00348620,-0.00475435,0.00132630,0.00930897,0.00026004
1996-09-16,-0.01584364,0.01125998,0.00089290,-0.01500152,0.00078345
1996-09-17,0.00514964,-0.02278439,0.00064235,0.01490634,0.00026108
1996-09-18,0.01156131,-0.01865655,0.00491752,0.00002819,0.00026108
1996-09-19,-0.01114519,0.00229094,0.00180130,0.00442517,0.00026108
1996-09-20,-0.00390121,0.00106067,-0.00185111,-0.00258797,0.00026108
1996-09-23,-0.01164583,-0.00521402,0.00482592,0.00133196,0.00079287
1996-09-24,-0.00577806,-0.01127893,-0.01152851,0.01182163,0.00026422
1996-09-25,-0.00115520,-0.00509969,0.00151201,-0.00772969,0.00026422
1996-09-26,-0.01323268,0.00115564,-0.00384726,0.00665059,0.00026422
1996-09-27,-0.01793189,0.00734669,-0.01440362,0.00699522,0.00026422
1996-09-30,-0.00805284,-0.01096569,-0.00516796,0.00907079,0.00079601
1996-10-01,-0.00646273,-0.00977085,0.00231442,0.00743381,0.00026527
1996-10-03,-0.00973113,-0.00383137,-0.00018041,-0.00873933,0.00053060
1996-10-04,-0.02929599,-0.00559982,0.02340764,0.00298353,0.00026527
1996-10-07,-0.03226105,0.00290172,0.00946562,-0.00241330,0.00079601
1996-10-08,0.00201716,-0.00821124,-0.00595387,-0.00617371,0.00026527
1996-10-09,0.00746594,-0.00536894,0.00845842,-0.00300955,0.00026527
1996-10-10,0.03207817,-0.01529250,0.00880417,0.00161819,0.00026527
1996-10-11,0.01091098,0.00280997,0.01628151,-0.01411696,0.00026527
1996-10-14,-0.01459775,0.02036106,-0.01394856,-0.00685719,0.00078973
1996-10-15,-0.00493121,-0.00976618,0.00859867,0.00441401,0.00026317
1996-10-16,-0.00045732,0.01224448,-0.01947132,-0.00373683,0.00026317
1996-10-17,-0.00073920,-0.00403332,-0.00329253,-0.00385088,0.00026317
1996-10-18,0.00562414,-0.00211429,-0.00505523,-0.00406915,0.00026317
1996-10-22,0.02153569,-0.01143939,0.00507031,-0.00067610,0.00104892
1996-10-23,0.03622774,-0.01457081,-0.00023256,0.00592438,0.00026213
1996-10-24,-0.01698130,0.01739724,0.00721795,-0.00945882,0.00026213
1996-10-25,0.00135512,-0.00117054,-0.01466065,0.00916234,0.00026213
1996-10-28,-0.00268346,-0.00955420,0.01409425,-0.00260406,0.00069530
1996-10-29,-0.01965657,0.01899406,-0.02148739,-0.00168077,0.00023171
1996-10-30,-0.01427725,-0.00321355,0.00132115,0.00088457,0.00023171
1996-10-31,-0.01196672,-0.01111138,0.00100957,0.01646195,0.00023171
1996-11-01,-0.00192743,-0.00222450,-0.00375425,0.01204657,0.00023171
1996-11-04,-0.00997740,-0.00882642,0.00286884,-0.00854333,0.00054954
1996-11-05,-0.00988784,0.00276244,0.00191750,-0.00116642,0.00018315
1996-11-06,-0.00275784,-0.00872345,-0.00147189,-0.00166004,0.00018315
1996-11-07,0.00494247,0.00266958,-0.00497860,0.00068991,0.00018315
1996-11-08,0.00564702,-0.00620908,-0.00619700,-0.00109007,0.00018315
1996-11-10,-0.00710050,0.01820203,0.01834516,0.00148609,0.00038116
1996-11-11,0.00149773,-0.00794516,0.00145910,0.00900107,0.00019056
1996-11-13,0.00458649,-0.00400670,-0.01040384,0.01486899,0.00038116
1996-11-14,-0.00253765,-0.00477443,0.00052079,0.00528114,0.00019056
1996-11-15,0.00047984,-0.00279998,0.00084076,0.00617621,0.00019056
1996-11-18,0.00584551,-0.00098641,-0.01135052,-0.00506439,0.00057180
1996-11-19,-0.00963515,0.00711344,-0.00124955,0.00078231,0.00019056
1996-11-20,-0.01199615,0.00024645,0.01062170,0.00228817,0.00019056
1996-11-21,-0.00745812,0.00166121,-0.00340015,-0.00022433,0.00019056
1996-11-22,-0.01533680,0.00783050,0.01124741,-0.00344623,0.00019056
1996-11-25,-0.00226070,-0.01627997,0.00563822,-0.00192109,0.00064474
1996-11-26,-0.00149308,-0.01262113,0.01109562,-0.00028115,0.00021487
1996-11-27,-0.03056394,0.01472084,0.00602956,-0.00696003,0.00021487
1996-11-28,-0.00653573,-0.00209554,0.00743594,0.00006394,0.00021487
1996-11-29,-0.00186352,-0.00300383,-0.00728076,0.01058935,0.00021487
1996-12-02,-0.00965976,-0.00278956,0.00818158,-0.00459994,0.00064474
1996-12-03,-0.01013235,-0.00450094,-0.00079063,0.00191406,0.00021487
1996-12-04,-0.02440617,0.00184739,0.00205489,-0.00733766,0.00021487
1996-12-05,0.01321836,-0.01500647,-0.00241629,-0.00302669,0.00021487
1996-12-06,0.00629019,-0.00786362,0.01673056,-0.01386507,0.00021487
1996-12-09,0.00329378,-0.00843724,0.00479894,0.00094579,0.00063525
1996-12-10,-0.00063597,0.00628264,-0.01247768,-0.01030941,0.00021170
1996-12-11,0.02869271,-0.01806515,0.00263456,0.00601410,0.00021170
1996-12-12,-0.00970684,0.01241875,0.00837593,-0.01642135,0.00021170
1996-12-13,-0.00235231,0.00440014,-0.01334399,0.01289254,0.00021170
1996-12-16,0.02155577,-0.01313560,-0.00360362,0.00001276,0.00064474
1996-12-17,0.00421436,0.00360106,-0.00316268,0.00159506,0.00021487
1996-12-18,0.01233172,-0.01210586,0.01803489,-0.00480899,0.00021487
1996-12-19,0.00349842,0.00228654,0.00384226,-0.00032756,0.00021487
1996-12-20,0.02372704,-0.01146037,0.01339629,-0.00951917,0.00021487
1996-12-23,0.00403182,0.01157913,0.00989859,-0.01710967,0.00064474
1996-12-24,0.00050118,-0.00835518,0.02037451,-0.00700586,0.00021487
1996-12-26,0.02628369,0.01698328,0.01025870,-0.02613481,0.00042978
1996-12-31,-0.01578659,0.02647277,0.02462115,-0.03000435,0.00107480
1997-01-01,0.03790731,-0.00491834,0.02515567,-0.02026212,0.00021487
1997-01-02,-0.00145574,0.02584404,0.01236025,-0.04185744,0.00021487
1997-01-03,0.00371910,-0.00146238,-0.00283003,-0.02350107,0.00021487
1997-01-06,-0.00123303,0.02333324,-0.00510452,-0.03318363,0.00064474
1997-01-07,-0.00258676,0.00832261,0.00411746,-0.03142223,0.00021487
1997-01-08,0.02136624,0.01408046,0.01687435,-0.05996793,0.00021487
1997-01-09,0.01264644,0.00729873,0.00289597,-0.02897006,0.00021487
1997-01-10,0.02350167,0.00585698,0.00256687,-0.02191632,0.00021487
1997-01-13,0.00296240,0.00182944,0.00431128,-0.00381743,0.00064474
1997-01-14,-0.00089402,-0.00467394,0.00054667,-0.00429048,0.00021487
1997-01-15,0.05148694,-0.01340251,0.01025869,0.00496095,0.00021487
1997-01-16,-0.02658612,-0.00044397,0.00530940,-0.00422191,0.00021487
1997-01-17,-0.01326706,-0.02696176,-0.01470536,0.02957642,0.00021487
1997-01-20,-0.02545445,-0.00628361,-0.01502287,0.02155970,0.00064157
1997-01-21,-0.02006052,-0.01342430,-0.01861768,0.01426485,0.00021381
1997-01-22,0.02309456,-0.03569823,0.01123133,0.01363492,0.00021381
1997-01-24,-0.00321939,-0.00879448,-0.01636402,0.01224397,0.00042767
1997-01-27,0.01288948,-0.01497006,-0.00079251,0.00147036,0.00063841
1997-01-28,0.00176898,-0.01801555,0.01039790,0.01238986,0.00021276
1997-01-29,0.00462571,-0.00513188,0.00554721,-0.00360087,0.00021276
1997-01-30,-0.01414842,-0.00313264,0.00258833,0.00854836,0.00021276
1997-01-31,-0.02225490,0.00004793,-0.00883181,0.01525802,0.00021276
1997-02-03,-0.02151133,0.00547081,-0.01265492,0.00439494,0.00059403
1997-02-04,0.00474746,-0.02116314,-0.00421074,0.01977866,0.00019797
1997-02-05,0.00640668,-0.00735013,0.01697944,-0.00490487,0.00019797
1997-02-06,0.00188664,-0.00597942,-0.00288447,0.00289180,0.00019797
1997-02-07,0.00499481,-0.00196824,0.00268914,-0.00354637,0.00019797
1997-02-10,0.00349414,-0.00400822,0.00060795,-0.00388343,0.00061306
1997-02-11,0.00452322,-0.00903253,-0.00237882,0.00320416,0.00020431
1997-02-12,0.00806704,-0.00809370,0.00947146,0.00218931,0.00020431
1997-02-13,-0.00098375,-0.00749430,0.00428010,-0.00204385,0.00020431
1997-02-14,0.00243592,-0.01097158,0.00354939,0.00803035,0.00020431
1997-02-17,-0.00032814,-0.00526733,0.00295860,0.01037703,0.00062891
1997-02-18,-0.01084112,0.00135626,-0.00578275,0.00750405,0.00020959
1997-02-19,0.00802237,-0.01320026,-0.00171801,0.00754844,0.00020959
1997-02-20,-0.01048656,0.00244376,0.00233653,-0.00459328,0.00020959
1997-02-21,-0.00644599,-0.00072174,-0.01010704,0.00536928,0.00020959
1997-02-24,-0.02452306,0.00733721,-0.00614844,0.01007442,0.00062891
1997-02-25,-0.00514606,-0.00991612,0.00729424,0.00674567,0.00020959
1997-02-26,0.00305250,-0.02390260,0.00719447,0.00037073,0.00020959
1997-02-27,0.01702976,-0.00475380,0.00894102,0.01653041,0.00020959
1997-02-28,0.05342318,-0.02405918,0.00174846,0.01099316,0.00020959
1997-03-01,0.04095449,0.01079131,0.01078020,0.00730546,0.00020959
1997-03-03,0.02220161,0.03051890,-0.00081775,-0.01422746,0.00041923
1997-03-04,0.00087589,0.00141804,-0.00212316,0.00480208,0.00020959
1997-03-05,0.02463739,-0.00899191,-0.00608098,0.00155834,0.00020959
1997-03-06,-0.00218168,-0.01020184,-0.00460198,0.00249004,0.00020959
1997-03-10,-0.03943818,-0.00199172,-0.00603995,0.01039009,0.00083863
1997-03-11,-0.01530880,-0.02076822,-0.00255555,0.00441338,0.00020959
1997-03-12,0.01856563,-0.02366242,-0.00436421,0.00415688,0.00020959
1997-03-13,-0.00508844,-0.00389020,-0.00502467,0.01127258,0.00020959
1997-03-14,-0.00282101,-0.00880788,0.00183494,0.01177754,0.00020959
1997-03-17,0.00014065,-0.01280409,-0.01207666,0.01130468,0.00061306
1997-03-18,-0.00401417,-0.00851435,0.00265115,0.00382181,0.00020431
1997-03-19,-0.01003669,-0.00074190,-0.00014602,0.00105527,0.00020431
1997-03-20,0.00198560,-0.00948512,-0.00090550,0.00477387,0.00020431
1997-03-21,0.00617593,-0.00931994,0.00075035,0.00215567,0.00020431
1997-03-25,-0.00455982,-0.00485933,-0.00567244,0.01601588,0.00083863
1997-03-26,-0.00788323,-0.00474879,0.01199765,0.00220705,0.00020959
1997-03-27,-0.00370316,-0.00660520,0.00446401,0.00514822,0.00020959
1997-03-28,-0.00420214,0.00430035,0.00151309,-0.00578284,0.00020959
1997-03-31,-0.06789142,0.01471092,0.00391483,-0.00903758,0.00062891
1997-04-01,0.00004161,-0.01245136,-0.00077156,0.01193150,0.00020959
1997-04-02,0.03284946,-0.00448988,0.00127213,-0.00987694,0.00020959
1997-04-03,0.00880039,-0.00545740,0.01964105,-0.00438215,0.00020959
1997-04-04,-0.00875480,-0.00099774,-0.00570856,0.00358264,0.00020959
1997-04-07,-0.00622123,-0.00469165,-0.00494125,0.00927548,0.00057180
1997-04-09,0.03176836,-0.01433841,-0.00416411,0.00865592,0.00038116
1997-04-10,-0.01488780,0.00738170,-0.00550713,0.00140850,0.00019056
1997-04-11,0.00399812,-0.00867335,-0.00656644,0.00817043,0.00019056
1997-04-12,-0.00938855,0.00844704,0.00929288,0.00020664,0.00017147
1997-04-15,0.00176602,0.00025448,-0.01138319,0.01264876,0.00051451
1997-04-17,0.01524486,-0.00673631,-0.01035527,0.00264974,0.00034298
1997-04-21,0.01707250,-0.00869537,-0.00571414,0.00267532,0.00062858
1997-04-22,0.00749181,-0.01808505,0.00391075,0.01125044,0.00015232
1997-04-23,0.01147622,-0.00628434,-0.01224912,0.01397032,0.00015232
1997-04-24,-0.00438002,0.00078676,-0.00484351,0.00875714,0.00015232
1997-04-25,-0.00027473,-0.00810861,-0.00252414,0.00278034,0.00015232
1997-04-28,0.00107917,-0.00735506,0.00094148,-0.00433263,0.00049537
1997-04-29,-0.00950571,-0.00527287,-0.00607948,-0.00176206,0.00016510
1997-04-30,0.01615901,0.00427951,-0.01238800,-0.00363020,0.00016510
1997-05-02,-0.00368405,-0.00363229,-0.00768018,0.01457498,0.00033022
1997-05-05,-0.01506606,0.00258405,-0.01264561,0.00584008,0.00049537
1997-05-06,-0.00490875,-0.00198276,-0.01563743,0.00738040,0.00016510
1997-05-07,0.00584219,-0.00087253,-0.00237880,0.00212123,0.00016510
1997-05-08,0.01190817,-0.00349586,0.00723239,-0.00059285,0.00016510
1997-05-09,0.00020160,-0.00504276,0.00799978,0.01218501,0.00016510
1997-05-12,-0.00268525,-0.00021752,0.00012879,0.01164208,0.00049537
1997-05-13,-0.01122414,0.00057239,0.00086146,0.00285522,0.00016510
1997-05-14,0.01253301,-0.01137640,-0.00210383,0.00413806,0.00016510
1997-05-15,0.00248717,0.00053655,-0.00038413,0.00259426,0.00016510
1997-05-16,0.00300692,-0.00217193,-0.00019956,0.00252402,0.00016510
1997-05-19,-0.00128143,-0.00685335,-0.01097605,0.00203251,0.00053681
1997-05-20,-0.00208379,-0.00126963,-0.01242784,0.00072614,0.00017890
1997-05-21,-0.00422570,0.00107905,-0.00098847,-0.00209864,0.00017890
1997-05-22,-0.00413455,-0.00437559,-0.00047198,-0.00456112,0.00017890
1997-05-23,-0.00412390,-0.00727766,-0.00238211,0.00377695,0.00017890
1997-05-26,-0.00559435,0.00451840,-0.01610299,0.00600360,0.00053681
1997-05-27,-0.00805881,0.00408007,-0.01264593,0.00797474,0.00017890
1997-05-28,-0.00064373,0.00056244,-0.00797155,0.01189493,0.00017890
1997-05-29,0.00849187,-0.01429935,-0.00201208,0.00868754,0.00017890
1997-05-30,0.00842369,-0.00880682,-0.00157994,0.01159147,0.00017890
1997-06-02,0.00940508,0.00023487,-0.00674127,0.00664517,0.00053681
1997-06-03,0.00814497,-0.00794087,-0.00101720,0.00186273,0.00017890
1997-06-04,0.00507769,-0.00254061,-0.00281677,-0.00046921,0.00017890
1997-06-05,0.00625801,-0.00437763,-0.00452313,-0.00370263,0.00017890
1997-06-06,0.00115410,-0.00353925,-0.01106769,0.00443396,0.00017890
1997-06-09,-0.00371597,-0.00637006,0.00319687,0.00180828,0.00053681
1997-06-10,0.00222166,-0.01263552,0.01210733,0.00578234,0.00017890
1997-06-11,0.02315560,-0.01277702,0.00030937,0.01537879,0.00017890
1997-06-12,0.01285998,-0.00254476,-0.00335691,-0.00337035,0.00017890
1997-06-13,0.00837647,-0.00076787,0.00009717,-0.00887308,0.00017890
1997-06-16,-0.00457540,-0.00213987,-0.01244720,-0.00564152,0.00055590
1997-06-17,-0.00587968,-0.00547539,0.01600268,-0.00352238,0.00018527
1997-06-18,0.01601293,-0.00120365,0.00462818,-0.00318116,0.00018527
1997-06-19,0.00134419,-0.00192962,-0.01438710,0.00357543,0.00018527
1997-06-20,-0.00025707,-0.00230595,-0.00288647,-0.00349782,0.00018527
1997-06-23,0.00737192,-0.00599530,-0.01311032,0.01076238,0.00055590
1997-06-24,0.00482197,-0.00568997,-0.00975147,0.00502416,0.00018527
1997-06-25,0.01191134,-0.00535100,-0.00440812,0.00495237,0.00018527
1997-06-26,0.00403204,-0.00924987,0.00580925,0.00048318,0.00018527
1997-06-27,-0.00017918,-0.00204281,-0.00510041,-0.00514056,0.00018527
1997-06-30,0.01004208,-0.00764084,-0.00881907,0.00782414,0.00055590
1997-07-01,-0.00368294,0.01752712,-0.00708924,-0.00091986,0.00018527
1997-07-02,0.02008038,-0.01294671,0.00716435,-0.00332261,0.00018527
1997-07-03,-0.01103938,-0.00303874,0.01627264,-0.01664613,0.00018527
1997-07-04,-0.00039734,0.00342925,0.00295678,-0.00807735,0.00018527
1997-07-07,0.00333253,0.01031589,-0.00536335,-0.00833691,0.00055272
1997-07-08,-0.00182459,-0.00060655,0.00142171,-0.00810489,0.00018421
1997-07-09,0.03017495,0.00904019,-0.00937530,-0.00711232,0.00018421
1997-07-10,0.00940437,0.01607263,0.01473894,-0.02846098,0.00018421
1997-07-11,-0.01507739,0.01430129,0.00969610,-0.02203169,0.00018421
1997-07-14,-0.01610752,0.01173975,-0.01740716,0.00071856,0.00054317
1997-07-15,-0.00794616,-0.00103276,0.00157632,-0.00623419,0.00018103
1997-07-16,0.00367521,0.00167506,0.00816058,-0.00962652,0.00018103
1997-07-17,-0.00243398,0.00073110,-0.00389740,0.00617350,0.00018103
1997-07-18,-0.01384023,0.01362856,0.00833660,0.00555299,0.00018103
1997-07-21,-0.01357396,0.00707384,-0.00802438,0.01566480,0.00053681
1997-07-22,0.01168395,-0.00645711,0.00841282,0.00766582,0.00017890
1997-07-23,0.02499187,-0.01477660,0.02574125,0.00018429,0.00017890
1997-07-24,-0.00008879,-0.00475393,0.02788361,-0.01053276,0.00017890
1997-07-25,-0.00791986,0.00033611,0.00528927,0.00268921,0.00017890
1997-07-28,-0.00682965,0.00097306,0.00453148,0.00268557,0.00053362
1997-07-29,0.00479563,0.00098804,0.01201087,0.00882001,0.00017784
1997-07-30,0.01112775,0.01708721,0.03084488,-0.01178043,0.00017784
1997-07-31,0.01542421,0.01185623,0.02174586,-0.01866290,0.00017784
1997-08-01,0.00795222,0.01046870,0.00557597,-0.01592446,0.00017784
1997-08-04,0.01293392,0.00983192,0.01402126,-0.01127210,0.00053044
1997-08-05,0.02213446,-0.00470370,-0.00244332,-0.01423111,0.00017678
1997-08-06,0.01210163,-0.00581124,-0.00401829,-0.00464141,0.00017678
1997-08-07,-0.00708997,0.02192781,-0.00490335,-0.00746437,0.00017678
1997-08-08,-0.01218697,-0.01520003,-0.00015537,0.00474439,0.00017678
1997-08-11,-0.00126993,-0.01201493,0.00009214,0.00977531,0.00052938
1997-08-12,-0.00555758,-0.00344420,0.00193665,0.00478012,0.00017572
1997-08-13,-0.00270274,-0.00356839,-0.01076667,0.01049715,0.00017572
1997-08-14,-0.01212943,-0.00482527,0.00485438,0.00856886,0.00017572
1997-08-18,-0.01809149,0.00365357,-0.00241459,0.00584252,0.00069988
1997-08-19,-0.01953585,-0.00061916,0.00331201,-0.00020006,0.00017466
1997-08-20,0.01955538,-0.00502810,-0.00232348,0.00549871,0.00017466
1997-08-21,-0.00942674,0.01358746,-0.00983979,-0.00171768,0.00017466
1997-08-22,-0.01882210,0.00288018,-0.00249458,-0.00531936,0.00017466
1997-08-25,-0.02203753,0.00256562,0.00356899,0.00741458,0.00052407
1997-08-26,0.00708717,-0.00042858,-0.01714263,-0.00150572,0.00017466
1997-08-27,0.00931835,-0.00815260,0.00881822,0.00741977,0.00017466
1997-08-28,-0.02882320,0.00867515,0.00355228,-0.00438484,0.00017466
1997-08-29,-0.02811313,0.00673582,0.00155065,-0.00585197,0.00017466
1997-09-01,-0.00281638,0.00356965,-0.01467608,0.00122788,0.00052407
1997-09-02,-0.00515735,-0.01087519,0.00928608,0.00853952,0.00017466
1997-09-03,0.01839332,-0.00692095,0.00479628,0.00488545,0.00017466
1997-09-04,0.00229999,-0.00493684,-0.00448737,0.00290576,0.00017466
1997-09-05,0.00809842,-0.01227584,0.00819831,0.00383631,0.00017466
1997-09-08,0.00910948,-0.01546893,-0.00226972,0.01169117,0.00052407
1997-09-09,0.00083484,0.00228115,-0.00857179,0.00743861,0.00017466
1997-09-10,-0.00379658,-0.00216642,-0.00140298,-0.00170596,0.00017466
1997-09-11,-0.00273489,0.00055085,-0.00330693,-0.00195174,0.00017466
1997-09-12,-0.00526024,-0.00373000,-0.01151070,0.00526755,0.00017466
1997-09-15,-0.00711989,-0.00677154,-0.00171533,0.00493042,0.00054636
1997-09-16,-0.00537307,-0.01478265,0.01464438,0.01117149,0.00018209
1997-09-17,0.00035172,-0.00177639,-0.00505778,-0.00088838,0.00018209
1997-09-18,-0.01347337,0.00297947,0.00024094,-0.00041827,0.00018209
1997-09-19,0.00228266,-0.01577396,0.00740201,0.01374830,0.00018209
1997-09-22,-0.02445814,-0.00327520,0.00224479,-0.00165728,0.00054636
1997-09-23,-0.00496014,0.00056691,-0.00740580,0.00858914,0.00018209
1997-09-24,0.01030393,-0.01484823,0.00535501,0.01201462,0.00018209
1997-09-25,0.00141525,0.00370581,-0.00509363,0.01283371,0.00018209
1997-09-26,0.00445133,-0.00308194,0.00254902,0.01542927,0.00018209
1997-09-29,0.00355676,0.00373093,-0.00347321,0.01412850,0.00054636
1997-09-30,-0.00288058,-0.00041090,-0.00848172,0.00687612,0.00018209
1997-10-01,-0.00192480,-0.00191883,-0.00552728,0.01390302,0.00018209
1997-10-03,-0.01197581,-0.00672785,-0.00232123,-0.00109482,0.00036421
1997-10-06,-0.00105082,0.00186265,-0.00797879,-0.00372451,0.00054636
1997-10-07,0.01125190,-0.01595259,0.01055657,0.00068459,0.00018209
1997-10-08,0.00445824,0.00291995,-0.00986350,-0.00201795,0.00018209
1997-10-09,0.00904317,-0.00816431,-0.01622971,0.00171455,0.00018209
1997-10-10,0.01552688,-0.01334112,0.00509929,0.01007385,0.00018209
1997-10-13,-0.00286144,-0.00236192,-0.00855234,0.00725166,0.00054636
1997-10-14,-0.01421994,0.00824478,-0.01271578,-0.00088070,0.00018209
1997-10-15,0.00956697,-0.01368927,0.00234242,0.00629506,0.00018209
1997-10-16,0.00940064,-0.00760887,0.00371359,0.00596013,0.00018209
1997-10-17,0.00817832,-0.00365665,-0.00027066,0.01250479,0.00018209
1997-10-20,0.00139009,-0.00864467,-0.00321220,0.00119001,0.00054636
1997-10-21,-0.01103756,0.01513259,-0.00618174,0.00521208,0.00018209
1997-10-22,-0.00069662,-0.00546250,-0.00665757,0.00056190,0.00018209
1997-10-23,-0.00933338,0.00312830,-0.00378718,0.00149627,0.00018209
1997-10-24,-0.01218862,0.00402819,0.00171416,0.00404836,0.00018209
1997-10-27,-0.01617659,0.00905389,-0.00520069,0.00155601,0.00049537
1997-10-28,-0.06596238,0.02677587,-0.00050511,-0.02144889,0.00016510
1997-10-29,0.05843258,-0.02231194,-0.00407342,0.02001631,0.00016510
1997-10-30,-0.01130355,0.00649159,0.02325870,-0.02256660,0.00016510
1997-11-03,-0.00802126,0.00322631,-0.01281521,-0.03904683,0.00066054
1997-11-04,-0.00491905,0.00417967,-0.00145267,0.01465518,0.00016510
1997-11-05,-0.00408126,-0.00740617,0.00097945,0.03138298,0.00016510
1997-11-06,-0.00967516,-0.00275098,0.00262622,0.00746850,0.00016510
1997-11-07,-0.00383280,-0.00084596,-0.00381762,-0.00052579,0.00016510
1997-11-10,-0.00409709,0.00913459,-0.01968824,-0.00004230,0.00049537
1997-11-11,0.00225012,-0.00028205,-0.01117401,-0.00262384,0.00016510
1997-11-12,-0.01771160,0.01210415,-0.00933056,-0.00455117,0.00016510
1997-11-13,-0.01593891,0.01090680,-0.00839016,0.00350757,0.00016510
1997-11-14,-0.00158796,-0.00869552,-0.00150213,0.01566874,0.00016510
1997-11-17,-0.00060407,-0.01118721,-0.00235784,0.01667315,0.00049537
1997-11-18,-0.00787253,0.00166405,0.00107976,0.00159087,0.00016510
1997-11-19,-0.01454118,-0.00357499,0.00337813,-0.00280332,0.00016510
1997-11-20,0.00265546,-0.00657806,-0.00384994,-0.00291131,0.00016510
1997-11-21,0.01110459,-0.00226348,-0.00782822,0.01093706,0.00016510
1997-11-24,-0.01189298,0.01535618,-0.01870301,0.01117569,0.00049537
1997-11-25,0.01447227,-0.01659149,0.00610113,0.01633629,0.00016510
1997-11-26,0.00858937,-0.00692105,0.00778888,-0.00061828,0.00016510
1997-11-27,0.01627945,0.00557895,-0.00966670,-0.00016186,0.00016510
1997-11-28,-0.01612858,0.01457861,-0.01054432,0.00467127,0.00016510
1997-12-01,-0.00157042,-0.00097127,-0.00892430,0.01048448,0.00049537
1997-12-02,-0.01397420,0.00507636,0.00408851,0.04936393,0.00016510
1997-12-03,0.00608693,0.00170714,-0.00022438,-0.05857012,0.00016510
1997-12-04,-0.01985188,0.00226416,0.00243194,-0.00332420,0.00016510
1997-12-05,-0.00233269,-0.00552109,0.00616125,-0.00127062,0.00016510
1997-12-08,-0.00123490,0.00035946,-0.00841462,0.01159060,0.00057180
1997-12-09,-0.01804234,-0.00147221,0.00345624,0.00075399,0.00019056
1997-12-10,-0.00291172,0.00099485,-0.00017236,0.01128417,0.00019056
1997-12-11,-0.00652841,-0.00407103,0.00189518,-0.03183673,0.00019056
1997-12-12,-0.00690258,0.01402309,-0.00503095,-0.00451678,0.00019056
1997-12-15,0.00775351,-0.00566945,0.00227983,0.00493285,0.00057180
1997-12-16,0.01128009,-0.00136180,-0.00600391,0.01808715,0.00019056
1997-12-17,0.01277786,-0.00742815,-0.00306360,0.02326093,0.00019056
1997-12-18,-0.00085507,0.00665897,-0.00142725,-0.01028896,0.00019056
1997-12-19,0.01098127,-0.00037812,-0.01088201,0.00189792,0.00019056
1997-12-22,0.01368142,-0.00170057,-0.00333255,-0.00917966,0.00057180
1997-12-23,-0.00587046,0.00412112,0.00107466,0.00608529,0.00019056
1997-12-24,0.00756721,0.00077015,-0.00447793,0.00096285,0.00019056
1997-12-26,0.00131017,-0.00248598,0.00093252,-0.02347960,0.00038116
1997-12-29,0.00932201,-0.00453976,0.01210390,-0.03651549,0.00057180
1997-12-30,-0.01802356,0.00340224,0.01896053,-0.00848837,0.00019056
1997-12-31,0.01762127,-0.01318112,0.00673136,-0.00220875,0.00019056
1998-01-01,0.01146401,-0.01204583,0.03232132,-0.01926430,0.00019056
1998-01-02,0.00740239,0.00618429,0.01485943,-0.00748959,0.00019056
1998-01-05,0.01002420,0.01378924,0.01842275,-0.02398263,0.00057180
1998-01-06,-0.01244282,0.00510671,0.00056823,-0.01776807,0.00019056
1998-01-07,0.00600117,0.00173407,0.01136195,-0.03743134,0.00019056
1998-01-08,-0.02235796,0.01602019,-0.01990718,0.01003325,0.00019056
1998-01-09,-0.02670149,-0.00100379,-0.01480923,0.01002390,0.00019056
1998-01-12,-0.04103700,0.00208348,-0.00092298,0.02344313,0.00057180
1998-01-13,-0.00092564,-0.01183353,0.00979910,-0.00908301,0.00019056
1998-01-14,0.00259880,0.00314412,0.00846604,-0.02202590,0.00019056
1998-01-15,-0.00996605,0.00566044,-0.00708908,0.00887172,0.00019056
1998-01-16,0.00327418,0.00104030,0.00006324,0.00836897,0.00019056
1998-01-19,0.00482985,-0.00536402,-0.00570005,-0.00091433,0.00057180
1998-01-20,-0.00685211,0.00033457,-0.00391311,-0.02272111,0.00019056
1998-01-21,0.00647207,-0.00625850,0.00128243,-0.00233022,0.00019056
1998-01-22,-0.01694442,0.00946041,-0.00770012,0.00411651,0.00019056
1998-01-23,-0.01314534,0.00104000,-0.00600853,-0.04069465,0.00019056
1998-01-27,-0.01581809,-0.00824825,0.00072338,0.03287563,0.00077518
1998-01-28,-0.01258053,-0.00068346,0.00779484,-0.01202148,0.00019374
1998-01-29,-0.01259103,0.00337378,0.00483108,0.00349438,0.00019374
1998-01-30,0.01605485,-0.00528076,0.00628916,-0.00822247,0.00019374
1998-02-02,0.01180926,0.00126645,-0.02231466,-0.00232708,0.00058133
1998-02-03,-0.00320418,0.00119502,-0.01156794,0.00741914,0.00019374
1998-02-04,-0.00488858,0.00526576,0.00210447,0.02109957,0.00019374
1998-02-05,0.00345129,-0.00823272,-0.01181614,0.00968104,0.00019374
1998-02-06,0.00435427,0.00357045,-0.01303153,0.01717101,0.00019374
1998-02-09,-0.00651931,-0.00284406,-0.01573377,-0.00056318,0.00058133
1998-02-10,-0.01443883,-0.00165966,0.00033772,0.00996523,0.00019374
1998-02-11,0.00051699,-0.00786369,-0.00399352,0.00275480,0.00019374
1998-02-12,-0.00468293,-0.01456819,0.01443494,0.00717286,0.00019374
1998-02-13,0.01040636,-0.00998932,0.00020729,0.00273498,0.00019374
1998-02-16,0.02220556,-0.00108023,-0.00912795,-0.00432254,0.00058133
1998-02-17,0.01370704,0.00451086,-0.01667093,0.00536633,0.00019374
1998-02-18,0.00098522,0.00362986,-0.01118080,0.00379338,0.00019374
1998-02-19,0.00669774,-0.00265949,-0.00271654,0.00733861,0.00019374
1998-02-20,-0.00208509,-0.00828947,0.00743142,-0.00273177,0.00019374
1998-02-23,0.01115728,-0.01429118,-0.00752299,0.00715453,0.00058133
1998-02-24,0.01035061,-0.00712422,-0.00044912,0.00348664,0.00019374
1998-02-25,0.02608059,0.00418244,0.00685544,-0.01477109,0.00019374
1998-02-26,0.00591540,-0.00489432,0.00186045,-0.00848559,0.00019374
1998-02-27,0.01267499,-0.01328069,0.03426936,-0.00919567,0.00019374
1998-03-02,0.02747822,-0.01104412,0.01032971,-0.01967774,0.00058133
1998-03-03,-0.03912365,0.01836249,-0.01503763,-0.01027000,0.00019374
1998-03-04,0.02978981,-0.01744579,0.00658324,-0.02065059,0.00019374
1998-03-05,-0.00688555,0.01326131,-0.00558971,0.01387550,0.00019374
1998-03-06,-0.00399403,0.00641789,-0.00410584,-0.01006674,0.00019374
1998-03-09,0.01879839,-0.00773939,0.00200000,-0.03324500,0.00058133
1998-03-10,-0.01638011,0.00271306,0.01485290,-0.01695074,0.00019374
1998-03-11,0.00036785,0.01028400,-0.01040567,0.00062620,0.00019374
1998-03-12,-0.00306744,0.00094125,0.00484783,-0.04270159,0.00019374
1998-03-16,0.01241941,-0.01952748,0.01979736,-0.02731714,0.00077518
1998-03-17,-0.01333452,-0.00561192,0.00596496,-0.00223452,0.00019374
1998-03-18,0.02154893,-0.01840023,0.03369349,-0.00442776,0.00019374
1998-03-19,0.00107711,0.00982032,-0.00131763,0.00486321,0.00019374
1998-03-20,0.00281216,-0.00663617,-0.00447414,0.00301458,0.00019374
1998-03-23,0.01391569,0.00791055,0.00500900,-0.02185646,0.00058133
1998-03-24,0.00342408,0.01068901,-0.00010302,-0.00365939,0.00019374
1998-03-25,0.02923094,-0.00099578,0.00131939,0.00054750,0.00019374
1998-03-26,-0.00928983,0.01899765,-0.01716641,-0.02173131,0.00019374
1998-03-27,0.01154329,-0.00403875,-0.00157831,0.01141117,0.00019374
1998-03-30,-0.01325622,0.01723537,-0.00493161,-0.00163251,0.00058133
1998-03-31,-0.00242433,0.00147404,-0.01117767,-0.00249424,0.00019374
1998-04-01,0.02539075,0.00242608,0.00946705,-0.01295568,0.00019374
1998-04-02,-0.00059623,0.01290526,-0.00273501,-0.00742574,0.00019374
1998-04-03,0.00987583,-0.00936555,0.00224887,-0.02384412,0.00019374
1998-04-06,0.00938056,-0.01678112,0.03194100,-0.03510299,0.00058133
1998-04-07,0.00721567,-0.00983905,0.02636210,-0.00520222,0.00019374
1998-04-08,0.00628555,0.01439815,-0.00316146,-0.00505496,0.00019374
1998-04-09,0.04792686,0.01136508,0.01332270,-0.02967880,0.00019374
1998-04-10,-0.00197605,0.02182419,0.05702306,-0.02471605,0.00019374
1998-04-13,-0.02749708,0.01351605,0.05021692,-0.01577651,0.00058133
1998-04-15,0.04973752,0.03019094,0.04908180,-0.03783646,0.00038752
1998-04-16,-0.00891820,0.03795635,-0.00130714,-0.00397442,0.00019374
1998-04-17,0.00174377,-0.01593930,-0.01141488,0.00290777,0.00019374
1998-04-20,-0.00392581,-0.00934065,-0.03559881,0.02074614,0.00058133
1998-04-21,0.00547142,-0.01017945,-0.01245926,0.01015266,0.00019374
1998-04-22,-0.00086621,0.00336413,-0.01753498,0.00518720,0.00019374
1998-04-23,-0.02502104,-0.00730231,-0.01913225,0.01557409,0.00019374
1998-04-24,-0.01612465,-0.01060564,-0.00896108,0.01610496,0.00019374
1998-04-27,-0.00623063,-0.00342865,-0.00718365,0.00319021,0.00058133
1998-04-28,-0.02237679,-0.00134107,0.00941571,0.01039932,0.00019374
1998-04-29,0.00607390,0.00285289,-0.01663578,0.01121643,0.00019374
1998-04-30,0.01192291,-0.00927933,-0.01058995,0.00490691,0.00019374
1998-05-04,0.02468399,-0.02217544,0.02954982,0.01265201,0.00077518
1998-05-05,0.00601123,-0.00531240,0.00469207,-0.01110777,0.00019374
1998-05-06,-0.00781534,0.00857554,-0.00627454,-0.00436884,0.00019374
1998-05-08,-0.00879983,-0.00823608,-0.00315947,0.00776149,0.00038752
1998-05-11,-0.00141221,-0.00491981,0.00471734,0.00395957,0.00056862
1998-05-12,-0.02629247,0.00474565,-0.01634216,-0.01056227,0.00018950
1998-05-13,-0.03275107,0.00979465,-0.00650943,-0.01221257,0.00018950
1998-05-14,0.02202810,-0.02240578,0.00882938,0.00863937,0.00018950
1998-05-15,-0.00030290,-0.00060733,0.01921216,0.00431576,0.00018950
1998-05-18,0.01367288,-0.00145336,0.00260681,0.00743727,0.00058133
1998-05-19,0.00257576,-0.01257157,0.03460984,0.01169046,0.00019374
1998-05-20,0.02596997,0.00862441,0.02306534,0.00845799,0.00019374
1998-05-21,-0.01461771,0.02583355,-0.03023348,0.00592698,0.00019374
1998-05-22,-0.00180830,0.00438085,-0.00751335,0.00879946,0.00019374
1998-05-25,-0.00263846,0.00525037,0.00216161,0.00859213,0.00058133
1998-05-26,-0.01403559,0.01446000,-0.00879153,0.00150279,0.00019374
1998-05-27,-0.00080684,0.00303671,0.02218932,-0.00422266,0.00019374
1998-05-28,-0.00602171,0.00516815,-0.00908199,-0.00140379,0.00019374
1998-05-29,-0.00755548,-0.02085904,0.03273403,-0.00904965,0.00019374
1998-06-01,-0.00594222,0.02363904,-0.00376721,-0.00390387,0.00058133
1998-06-02,-0.04223489,0.00019697,-0.01885950,-0.01024787,0.00019374
1998-06-03,0.01632913,-0.02654146,-0.00004514,0.00947894,0.00019374
1998-06-04,-0.00400454,0.00521922,-0.00154514,-0.00261640,0.00019374
1998-06-05,-0.04100413,0.01369107,-0.03457312,-0.02360220,0.00019374
1998-06-08,-0.03935628,-0.00668195,-0.02203732,-0.01208843,0.00058133
1998-06-09,0.01857146,-0.00318502,-0.02534669,0.02253600,0.00019374
1998-06-10,-0.02757911,-0.00278376,0.01473635,-0.01360109,0.00019374
1998-06-11,-0.00697206,0.00709014,-0.01623443,0.00129867,0.00019374
1998-06-12,0.01148944,-0.00229157,-0.00863188,0.00748812,0.00019374
1998-06-15,-0.05376771,0.02108024,-0.01398010,-0.02760006,0.00058133
1998-06-16,-0.01939668,-0.00399832,-0.00634122,-0.00477794,0.00019374
1998-06-17,0.06598713,-0.03589407,0.01460081,0.00708876,0.00019374
1998-06-18,-0.01907510,0.00975592,-0.00534341,-0.00932675,0.00019374
1998-06-19,-0.04414864,0.00034812,0.00233899,0.00079514,0.00019374
1998-06-22,-0.03559406,-0.01375991,-0.00126285,-0.00549999,0.00058133
1998-06-23,-0.01251737,0.00198872,-0.00567426,0.01323522,0.00019374
1998-06-24,0.04049568,0.00121802,0.00122090,0.01916325,0.00019374
1998-06-25,0.02273383,0.02043675,-0.00353395,0.02133347,0.00019374
1998-06-26,-0.00064034,-0.00578255,-0.00895321,0.00435490,0.00019374
1998-06-29,0.01634800,0.00773863,-0.02006788,0.03177540,0.00058133
1998-06-30,-0.01570231,0.00203760,0.00967166,-0.00637828,0.00019374
1998-07-01,0.00356669,0.00204979,-0.02315703,0.01202094,0.00019374
1998-07-02,-0.02077368,0.01051430,0.00525170,-0.00925267,0.00019374
1998-07-03,-0.02424956,-0.00025653,0.00237932,0.00249756,0.00019374
1998-07-06,0.01633195,-0.00908193,-0.00020794,0.00481043,0.00058133
1998-07-07,0.00801785,0.01001122,-0.00369608,0.00459754,0.00019374
1998-07-08,0.02501628,0.01269706,-0.00812432,0.00140561,0.00019374
1998-07-09,0.01075933,-0.00240531,-0.00470097,-0.00937565,0.00019374
1998-07-10,0.01086751,0.00616682,-0.00708851,0.00247848,0.00019374
1998-07-13,-0.00949730,0.00515406,0.00432297,-0.00529626,0.00061306
1998-07-14,-0.00050878,-0.01198176,-0.00156978,0.01337350,0.00020431
1998-07-15,0.00408957,0.00198088,0.00377165,-0.00553573,0.00020431
1998-07-16,0.02868975,-0.00117066,-0.01607428,0.01956185,0.00020431
1998-07-17,-0.00270384,0.00846256,-0.01806792,0.01517786,0.00020431
1998-07-20,-0.02078678,-0.00153173,-0.00454333,0.01535812,0.00061306
1998-07-21,-0.01546702,-0.00166466,0.00539889,0.00988740,0.00020431
1998-07-22,0.00681104,0.01371562,-0.01061423,-0.00130356,0.00020431
1998-07-23,-0.02828062,0.00456533,-0.00792894,-0.00525533,0.00020431
1998-07-24,-0.01252089,0.00106806,-0.01355105,0.00536464,0.00020431
1998-07-27,-0.01769031,-0.01183055,0.00813491,0.01622215,0.00061306
1998-07-28,0.01737308,0.01194979,-0.02405202,0.01303196,0.00020431
1998-07-29,0.02693474,-0.00751448,0.00081659,0.01809379,0.00020431
1998-07-30,-0.00692662,0.00224718,0.00812065,-0.00772358,0.00020431
1998-07-31,-0.00240144,0.00008545,-0.01167778,0.00427418,0.00020431
1998-08-03,-0.02195626,0.00518564,-0.01204258,-0.00323441,0.00060989
1998-08-04,-0.00295689,-0.00142162,0.00144953,0.00277907,0.00020326
1998-08-05,0.00972175,-0.00833311,0.01011949,-0.04230452,0.00020326
1998-08-06,-0.00078816,-0.00035642,0.00377466,-0.01251215,0.00020326
1998-08-07,-0.00003120,-0.00737576,0.01043709,-0.00956394,0.00020326
1998-08-10,-0.01013799,0.00909855,-0.00801295,0.00403385,0.00059403
1998-08-11,-0.01288431,-0.00564155,0.00106330,0.00896441,0.00019797
1998-08-12,-0.00654375,0.00235727,0.00795084,0.00058138,0.00019797
1998-08-13,0.01166003,-0.00296804,0.00772287,-0.00457447,0.00019797
1998-08-14,-0.00554281,0.00872908,0.01382995,0.00218194,0.00019797
1998-08-17,-0.00450507,0.00219900,-0.00653472,0.00522250,0.00060038
1998-08-18,-0.02045202,-0.00030325,0.00478064,-0.00790637,0.00020431
1998-08-19,0.00869772,0.00046974,0.01978568,0.00003723,0.00020431
1998-08-20,0.02891287,0.00946418,0.02013987,-0.00112080,0.00020431
1998-08-21,-0.00816992,-0.00670359,0.00911149,-0.00219671,0.00020431
1998-08-24,0.00737698,0.00078955,-0.00745839,0.00698343,0.00061940
1998-08-25,0.01555294,0.00735280,-0.00503494,0.01010993,0.00021065
1998-08-27,0.00875861,0.03320441,-0.01843770,-0.00559487,0.00042134
1998-08-28,-0.02708209,0.00791491,0.01585397,0.00148653,0.00021065
1998-08-31,-0.00412944,0.01065523,-0.00401267,0.00567214,0.00063207
1998-09-01,-0.02254962,0.00546231,-0.00329957,0.00497582,0.00021065
1998-09-02,0.00974970,-0.00209084,0.01691661,0.00312546,0.00021065
1998-09-03,0.00002892,-0.00250792,-0.00600694,0.00659381,0.00021065
1998-09-04,0.01358673,-0.01334663,0.00546621,-0.01153290,0.00021065
1998-09-07,0.01622860,-0.01066206,0.00364473,-0.02867423,0.00063207
1998-09-08,0.00934496,-0.00480379,-0.00063544,-0.00171852,0.00021065
1998-09-09,0.00809716,0.00797714,0.00292153,-0.01454566,0.00021065
1998-09-10,-0.00076818,-0.00911492,0.00061483,-0.01043528,0.00021065
1998-09-11,-0.01010621,0.00806921,0.00035882,-0.00452676,0.00021065
1998-09-14,0.01678645,-0.00931153,-0.01005023,-0.01460485,0.00070792
1998-09-15,0.00213397,-0.00374252,-0.00850956,-0.00063048,0.00023592
1998-09-16,0.00313043,-0.00029774,0.00057950,-0.01137019,0.00023592
1998-09-17,-0.00404022,0.00379573,0.00263784,-0.01384847,0.00023592
1998-09-18,-0.00489808,-0.00601740,0.00922243,-0.00700787,0.00023592
1998-09-21,-0.00016052,0.00341208,-0.00009309,0.00479015,0.00070792
1998-09-22,-0.00439057,0.00064610,-0.00007746,0.01244466,0.00023592
1998-09-23,0.01387903,0.01094618,-0.00129495,0.00052481,0.00023592
1998-09-24,0.02223293,-0.00530204,-0.00879261,-0.00972293,0.00023592
1998-09-25,-0.00154531,-0.00160013,0.00340824,-0.00407743,0.00023592
1998-09-28,-0.00267642,-0.00033710,-0.01396627,0.00405332,0.00070792
1998-09-29,-0.01891280,0.01255376,-0.00213233,0.00289857,0.00023592
1998-09-30,-0.00047762,0.00203069,-0.00304783,0.00051670,0.00023592
1998-10-05,-0.06449102,0.01462373,-0.00793341,0.00129803,0.00117744
1998-10-06,0.01127214,-0.00963020,0.00266039,-0.00078140,0.00023502
1998-10-07,0.03194107,0.00459556,-0.01521857,0.01768408,0.00023502
1998-10-08,-0.02230389,0.00562233,-0.00017543,0.00933308,0.00023502
1998-10-09,0.00273008,-0.00249190,-0.01426391,0.00090941,0.00023502
1998-10-12,-0.01589965,-0.00027155,-0.01054252,0.00299025,0.00070522
1998-10-13,-0.02038142,-0.00559819,0.00158998,-0.00495224,0.00023502
1998-10-14,0.01855935,0.00250762,-0.00617984,0.00859553,0.00023502
1998-10-15,-0.00407238,0.00133951,-0.00424662,-0.00088721,0.00023502
1998-10-16,-0.00094192,-0.01573389,0.01496675,-0.00094674,0.00023502
1998-10-19,-0.00935324,0.01374782,0.01569603,-0.00823829,0.00078659
1998-10-20,-0.02338435,-0.01877277,0.00293458,-0.00110696,0.00026213
1998-10-22,0.00373755,0.00192591,-0.01662248,0.00507509,0.00052432
1998-10-23,0.00411834,0.01405691,-0.00171865,0.00211837,0.00026213
1998-10-26,0.03565164,0.00226813,0.04712088,-0.02108569,0.00078659
1998-10-27,-0.00415726,0.00615865,0.00108099,-0.00521420,0.00026213
1998-10-28,-0.00658879,0.00690795,-0.00196110,0.00754281,0.00026213
1998-10-29,-0.00453995,0.00147031,-0.01239787,-0.00031219,0.00026213
1998-10-30,-0.00492590,0.00359476,0.00240830,-0.00121253,0.00026213
1998-10-31,-0.00555519,0.00548490,0.01712602,-0.00280271,0.00026108
1998-11-02,-0.00438654,-0.00276916,-0.01536863,0.00114170,0.00052223
1998-11-03,-0.00604891,-0.00610539,0.00209482,-0.00143988,0.00026108
1998-11-05,0.00649376,-0.00157527,0.00980421,-0.00538545,0.00052223
1998-11-06,0.00783850,-0.00639968,0.01175985,-0.00307933,0.00026108
1998-11-09,0.01980232,0.00376539,0.00144612,-0.01783042,0.00074572
1998-11-10,0.00235149,-0.00624218,-0.00224043,-0.00280882,0.00024851
1998-11-11,0.00117810,0.01059706,0.00322226,-0.00384410,0.00024851
1998-11-12,0.00046540,-0.01217430,-0.00495829,-0.00705028,0.00024851
1998-11-13,-0.00162010,-0.00314120,0.01132018,-0.00751214,0.00024851
1998-11-16,-0.01044540,0.01742734,-0.00227721,-0.00178507,0.00073313
1998-11-17,0.00489060,-0.00482545,-0.00594301,-0.00468085,0.00024432
1998-11-18,0.01814063,-0.00131672,-0.00618834,-0.00389597,0.00024432
1998-11-19,-0.00731278,-0.00453400,0.01533724,-0.00586817,0.00024432
1998-11-20,-0.00759494,0.00574370,0.00387406,-0.00129426,0.00024432
1998-11-21,-0.00054983,0.00040937,-0.00689040,-0.00166182,0.00024746
1998-11-23,-0.01053879,-0.00367066,0.00057826,0.00192580,0.00049499
1998-11-24,-0.00601507,-0.00214516,0.01037599,0.00085977,0.00024746
1998-11-25,-0.00555329,0.00023859,-0.00621166,0.00332776,0.00024746
1998-11-26,-0.01656133,0.00457294,-0.00598661,0.00859946,0.00024746
1998-11-27,-0.01228996,0.00350545,0.00074563,0.00500246,0.00024746
1998-11-28,-0.00423127,0.00269541,0.01557908,0.00101672,0.00024956
1998-11-30,0.00752842,-0.00374355,-0.00683963,0.00844667,0.00049918
1998-12-01,-0.00149377,0.00326013,-0.00731027,0.00959922,0.00024956
1998-12-02,0.00520849,0.00751852,-0.00041545,-0.00973073,0.00024956
1998-12-03,-0.00250924,0.00452020,-0.01073838,0.00576924,0.00024956
1998-12-04,0.00851183,-0.00718657,0.00153973,0.00766937,0.00024956
1998-12-07,0.01692377,-0.00619514,-0.01889923,0.00345780,0.00073628
1998-12-08,0.00297015,0.00262036,-0.00311330,-0.00157913,0.00024537
1998-12-09,0.00429077,0.00007588,-0.01954605,0.00750190,0.00024537
1998-12-10,0.00437444,-0.00515858,0.00033333,-0.00049991,0.00024537
1998-12-11,0.00622682,-0.00249119,-0.00029310,-0.00266240,0.00024537
1998-12-14,-0.00857221,0.00919836,-0.00905102,0.00704116,0.00074258
1998-12-15,-0.01851466,-0.00193324,0.01429960,0.00332580,0.00024746
1998-12-16,0.00488570,0.00190285,0.00422052,0.00312878,0.00024746
1998-12-17,-0.02085160,0.00590038,-0.00407105,0.00287141,0.00024746
1998-12-18,0.00477412,-0.00462487,-0.00572934,0.00313379,0.00024746
1998-12-21,0.02590113,-0.00883290,-0.01458325,0.00721913,0.00074258
1998-12-22,-0.00439245,0.00043438,-0.01158052,-0.00576436,0.00024746
1998-12-23,0.00544562,0.00527117,-0.00404140,-0.01261334,0.00024746
1998-12-24,0.00238521,0.00336996,-0.00495812,-0.00946705,0.00024746
1998-12-28,0.02781253,-0.01252114,0.00127947,-0.02525720,0.00099967
1998-12-29,-0.00008612,-0.00065717,-0.00375947,-0.01248682,0.00025061
1998-12-30,0.02701544,0.00565091,0.01015299,0.00068760,0.00025061
1998-12-31,-0.01325121,0.00832866,-0.01091344,0.01296133,0.00025061
1999-01-01,0.00646746,-0.00500692,-0.00688856,-0.00444259,0.00025061
1999-01-04,0.00604781,0.01387555,0.00281088,0.00525052,0.00074887
1999-01-05,0.00685616,0.01027950,0.01648412,0.01381231,0.00024956
1999-01-06,0.02515792,0.00412418,0.01542841,-0.00113403,0.00024956
1999-01-07,0.01463109,-0.01358329,0.01763972,-0.01591141,0.00024956
1999-01-08,0.02555333,-0.02694642,0.01297058,-0.02476950,0.00024956
1999-01-11,-0.00040577,-0.00618434,0.01216765,-0.00547758,0.00074572
1999-01-12,-0.01812422,-0.00490869,-0.00089991,0.00958040,0.00024851
1999-01-13,0.00179977,0.01156094,-0.02037816,0.02000237,0.00024851
1999-01-14,-0.00655246,0.00246360,0.00893789,0.02511104,0.00024851
1999-01-15,-0.02471094,0.01822439,-0.00965988,0.01459267,0.00024851
1999-01-18,0.00591576,-0.00932322,-0.02229131,0.01635472,0.00074572
1999-01-19,-0.01974827,0.02266920,-0.02099197,0.04433467,0.00024851
1999-01-21,0.04095011,-0.01769466,-0.02228108,0.01186106,0.00049709
1999-01-22,-0.00548838,0.01601275,0.00706289,0.01278177,0.00024851
1999-01-25,-0.00397038,0.01200629,-0.00520935,0.02198846,0.00074258
1999-01-27,0.02991648,0.01482682,0.04163220,-0.00302294,0.00049499
1999-01-28,-0.02016390,0.00414194,-0.00059869,-0.00683443,0.00024746
1999-01-29,0.00360650,-0.00373798,-0.00155170,0.01015738,0.00024746
1999-02-01,-0.02567712,0.00091966,-0.01061043,-0.01073881,0.00074887
1999-02-02,-0.02423791,0.00305026,-0.02855315,0.01843566,0.00024956
1999-02-03,0.02652202,-0.00948705,-0.00305402,-0.00113690,0.00024956
1999-02-04,-0.01257548,0.00755868,-0.00810397,0.00330226,0.00024956
1999-02-05,-0.00624364,0.00350611,-0.00219956,0.01468411,0.00024956
1999-02-08,-0.01897668,0.00805035,-0.01957045,0.01411122,0.00073628
1999-02-09,0.00003448,0.00169737,-0.00076174,0.02811226,0.00024537
1999-02-10,0.03543023,-0.00303268,0.00277036,0.01545068,0.00024537
1999-02-11,0.00482646,-0.00418598,-0.01398969,-0.00028757,0.00024537
1999-02-12,0.01051889,-0.01741770,0.00292500,0.00622012,0.00024537
1999-02-15,-0.01378198,0.01638234,-0.02427745,0.01617733,0.00074887
1999-02-16,0.00823226,-0.00610961,-0.00010644,0.01765761,0.00024956
1999-02-17,0.01917077,0.00502303,0.01029157,0.00064376,0.00024956
1999-02-18,0.00217211,-0.00399921,0.01743574,-0.00268355,0.00024956
1999-02-19,-0.00112596,-0.00402562,-0.00357083,-0.01176215,0.00024956
1999-02-22,-0.02622730,-0.00547766,0.00535519,-0.01551384,0.00074887
1999-02-23,-0.01101603,-0.00949251,-0.01029423,-0.00291425,0.00024956
1999-02-24,0.01527714,-0.01844865,-0.00223264,-0.01921354,0.00024956
1999-02-25,-0.00012281,0.00711200,0.00916424,-0.00785402,0.00024956
1999-02-26,-0.00742540,-0.00013501,0.01628951,-0.00957112,0.00024956
1999-02-27,0.03173362,0.02035371,-0.02921717,0.05868761,0.00024956
1999-03-01,0.02137910,0.02129272,-0.03965539,0.07102797,0.00049918
1999-03-03,0.02833237,0.00641059,-0.00209910,0.01810939,0.00049918
1999-03-04,-0.01986492,0.00054121,-0.00874868,0.00446289,0.00024956
1999-03-05,0.00717736,0.00727615,-0.01756686,0.01748826,0.00024956
1999-03-08,0.00784271,0.00486941,-0.04327274,0.00012303,0.00069215
1999-03-09,0.00328046,0.00668080,-0.03318124,0.01169915,0.00023066
1999-03-10,0.02027337,-0.00803064,-0.02010529,-0.00000497,0.00023066
1999-03-11,-0.02057962,0.01271552,-0.00357834,0.00237326,0.00023066
1999-03-12,0.00909104,0.00451989,0.00133789,0.01915047,0.00023066
1999-03-15,-0.00097088,0.00776236,-0.01075166,0.02533554,0.00068899
1999-03-16,-0.01251051,0.01232940,-0.00118556,0.00474587,0.00022961
1999-03-17,0.01119747,0.00565401,0.00269392,-0.02046664,0.00022961
1999-03-18,0.01836744,0.00879038,0.06701812,-0.02016956,0.00022961
1999-03-19,-0.01296413,0.02606359,0.02888721,-0.01465590,0.00022961
1999-03-20,0.00190247,0.00509815,0.02917355,-0.01293655,0.00022961
1999-03-22,0.00254561,-0.00353085,0.01758714,-0.00581723,0.00045927
1999-03-23,0.00270677,0.01275956,0.01158947,-0.00913796,0.00022961
1999-03-24,-0.00131292,0.01031796,0.01450938,-0.01577679,0.00022961
1999-03-25,-0.00291030,0.00683963,-0.01354988,-0.00450805,0.00022961
1999-03-26,-0.02070418,-0.00146153,-0.00842054,0.00314721,0.00022961
1999-03-30,0.00179268,-0.01881314,-0.02601640,0.02532360,0.00091876
1999-03-31,0.02822321,0.00666888,0.00661145,0.00380503,0.00022961
1999-04-01,-0.00641690,0.00268109,-0.00717790,0.00003745,0.00022961
1999-04-05,-0.05059268,-0.00044281,-0.01854091,-0.00409550,0.00091876
1999-04-06,0.00259186,-0.01855922,0.01454004,0.01603884,0.00022961
1999-04-07,0.00793268,0.00215791,0.02509909,-0.00743058,0.00022961
1999-04-08,-0.01216937,-0.00608114,-0.01077811,-0.00496487,0.00022961
1999-04-09,-0.02827833,-0.00555160,-0.00043823,-0.01012172,0.00022961
1999-04-12,-0.00090011,-0.00213262,-0.00483741,0.00787270,0.00067320
1999-04-13,-0.01201698,0.00190833,-0.00394416,0.00375396,0.00022435
1999-04-15,-0.02994242,-0.00491830,0.02276241,-0.02468695,0.00044875
1999-04-16,0.07582725,-0.00473472,0.05017014,0.00279239,0.00022435
1999-04-17,-0.06995917,0.00835904,-0.02399016,-0.00402414,0.00022435
1999-04-19,0.02354145,-0.01038273,-0.00835044,0.02775383,0.00044559
1999-04-20,0.00173115,-0.00812097,-0.00064788,0.00881049,0.00022119
1999-04-21,0.01360822,0.01278021,-0.00467070,-0.01234900,0.00022119
1999-04-22,-0.01690998,0.00074644,0.01290025,-0.00861253,0.00022119
1999-04-23,-0.00447052,-0.00266092,-0.01056447,0.00817697,0.00022119
1999-04-26,-0.05749695,-0.00574413,-0.03563399,-0.00437870,0.00066372
1999-04-28,0.01555895,-0.02106642,0.02418505,-0.02656785,0.00044243
1999-04-29,0.03237214,-0.00753110,-0.00376650,0.00191251,0.00022119
1999-04-30,0.01928508,0.00284165,0.00053085,-0.00053041,0.00022119
1999-05-03,-0.00809264,0.00916221,-0.01250848,0.00329162,0.00066372
1999-05-04,0.03279570,-0.00592416,-0.00156533,0.01118436,0.00022119
1999-05-05,0.01835740,0.00737617,-0.01082960,0.00006075,0.00022119
1999-05-06,0.01864076,-0.00775948,-0.00538363,-0.00781445,0.00022119
1999-05-07,0.01476070,-0.01239299,-0.00259660,-0.01790935,0.00022119
1999-05-10,0.01923903,-0.00869237,-0.01373065,-0.01053632,0.00066055
1999-05-11,0.01566292,-0.00654263,0.00565908,-0.03141998,0.00022014
1999-05-12,-0.00826652,-0.00158674,0.00469946,-0.00485273,0.00022014
1999-05-13,0.02542610,-0.01595904,0.00492457,-0.00480968,0.00022014
1999-05-14,0.01249169,-0.01665424,0.00191327,-0.02706562,0.00022014
1999-05-17,-0.01163473,-0.02558467,0.00793380,-0.03532309,0.00066055
1999-05-18,0.00963502,-0.01302184,0.01034671,-0.02115285,0.00022014
1999-05-19,0.02274628,-0.01488345,0.03135321,-0.04266212,0.00022014
1999-05-20,-0.01007076,0.02420635,-0.00815444,0.02412451,0.00022014
1999-05-21,-0.02131210,0.02001830,-0.00776815,0.03311179,0.00022014
1999-05-24,-0.00389339,-0.01027183,0.00156557,0.02197569,0.00066055
1999-05-25,0.00719057,-0.00808679,-0.00717537,-0.00101165,0.00022014
1999-05-26,-0.00896557,0.00435718,-0.00300739,-0.01091478,0.00022014
1999-05-27,-0.03197121,0.01485602,0.00034653,0.00751647,0.00022014
1999-05-28,-0.01893050,-0.00517221,-0.00158148,0.00764515,0.00022014
1999-05-31,0.04375313,-0.00730019,-0.00249301,-0.00311671,0.00068899
1999-06-01,-0.01210320,0.00964932,0.00512905,0.00783663,0.00022961
1999-06-02,0.00527049,0.00142393,-0.00548987,0.00158593,0.00022961
1999-06-03,0.01330936,-0.00869049,0.00554027,-0.01400392,0.00022961
1999-06-04,0.01024555,-0.00650890,0.02113564,-0.01546612,0.00022961
1999-06-07,0.00009894,-0.00904161,-0.00387343,-0.01419270,0.00069215
1999-06-08,0.01914259,-0.02378849,0.00536824,-0.01306797,0.00023066
1999-06-09,-0.00367487,0.01734236,-0.00133528,0.00237613,0.00023066
1999-06-10,0.00357186,0.00752130,-0.00368892,-0.00386549,0.00023066
1999-06-11,-0.01895565,0.00913255,0.00205738,-0.00247212,0.00023066
1999-06-14,-0.02118023,-0.01683236,-0.00492423,-0.01269514,0.00070476
1999-06-15,-0.00641337,-0.01721286,0.01164195,-0.02109689,0.00023487
1999-06-16,0.01961603,-0.01589827,0.01486973,-0.02201282,0.00023487
1999-06-17,0.01851927,0.00175505,0.01081613,-0.01044380,0.00023487
1999-06-18,0.00012658,-0.01065315,0.01409567,-0.02067759,0.00023487
1999-06-21,0.01975190,-0.01222842,0.02254618,-0.01416375,0.00070792
1999-06-22,0.00470992,0.00692373,0.00018716,0.01479169,0.00023592
1999-06-23,-0.00324835,0.01987043,0.00138635,-0.00361835,0.00023592
1999-06-24,-0.01217515,-0.00212341,0.00459077,-0.00145575,0.00023592
1999-06-25,-0.00378144,-0.00232212,0.00517382,0.00213693,0.00023592
1999-06-28,0.01114251,0.00016964,-0.00912022,0.01308246,0.00072683
1999-06-29,-0.00057959,-0.00456652,0.00504279,-0.00625729,0.00024222
1999-06-30,0.00475527,0.00714617,0.00842939,0.00180042,0.00024222
1999-07-01,-0.00701496,0.00909372,0.00727512,-0.00565932,0.00024222
1999-07-02,0.00865439,-0.00640088,0.01193847,0.00165163,0.00024222
1999-07-05,0.02571490,-0.01237461,0.01030479,-0.00007505,0.00072998
1999-07-06,0.00889721,0.00065472,0.00417880,-0.00078820,0.00024327
1999-07-07,0.00639105,0.02258741,0.01413972,-0.01122768,0.00024327
1999-07-08,-0.00256393,0.00723230,0.02329969,-0.01045876,0.00024327
1999-07-09,0.00996261,-0.00394142,0.06576330,-0.01989611,0.00024327
1999-07-12,0.04697365,-0.02724579,0.03581288,-0.02766870,0.00072998
1999-07-13,0.00382314,-0.01910393,-0.03913155,-0.00818897,0.00024327
1999-07-14,0.01658186,0.00430144,-0.01572807,-0.01355094,0.00024327
1999-07-15,-0.01038894,0.00081701,-0.02416694,0.00190317,0.00024327
1999-07-16,0.00937442,-0.01125357,-0.01759121,0.00314110,0.00024327
1999-07-19,0.02382289,0.00058102,-0.02738599,0.02898924,0.00072998
1999-07-20,-0.03091780,0.01484263,-0.01729487,0.01660349,0.00024327
1999-07-21,0.02597689,0.00437293,0.01968543,-0.00409318,0.00024327
1999-07-22,-0.00353299,-0.00111513,-0.00541199,0.00107998,0.00024327
1999-07-23,-0.00558596,0.00046104,-0.00374503,0.01465378,0.00024327
1999-07-26,-0.00693936,-0.00175793,-0.01135448,0.00669989,0.00072683
1999-07-27,-0.01760708,0.00653819,-0.00071619,-0.00194125,0.00024222
1999-07-28,0.01713284,0.01497794,-0.00541904,0.01956084,0.00024222
1999-07-29,0.00333385,0.00651550,-0.00059062,0.00677432,0.00024222
1999-07-30,-0.01059269,0.01524145,0.00980203,0.00102693,0.00024222
1999-08-02,-0.01281550,0.02821982,-0.02872763,0.01329277,0.00070476
1999-08-03,-0.00368727,-0.00957479,-0.02234330,0.01251282,0.00023487
1999-08-04,0.03383092,-0.00082991,0.00788814,0.00354370,0.00023487
1999-08-05,-0.00349624,0.00282988,0.00326091,0.00410301,0.00023487
1999-08-06,0.00229934,0.00461615,-0.00477743,0.01242441,0.00023487
1999-08-09,0.01111104,0.00323351,-0.00539200,-0.00063230,0.00071423
1999-08-10,-0.01079338,0.02147994,0.00628555,-0.01108559,0.00023802
1999-08-11,0.00868293,0.01962465,0.02436033,-0.01033764,0.00023802
1999-08-12,-0.00038202,0.01840714,-0.00107995,-0.01675697,0.00023802
1999-08-13,-0.00289384,0.01480882,0.01535590,-0.02199214,0.00023802
1999-08-16,0.02573469,0.00428265,0.00897644,-0.01212267,0.00070792
1999-08-17,0.01710371,0.01089972,0.02237555,-0.00375336,0.00023592
1999-08-18,0.03729615,0.02049073,0.03636155,-0.01617071,0.00023592
1999-08-19,-0.01168199,-0.01020914,-0.00003856,-0.00209085,0.00023592
1999-08-20,0.00672339,0.00556733,0.00855207,-0.00554474,0.00023592
1999-08-23,0.02113245,-0.02010349,0.01933999,-0.02146546,0.00074258
1999-08-24,0.00668937,-0.00584309,0.02312204,-0.03335430,0.00024746
1999-08-25,-0.01391185,0.02542372,-0.02077136,0.00006454,0.00024746
1999-08-26,0.02018559,0.01137986,0.00219789,0.00582245,0.00024746
1999-08-27,0.00597912,-0.00412021,-0.00010373,0.00528852,0.00024746
1999-08-30,-0.00615929,-0.01071233,-0.00630921,-0.00081708,0.00074258
1999-08-31,-0.00760490,-0.00178737,-0.00085311,0.00064723,0.00024746
1999-09-01,-0.00333425,-0.00367743,-0.00026484,0.00294802,0.00024746
1999-09-02,-0.02401698,0.00068897,-0.00854377,0.00428729,0.00024746
1999-09-03,0.00111025,-0.00800256,0.01095620,-0.00249707,0.00024746
1999-09-06,0.01122903,-0.00620590,-0.01131322,0.01547479,0.00074258
1999-09-07,0.00347510,-0.00712049,0.00034838,-0.00618327,0.00024746
1999-09-08,0.01592786,-0.01342591,0.01248177,-0.01706766,0.00024746
1999-09-09,0.00184616,-0.01237417,0.00139119,-0.01961635,0.00024746
1999-09-10,-0.00151216,-0.00700996,0.00844747,-0.00035164,0.00024746
1999-09-14,-0.01592810,0.01412384,-0.01409483,0.01521260,0.00099023
1999-09-15,0.00578087,0.00873206,-0.00379973,-0.00497596,0.00024746
1999-09-16,-0.01541611,-0.01236135,0.00680167,-0.00195560,0.00024746
1999-09-17,0.00530882,0.00290692,0.00184968,0.02043754,0.00024746
1999-09-20,0.00200979,-0.01486092,-0.01239031,0.01945244,0.00074258
1999-09-21,-0.00465933,-0.00283755,-0.03340873,0.02464467,0.00024746
1999-09-22,0.03251207,-0.00689413,-0.01314995,0.00580655,0.00024746
1999-09-23,0.01093025,-0.00290817,-0.01319833,0.01222059,0.00024746
1999-09-24,0.01045915,0.00693387,-0.02150369,0.01655990,0.00024746
1999-09-27,-0.01482166,0.00410432,-0.00678143,0.00026658,0.00074258
1999-09-28,-0.01068413,-0.00167183,0.00000056,0.00044168,0.00024746
1999-09-29,0.02647252,-0.00383177,0.02513044,0.00527058,0.00024746
1999-09-30,-0.00538874,0.00312108,0.01035013,-0.00324443,0.00024746
1999-10-01,-0.00913178,0.00728937,0.00619040,0.00417210,0.00024746
1999-10-04,-0.02046115,0.00546268,-0.02576913,-0.00132178,0.00074258
1999-10-05,0.00363048,-0.00502653,-0.00332212,0.01032426,0.00024746
1999-10-06,0.02211549,-0.00103243,0.02079905,-0.00434925,0.00024746
1999-10-07,0.04880873,-0.01833399,0.01484157,0.00688516,0.00024746
1999-10-08,0.01288540,-0.03913452,0.05318418,0.00318569,0.00024746
1999-10-11,0.00519313,0.00560115,0.00598370,0.00840175,0.00074258
1999-10-12,0.00466758,0.01113237,0.02709347,0.01446164,0.00024746
1999-10-13,0.01912826,0.03297495,0.00866410,-0.00270657,0.00024746
1999-10-14,0.00770870,0.01476951,-0.00589560,-0.00472325,0.00024746
1999-10-15,-0.03622541,-0.00190474,-0.01133221,-0.01171335,0.00024746
1999-10-18,0.00341856,0.00077194,0.00880258,0.00790251,0.00074258
1999-10-20,0.03410846,0.00026333,0.03737640,-0.00842867,0.00049499
1999-10-21,-0.01990323,-0.02487628,0.02554166,-0.00578082,0.00024746
1999-10-22,-0.01311166,-0.01768843,0.04106418,-0.00811520,0.00024746
1999-10-23,0.01375145,-0.00858903,0.02191792,-0.00117478,0.00024746
1999-10-25,-0.02755848,-0.01303069,0.01882389,-0.01891756,0.00049499
1999-10-26,-0.00494618,-0.01345192,0.02497584,0.00084263,0.00024746
1999-10-27,-0.00529642,0.01618778,-0.02703275,0.00237368,0.00024746
1999-10-28,-0.03573718,0.00240706,-0.02204732,-0.00745593,0.00024746
1999-10-29,-0.03633683,0.00568014,-0.01061689,-0.00001333,0.00024746
1999-11-01,-0.05315466,0.00953514,-0.03449651,-0.01074514,0.00074258
1999-11-02,0.04706639,-0.01877085,0.00036375,0.01640910,0.00024746
1999-11-03,0.00413922,0.01421802,-0.01697517,0.00137683,0.00024746
1999-11-04,0.00522428,-0.00686377,-0.01711592,0.01196428,0.00024746
1999-11-05,0.02014001,-0.00173200,-0.02006072,0.00827192,0.00024746
1999-11-07,0.00868056,0.00955682,0.00162342,0.00654868,0.00048870
1999-11-09,0.00039097,0.00377996,-0.02296799,0.00143078,0.00048870
1999-11-10,0.01921990,0.01579911,0.00358124,0.01433304,0.00024432
1999-11-11,-0.00662073,-0.00076300,-0.01250497,-0.00291460,0.00024432
1999-11-12,-0.01039083,0.00466380,-0.00735127,0.00232599,0.00024432
1999-11-15,-0.00445707,-0.01390427,0.00150342,0.00003013,0.00073313
1999-11-16,-0.00611916,0.00669050,-0.00709453,0.00279306,0.00024432
1999-11-17,-0.00111640,0.00897163,-0.00116697,0.00756836,0.00024432
1999-11-18,-0.00043865,-0.00542868,-0.01343334,0.00262571,0.00024432
1999-11-19,0.00138704,0.00331205,0.00375676,0.01657097,0.00024432
1999-11-22,0.01248687,-0.01042592,-0.02023486,0.01744030,0.00073313
1999-11-24,0.02667851,-0.01433361,0.02707334,0.01230443,0.00048870
1999-11-25,0.00878995,-0.01121536,-0.00821013,0.00159501,0.00024432
1999-11-26,0.00473456,-0.00141245,-0.00036684,0.01310823,0.00024432
1999-11-29,-0.00669918,0.01858872,-0.02199994,0.01229003,0.00073943
1999-11-30,-0.00039160,0.01559004,-0.00902190,0.01513908,0.00024642
1999-12-01,0.00859155,0.00924316,0.01027452,-0.00339588,0.00024642
1999-12-02,0.00891368,-0.00937995,0.00581814,-0.00072472,0.00024642
1999-12-03,0.00538415,0.00770665,-0.00840396,0.00506138,0.00024642
1999-12-06,0.02087607,-0.00124756,-0.00304833,0.02491717,0.00070161
1999-12-07,0.00780508,0.00151919,-0.00197174,0.01855337,0.00023382
1999-12-08,-0.00410202,0.00063368,-0.00575654,-0.00370372,0.00023382
1999-12-09,0.00842885,-0.00703597,0.01067175,0.01634371,0.00023382
1999-12-10,0.00679780,-0.00137609,0.00343298,0.02764795,0.00023382
1999-12-13,0.00350712,0.00135862,0.00729453,0.03662829,0.00067004
1999-12-14,-0.00793008,0.00048319,-0.00659663,0.02094801,0.00022330
1999-12-15,-0.00650729,0.01057369,-0.00333354,-0.03177792,0.00022330
1999-12-16,0.01786121,0.01722627,0.00504244,0.02729042,0.00022330
1999-12-17,0.00572196,0.02592818,-0.00188792,0.00995435,0.00022330
1999-12-20,0.01145998,0.01634607,0.00919029,0.00882624,0.00070476
1999-12-21,0.00408170,0.02424248,-0.01086811,0.00246854,0.00023487
1999-12-22,0.03760244,0.01018691,0.00775534,0.01158830,0.00023487
1999-12-23,0.00466706,0.00840581,-0.01905087,0.01121001,0.00023487
1999-12-24,-0.01688730,-0.00822676,-0.01187725,0.00537683,0.00023487
1999-12-27,-0.02077726,-0.00328264,-0.01458904,0.00805585,0.00070371
1999-12-28,0.00672647,0.00815408,-0.01392516,0.02088694,0.00023382
1999-12-29,0.02740740,0.00152113,-0.01740071,0.02614987,0.00023382
1999-12-30,0.00787098,0.00690578,-0.00360848,0.02766106,0.00023382
2000-01-03,0.07034319,-0.00367168,-0.00035936,0.01621172,0.00093559
2000-01-04,0.02706975,0.00486463,-0.06038199,0.04768662,0.00023802
2000-01-05,-0.02036698,-0.01372477,0.00119831,-0.02032175,0.00023802
2000-01-06,0.00264594,-0.01048939,0.01102553,-0.04151083,0.00023802
2000-01-07,-0.02502430,-0.01258488,0.01151122,-0.06590955,0.00023802
2000-01-10,0.00047698,-0.01651255,0.01406063,-0.01381138,0.00072683
2000-01-11,-0.03931445,0.00956864,-0.01681005,-0.01850114,0.00024222
2000-01-12,0.02526553,-0.01930535,-0.00075763,-0.01705962,0.00024222
2000-01-13,-0.00859192,0.00113276,-0.01062265,-0.01993162,0.00024222
2000-01-14,-0.00447833,-0.00459949,-0.00796517,-0.00519143,0.00024222
2000-01-17,0.00535353,0.00812817,-0.00859838,0.03318104,0.00070476
2000-01-18,-0.00982478,0.00933525,-0.00740586,-0.00054171,0.00023487
2000-01-19,0.02523218,0.02081151,-0.02358804,0.03590294,0.00023487
2000-01-20,-0.00597978,0.00330190,-0.01599590,0.01980077,0.00023487
2000-01-21,0.01470639,0.00647574,-0.01649316,0.01760702,0.00023487
2000-01-24,0.00331264,-0.01435597,-0.01404612,0.02184449,0.00070476
2000-01-25,-0.00316221,-0.00469908,-0.00845742,0.02258134,0.00023487
2000-01-27,0.02076286,-0.00759614,-0.01946074,0.02358910,0.00046979
2000-01-28,0.01461312,0.00851277,-0.01648486,0.04326704,0.00023487
2000-01-31,-0.03199935,0.02497361,-0.01708746,0.00379081,0.00069846
2000-02-01,0.01422685,-0.00327036,-0.01300576,0.02546683,0.00023276
2000-02-02,0.03335547,-0.00258496,-0.01116586,0.02803915,0.00023276
2000-02-03,0.01929667,-0.00605992,-0.00552428,0.03140371,0.00023276
2000-02-04,0.01497795,0.00343043,-0.02117806,0.04537256,0.00023276
2000-02-07,0.01070247,-0.00588658,-0.00880471,0.01598020,0.00065107
2000-02-08,-0.00553406,0.00479783,-0.00356159,-0.00396326,0.00021698
2000-02-09,0.02280730,-0.01839484,0.02355901,-0.01587636,0.00021698
2000-02-10,0.02209175,-0.00180594,-0.02027301,0.01387422,0.00021698
2000-02-11,0.01936274,-0.00382181,-0.01108673,0.00758772,0.00021698
2000-02-14,-0.00173106,-0.00289408,-0.02497331,0.02470486,0.00068583
2000-02-15,-0.00420344,0.00374906,-0.01180765,-0.00318927,0.00022856
2000-02-16,0.02371815,0.01013824,-0.01481947,0.02836517,0.00022856
2000-02-17,0.03199837,0.01554012,-0.02161036,0.02654075,0.00022856
2000-02-18,0.00987342,0.02014201,-0.01460579,0.05141441,0.00022856
2000-02-21,0.03133891,0.01999267,-0.02461576,0.03640012,0.00068583
2000-02-22,-0.01825214,0.03660942,-0.00416569,0.01781275,0.00022856
2000-02-23,-0.02808396,0.01232349,0.03257465,-0.01589057,0.00022856
2000-02-24,-0.00697528,0.01035384,0.00210133,-0.00282233,0.00022856
2000-02-25,-0.03119239,0.00644325,0.02024468,-0.01506511,0.00022856
2000-02-28,0.00246065,-0.04582818,0.05502642,-0.03623427,0.00070476
2000-02-29,-0.04299856,0.00151004,0.01548618,-0.01670649,0.00023487
2000-03-01,0.04453675,0.00517787,-0.01677396,0.03889052,0.00023487
2000-03-02,0.00715106,0.02683631,-0.02952429,0.06968086,0.00023487
2000-03-03,-0.03796744,-0.00401533,0.01220879,0.01308493,0.00023487
2000-03-06,0.01354185,0.00255907,-0.00690072,0.02093829,0.00070897
2000-03-07,-0.01535785,0.00827986,0.01435453,0.00862801,0.00023907
2000-03-08,-0.00465370,0.00593564,0.01176603,-0.00384174,0.00023907
2000-03-09,-0.02429750,-0.02223827,0.01374226,-0.03499505,0.00023907
2000-03-10,-0.02699791,-0.02110938,0.03244622,-0.03152574,0.00023907
2000-03-13,-0.03929340,-0.00517874,-0.01661873,-0.05057989,0.00071738
2000-03-14,-0.01534342,-0.02764454,-0.00714962,-0.06591960,0.00023907
2000-03-15,0.01017762,-0.00103630,0.03737504,-0.02354207,0.00023907
2000-03-16,-0.04011654,-0.01056737,0.04512967,-0.02341044,0.00023907
2000-03-21,-0.02635237,-0.00844432,-0.00771574,-0.00831484,0.00120012
2000-03-22,0.03107774,-0.00395213,-0.00375795,0.00486029,0.00024012
2000-03-23,-0.00388789,-0.01612261,-0.02295146,0.00916436,0.00024012
2000-03-24,0.02233863,-0.01151075,-0.02333754,0.00812530,0.00024012
2000-03-27,0.00763297,0.01336353,-0.02713842,0.02409408,0.00072053
2000-03-28,0.00663200,-0.00190345,-0.01091680,0.00887467,0.00024012
2000-03-29,0.01471592,0.00969164,-0.00144559,0.00165619,0.00024012
2000-03-30,-0.02859374,-0.00566205,0.03303094,-0.03398437,0.00024012
2000-03-31,-0.02282488,0.00710373,0.02213959,-0.03667731,0.00024012
2000-04-03,-0.02852850,-0.01466320,0.01514133,-0.07146112,0.00072053
2000-04-04,-0.07201778,0.00254290,-0.01356704,-0.02326116,0.00024012
2000-04-05,-0.00370243,-0.02055013,0.02746829,-0.03359718,0.00024012
2000-04-06,0.00317592,-0.01420061,-0.01767636,0.00011078,0.00024012
2000-04-07,0.07034975,-0.00002644,-0.00676786,0.03233521,0.00024012
2000-04-10,0.04474684,0.01322599,-0.04309240,0.05836959,0.00069104
2000-04-11,0.00541888,0.00487614,-0.01774729,0.02672824,0.00021065
2000-04-12,-0.01299949,-0.00975154,0.03696334,-0.01821147,0.00021065
2000-04-13,-0.05061229,0.00415684,0.02156412,-0.03630506,0.00021065
2000-04-17,-0.05965789,0.00365110,0.02366657,-0.03439157,0.00084602
2000-04-18,-0.03801827,0.00532333,-0.00020828,-0.03403557,0.00021381
2000-04-19,-0.02355158,0.00232157,0.01176633,-0.03159723,0.00021381
2000-04-20,-0.00533055,-0.00189362,-0.02748323,0.00064552,0.00021381
2000-04-24,-0.01989815,-0.01447084,-0.01048832,-0.00298068,0.00085658
2000-04-25,-0.03184006,-0.01858753,0.00302508,-0.01838467,0.00021487
2000-04-26,0.05737437,-0.01520602,0.00713335,0.02339923,0.00021487
2000-04-27,-0.03189575,-0.01320122,0.02780552,-0.02430973,0.00021487
2000-04-28,-0.04668749,0.03174160,-0.04861124,-0.04012101,0.00021487
2000-05-02,-0.06963841,0.00819151,0.00064654,-0.03412783,0.00085341
2000-05-03,-0.02897835,-0.00540335,0.03042253,-0.05030764,0.00020854
2000-05-04,0.05737715,-0.00167985,-0.02067299,0.03832004,0.00020854
2000-05-05,0.04314865,0.01060289,-0.02336177,0.05011970,0.00020854
2000-05-08,-0.04263885,0.01711188,0.02022867,-0.01248692,0.00062785
2000-05-09,0.01491694,-0.04169231,0.03776812,0.01389144,0.00021065
2000-05-10,-0.01854629,-0.00756037,0.02315815,-0.01553140,0.00021065
2000-05-11,-0.05521763,0.00775965,0.01926976,-0.04657018,0.00021065
2000-05-12,-0.02731191,-0.00397578,0.00695087,-0.02454280,0.00021065
2000-05-15,0.00744457,-0.01455098,-0.00818890,-0.00174182,0.00063207
2000-05-16,-0.00039070,-0.01034231,-0.00314915,-0.01514187,0.00021065
2000-05-17,0.00254733,-0.00800691,0.02392721,-0.01870897,0.00021065
2000-05-18,-0.01572580,-0.01550201,0.02342139,-0.02501784,0.00021065
2000-05-19,-0.02087520,-0.01358686,0.02871296,-0.01093436,0.00021065
2000-05-22,-0.03937759,-0.00684121,0.02695206,-0.04749270,0.00063735
2000-05-23,-0.00616826,-0.00239268,-0.00534812,-0.00267801,0.00021592
2000-05-24,0.01143945,-0.00215505,-0.00006090,-0.01049696,0.00021592
2000-05-25,0.00871529,0.00071344,-0.00234163,-0.01745270,0.00021592
2000-05-26,0.00318759,-0.01027983,0.00459926,-0.04302395,0.00021592
2000-05-29,0.02423296,-0.01582035,-0.00124248,-0.00685928,0.00066054
2000-05-30,0.03032311,0.01114089,-0.02190291,0.02086889,0.00022856
2000-05-31,0.03282931,0.00830030,-0.00369116,0.04948059,0.00022856
2000-06-01,-0.02112629,0.02735353,0.00716021,0.01248625,0.00022856
2000-06-02,0.03400957,-0.00959496,0.00250745,0.03223400,0.00022856
2000-06-05,0.01657800,-0.00268435,-0.00982598,0.02151289,0.00069109
2000-06-06,0.01921159,0.00601461,-0.00784065,0.02227492,0.00023382
2000-06-07,0.01373134,0.00902146,0.00288679,0.01198089,0.00023382
2000-06-08,0.02028815,-0.00292867,-0.00037028,0.00453698,0.00023382
2000-06-09,-0.00514709,0.00521041,-0.00195945,-0.01156185,0.00023382
2000-06-12,-0.01720185,-0.00223809,0.00739937,-0.01992342,0.00070161
2000-06-13,-0.00376286,-0.00172629,-0.00852142,-0.01239441,0.00023382
2000-06-14,0.00938514,0.00823316,-0.00367420,0.00253074,0.00023382
2000-06-15,0.01026157,0.00355995,-0.01033716,0.01640677,0.00023382
2000-06-16,0.02470936,-0.00827562,-0.01792413,0.01961887,0.00023382
2000-06-19,0.02116154,-0.00025564,-0.02506664,0.01878218,0.00070161
2000-06-20,0.00759186,0.00958181,-0.01006643,0.01617875,0.00023382
2000-06-21,-0.02711533,0.01014047,0.04561304,-0.02232982,0.00023382
2000-06-22,0.00906035,-0.01176329,-0.00483844,0.00047209,0.00023382
2000-06-23,-0.01783502,-0.01100001,0.00628437,-0.02325858,0.00023382
2000-06-26,-0.00612314,-0.01403563,0.00439547,0.00976021,0.00070161
2000-06-27,-0.00347400,0.00807921,-0.02454360,0.00043873,0.00023382
2000-06-28,0.01052375,0.01064443,-0.01475343,-0.00374924,0.00023382
2000-06-29,0.00842431,-0.00602708,0.00232972,-0.00654605,0.00023382
2000-06-30,-0.01102845,0.00371159,-0.00766578,-0.00423720,0.00023382
2000-07-03,0.01873044,0.00297966,-0.01716282,0.02296176,0.00070161
2000-07-04,0.01142191,0.00205889,-0.01333200,0.00575937,0.00023382
2000-07-05,0.00144824,-0.01522938,0.03172248,-0.01603017,0.00023382
2000-07-06,-0.00979572,-0.00158609,0.01156105,-0.01055007,0.00023382
2000-07-07,-0.00444165,-0.01003625,0.02029566,-0.01055469,0.00023382
2000-07-10,-0.00657072,-0.00686270,-0.01515452,-0.01324388,0.00069951
2000-07-11,-0.00336390,-0.00371496,-0.00218753,-0.01016771,0.00023171
2000-07-12,0.01872044,-0.00124216,0.00117021,-0.00001571,0.00023171
2000-07-13,-0.01124366,0.00279036,0.00524397,-0.01642607,0.00023171
2000-07-14,-0.00912664,0.00233003,-0.00661976,-0.01308199,0.00023171
2000-07-17,-0.01628053,-0.00149966,-0.00984229,-0.00985005,0.00068688
2000-07-18,-0.01610382,0.00488334,-0.01372827,-0.01365791,0.00022330
2000-07-19,-0.01592499,0.00379028,0.02115855,0.00374811,0.00022330
2000-07-20,-0.01036199,0.00607607,0.00320277,0.01014968,0.00022330
2000-07-21,-0.01667053,0.00001153,0.00265700,-0.01279405,0.00022330
2000-07-24,-0.06165800,0.01264373,0.00178071,-0.02978639,0.00067951
2000-07-25,0.02545077,-0.02166917,-0.00683530,0.01688113,0.00023276
2000-07-26,-0.01689816,0.00855324,0.00973312,-0.02629823,0.00023276
2000-07-27,0.01609904,-0.00920037,0.00141110,0.01799602,0.00023276
2000-07-28,-0.00425135,-0.00815833,0.00810564,-0.00066707,0.00023276
2000-07-31,-0.00767287,-0.00694095,0.00470676,-0.00489301,0.00070791
2000-08-01,-0.00843836,0.00244773,-0.00260931,-0.00636865,0.00024222
2000-08-02,0.00519588,-0.01316538,0.02968071,-0.01725561,0.00024222
2000-08-03,-0.01398395,0.00486373,-0.01333936,-0.01446341,0.00024222
2000-08-04,-0.02141308,0.01296268,-0.00301510,-0.01006925,0.00024222
2000-08-07,-0.00937369,-0.00323139,0.00292784,0.00209717,0.00071001
2000-08-08,0.02617558,-0.01404021,-0.01630935,0.02063016,0.00022540
2000-08-09,0.00986833,-0.00028151,0.00889254,0.00749841,0.00022540
2000-08-10,-0.01557599,0.00048671,0.01366096,-0.00527536,0.00022540
2000-08-11,-0.01067969,-0.00731478,0.01093727,-0.00341871,0.00022540
2000-08-14,0.00315030,0.01399241,-0.01895808,0.00931185,0.00071624
2000-08-16,0.03168728,-0.00397536,-0.00361667,0.02051909,0.00053060
2000-08-17,-0.00455231,-0.00009081,-0.00310620,0.00379747,0.00026527
2000-08-18,0.01794574,0.00076690,0.00134315,0.01544665,0.00026527
2000-08-21,0.01158081,0.00290064,-0.02035230,0.00533852,0.00079601
2000-08-22,0.01057789,-0.00604901,0.00126752,0.00073359,0.00026527
2000-08-23,0.00209013,0.01239005,0.01479759,-0.00978707,0.00026527
2000-08-24,0.01341176,0.00881574,-0.01548101,0.01765158,0.00026527
2000-08-25,0.00260604,0.01591415,0.01495520,-0.00576525,0.00026527
2000-08-28,-0.00604526,0.01516392,0.01899673,-0.00654644,0.00080332
2000-08-29,-0.00078751,0.01380525,-0.00035459,0.00790647,0.00027258
2000-08-30,0.01189194,-0.01277823,-0.00413473,-0.00126828,0.00027258
2000-08-31,0.01045105,-0.00366575,-0.01560023,-0.00396297,0.00027258
2000-09-04,0.02471027,0.00226660,-0.02528989,0.02843454,0.00109076
2000-09-05,-0.00071743,0.00259077,0.00511846,-0.00651701,0.00027258
2000-09-06,0.00594372,0.00395174,0.00320431,-0.01457193,0.00027258
2000-09-07,0.00269381,-0.00696321,0.00210689,-0.00468075,0.00027258
2000-09-08,0.00692345,0.01237261,-0.01767105,0.00818653,0.00027258
2000-09-11,0.00162111,-0.00226711,-0.00040963,-0.00633637,0.00081482
2000-09-12,0.00165359,-0.00619937,0.00246210,0.00093617,0.00026945
2000-09-13,-0.00576377,-0.00785965,-0.00073552,-0.00673989,0.00026945
2000-09-14,-0.00722545,-0.00099262,0.00189240,-0.00424697,0.00026945
2000-09-15,-0.02851363,0.00273981,0.00828565,-0.00535200,0.00026945
2000-09-18,-0.04718682,-0.00860412,0.04368860,-0.02284431,0.00080542
2000-09-19,-0.03209727,0.00343945,0.01303720,0.00001965,0.00026631
2000-09-20,0.02705623,-0.00102241,-0.00151744,0.00050845,0.00026631
2000-09-21,-0.01223476,-0.00290632,0.01505661,-0.01315154,0.00026631
2000-09-22,-0.04971834,0.00741201,0.02202888,-0.01878019,0.00026631
2000-09-25,0.03227525,-0.01306724,-0.02207116,0.02819227,0.00079705
2000-09-26,-0.02342734,0.00276647,0.00951566,-0.00507105,0.00026422
2000-09-27,0.01360363,-0.00650976,0.00252251,-0.00254495,0.00026422
2000-09-28,-0.01900728,0.00126996,-0.00061633,0.00780380,0.00026422
2000-09-29,-0.00087584,-0.00200886,-0.00318924,0.01073358,0.00026422
2000-10-03,-0.00028126,0.00061576,-0.01407886,0.00442411,0.00105415
2000-10-04,0.01434753,0.00055289,-0.00323643,-0.00508114,0.00026108
2000-10-05,-0.01375239,0.00024473,0.00971926,-0.00190481,0.00026108
2000-10-06,-0.00542494,0.00525353,-0.00090855,0.00308557,0.00026108
2000-10-09,-0.01919419,0.00479494,0.00066494,-0.00763000,0.00077297
2000-10-10,-0.02713380,-0.01059948,0.02523553,-0.00076116,0.00025061
2000-10-11,-0.03162056,0.00483824,0.02623052,-0.03520851,0.00025061
2000-10-12,0.00837307,-0.00400477,-0.00769249,0.00206212,0.00025061
2000-10-13,-0.03199059,-0.00069304,0.01928852,-0.01407819,0.00025061
2000-10-16,0.00485510,-0.00830060,0.00504137,0.00709994,0.00076040
2000-10-17,-0.01995273,-0.01284422,0.01238554,-0.01015680,0.00025899
2000-10-18,-0.02261378,0.00096379,0.02317677,-0.03132290,0.00025899
2000-10-19,0.03780898,-0.01443057,-0.02848719,0.02388044,0.00025899
2000-10-20,0.01232684,-0.00966379,0.01096121,0.00464468,0.00025899
2000-10-23,-0.03047664,0.01499907,0.00586294,-0.01537023,0.00077088
2000-10-24,0.00431079,-0.00520566,-0.00618980,0.01586793,0.00025271
2000-10-25,0.03496988,-0.00182265,0.00062804,-0.00303188,0.00025271
2000-10-26,0.00403511,0.01525708,0.01496680,-0.01203099,0.00025271
2000-10-27,0.00260988,0.00346624,-0.01794288,0.01120658,0.00025271
2000-10-30,-0.01512053,-0.00172747,0.01679637,-0.00271127,0.00075411
2000-10-31,0.00613085,-0.00794197,-0.00912579,0.00610207,0.00024851
2000-11-01,0.02180109,-0.02758232,0.03012484,-0.01543639,0.00024851
2000-11-02,0.00977673,-0.00251406,0.00772425,-0.01725138,0.00024851
2000-11-03,0.01243201,-0.01718121,0.01979841,-0.01469232,0.00024851
2000-11-06,-0.00154029,0.00914225,-0.00764003,-0.01275869,0.00073838
2000-11-07,0.00526346,0.00339488,0.00325297,0.00209705,0.00024117
2000-11-08,0.01558857,0.01594289,-0.02501036,-0.00308487,0.00024117
2000-11-09,0.00233984,-0.00691328,0.00464451,0.00378046,0.00024117
2000-11-10,-0.02252137,0.00717525,0.00561416,0.00087888,0.00024117
2000-11-13,-0.03310741,-0.00065203,0.03549283,-0.00155058,0.00072053
2000-11-14,0.03206218,-0.02096116,-0.00441516,0.00289260,0.00023802
2000-11-15,0.00488855,0.00278277,0.00676477,-0.00327514,0.00023802
2000-11-16,-0.00630012,-0.00232581,0.01887328,0.00100754,0.00023802
2000-11-17,0.00374816,-0.00097374,-0.00544224,0.00402923,0.00023802
2000-11-20,0.00542899,-0.00076066,0.00297659,-0.00334718,0.00071107
2000-11-21,0.00036066,0.00479228,-0.00705301,-0.00000641,0.00023487
2000-11-22,-0.00880014,0.00277951,0.01706276,-0.00275639,0.00023487
2000-11-23,-0.00408479,0.00669117,-0.00106678,-0.00517516,0.00023487
2000-11-24,0.00441827,-0.01763364,0.03951401,-0.01182417,0.00023487
2000-11-27,0.02728272,-0.01703707,0.01479664,-0.01164692,0.00070792
2000-11-28,0.00757910,-0.00632608,-0.00022360,-0.00837809,0.00023802
2000-11-29,-0.00297283,0.02116030,-0.02132860,0.00037583,0.00023802
2000-11-30,-0.00330126,-0.00168184,0.00117426,0.00014380,0.00023802
2000-12-01,0.01091666,-0.00741495,0.00788669,0.00900419,0.00023802
2000-12-04,-0.00131549,-0.00565050,0.00050433,-0.00675698,0.00071107
2000-12-05,0.01425761,-0.01359827,0.00176181,-0.00531631,0.00023487
2000-12-06,0.01155781,0.00224818,0.00668166,-0.00538617,0.00023487
2000-12-07,0.00347780,-0.00124311,0.00608634,-0.01301167,0.00023487
2000-12-08,0.01415588,0.00300679,0.01971928,-0.00286901,0.00023487
2000-12-11,0.01707753,0.00725961,-0.00587749,-0.01117314,0.00070266
2000-12-12,0.00177429,-0.00202658,-0.00380556,-0.00187700,0.00023276
2000-12-13,0.01702448,-0.00090847,-0.01609925,-0.01339608,0.00023276
2000-12-14,-0.01159193,0.00789517,-0.00271183,-0.00949588,0.00023276
2000-12-15,-0.03399853,-0.00014152,0.00775576,0.02343404,0.00023276
2000-12-18,0.00241861,-0.00472571,-0.00633774,-0.00249820,0.00070056
2000-12-19,-0.02028649,-0.00562313,0.00896159,0.01310903,0.00023487
2000-12-20,-0.00910346,0.01193880,-0.00109323,-0.00769879,0.00023487
2000-12-21,-0.01691453,-0.00125687,0.01717230,0.02548541,0.00023487
2000-12-22,-0.03689497,-0.00167391,0.01549086,0.01003850,0.00023487
2000-12-26,-0.03351887,-0.00036269,0.00228993,0.02198962,0.00093980
2000-12-27,0.01812570,0.00491272,-0.00295224,-0.01021846,0.00023487
2000-12-28,0.01710062,-0.00571685,-0.00271689,-0.00716649,0.00023487
2000-12-29,0.01535188,-0.00583825,-0.00241882,0.00256137,0.00023487
2001-01-01,-0.00641723,0.00710821,-0.00477977,0.01149891,0.00069951
2001-01-02,0.00950654,-0.00854191,-0.00479048,0.00924311,0.00022961
2001-01-03,0.01112510,-0.00998482,0.01872721,0.01312550,0.00022961
2001-01-04,0.02373604,-0.01192509,-0.00829328,-0.01731847,0.00022961
2001-01-05,0.01433296,-0.01050635,-0.00201762,-0.00991319,0.00022961
2001-01-08,-0.02376493,0.00223984,-0.00108109,0.01870567,0.00068899
2001-01-09,-0.00140304,-0.00632646,0.00636531,0.01158065,0.00022961
2001-01-10,-0.01029097,0.01198256,-0.00361402,-0.01716912,0.00022961
2001-01-11,-0.01454163,-0.00021711,0.00871437,0.01965427,0.00022961
2001-01-12,0.00502905,-0.02358686,0.00935143,0.01564862,0.00022961
2001-01-15,-0.00178530,-0.01943903,0.01288645,0.01944435,0.00069320
2001-01-16,-0.00093500,-0.00094245,0.00889357,0.01671906,0.00023382
2001-01-17,0.00322093,0.00620031,0.01447482,0.00502163,0.00023382
2001-01-18,0.01519841,-0.01009393,0.00123524,-0.00685665,0.00023382
2001-01-19,0.03014876,-0.01202035,-0.01303681,-0.03833243,0.00023382
2001-01-22,0.00704540,-0.00557030,-0.00963840,-0.00890539,0.00070056
2001-01-23,-0.00330924,0.00018196,-0.00763889,-0.00655116,0.00023276
2001-01-24,0.01220510,0.00210318,0.00777686,0.00193910,0.00023276
2001-01-25,0.00002169,-0.01118482,-0.00007465,0.01049850,0.00023276
2001-01-29,-0.02754280,0.00747415,0.00530177,0.01151701,0.00093138
2001-01-30,0.02777100,-0.01615916,0.00002090,-0.00140140,0.00023276
2001-01-31,-0.00339413,0.00607111,0.01549373,0.00845449,0.00023276
2001-02-01,-0.01591628,-0.00568424,0.01605470,0.01939712,0.00023276
2001-02-02,0.01673553,-0.02596283,0.01270097,0.01036227,0.00023276
2001-02-05,0.00505190,-0.01792870,0.02257783,0.02127285,0.00069425
2001-02-06,0.00746714,0.00960079,0.02835876,-0.00035046,0.00022856
2001-02-07,-0.00504557,0.01767948,0.02530736,0.00910332,0.00022856
2001-02-08,0.01714548,0.00157642,0.02210650,0.00371052,0.00022856
2001-02-09,0.00221215,0.00659716,0.00006470,0.00389024,0.00022856
2001-02-12,0.00384242,-0.01374520,-0.00975553,-0.00058639,0.00068267
2001-02-13,-0.00849233,-0.00566740,-0.02268909,-0.01313142,0.00022540
2001-02-14,-0.00028346,0.01327731,-0.00212098,0.01170194,0.00022540
2001-02-15,0.01569099,-0.00456480,-0.00350181,-0.00413053,0.00022540
2001-02-16,-0.02756175,0.00320623,-0.00841866,0.00793521,0.00022540
2001-02-19,-0.00137389,0.00062217,0.01166159,0.00372404,0.00067636
2001-02-20,-0.00590718,-0.00493407,0.01156447,0.02175257,0.00022330
2001-02-21,-0.01083940,0.00893649,0.01136935,0.01414964,0.00022330
2001-02-22,-0.01336418,0.00147127,0.00511682,0.02294050,0.00022330
2001-02-23,-0.02706590,0.00132088,0.00071842,0.01729286,0.00022330
2001-02-26,-0.00773760,0.00749513,0.01272759,0.00517403,0.00066582
2001-02-27,-0.02754414,-0.01699569,-0.00703008,0.04714601,0.00021908
2001-02-28,0.04260566,0.00056651,-0.00840178,-0.04611945,0.00021908
2001-03-01,-0.00330483,-0.01159807,-0.00474239,0.03746478,0.00021908
2001-03-02,-0.05000051,-0.01688154,0.00609397,0.07052116,0.00021908
2001-03-05,-0.03692960,-0.01105247,-0.01732356,0.04005961,0.00064790
2001-03-07,0.02184703,-0.00431769,0.00147834,-0.04107855,0.00041923
2001-03-08,-0.00210058,-0.01075243,-0.00244501,0.00948141,0.00020959
2001-03-09,-0.04425140,-0.00290631,0.00363862,0.04540016,0.00020959
2001-03-12,-0.06034983,0.00699885,-0.00330823,0.06697572,0.00062891
2001-03-13,-0.07393553,0.00891813,-0.00363330,0.04019513,0.00020959
2001-03-14,0.05940752,-0.00292941,0.00143926,-0.04739492,0.00020959
2001-03-15,0.02255633,-0.00934935,-0.01379927,-0.03145584,0.00020959
2001-03-16,-0.01496751,-0.00131714,-0.01017206,-0.00213251,0.00020959
2001-03-19,-0.00806822,-0.01010345,-0.01607215,0.01086782,0.00064262
2001-03-20,-0.01258426,-0.01246883,0.00897630,0.01391776,0.00022330
2001-03-21,0.02195636,-0.00799224,0.01101611,0.02092230,0.00022330
2001-03-22,-0.01874029,0.01055094,0.01279575,0.03233432,0.00022330
2001-03-23,-0.02743384,0.00178315,-0.00791350,0.01820901,0.00022330
2001-03-26,0.00082365,-0.00188060,-0.00482312,-0.00595544,0.00067004
2001-03-27,0.01694214,-0.00890682,-0.00367113,-0.00007707,0.00022330
2001-03-28,0.02802269,0.00018757,0.01070433,-0.01157286,0.00022330
2001-03-29,-0.01271843,-0.00735153,0.00232304,0.02779363,0.00022330
2001-03-30,-0.03868634,0.01951644,-0.00710395,0.02382594,0.00022330
2001-04-02,-0.02267691,-0.00057166,0.00680115,0.02072315,0.00067004
2001-04-03,0.00986197,-0.00857827,-0.00386987,-0.00775827,0.00022961
2001-04-04,-0.00756463,0.00312162,0.00251864,0.01781468,0.00022961
2001-04-06,-0.00382006,-0.00328669,-0.00526323,0.01143240,0.00045927
2001-04-09,-0.00779426,-0.00420079,0.00562648,-0.00607080,0.00068267
2001-04-10,-0.02575985,-0.00680626,0.00158698,0.03619344,0.00022330
2001-04-11,-0.03828234,0.01325035,0.01146025,0.06167537,0.00022330
2001-04-12,-0.04283767,0.00830318,-0.00681652,0.04482932,0.00022330
2001-04-16,0.02264380,-0.00665177,0.00256968,-0.05281096,0.00088505
2001-04-17,0.02679846,-0.01828619,-0.00529633,-0.02744741,0.00021487
2001-04-18,0.04911406,-0.01256157,0.00160555,-0.08459663,0.00021487
2001-04-19,0.03121857,-0.01339454,-0.00403138,-0.01604015,0.00021487
2001-04-20,0.00671023,-0.01269786,0.01129773,-0.01046579,0.00021487
2001-04-23,0.00613878,0.00070217,-0.00056715,-0.00409287,0.00063735
2001-04-24,0.00732670,-0.00335697,0.00303468,-0.03611227,0.00020748
2001-04-25,0.01115866,0.00187205,-0.00062671,-0.00905634,0.00020748
2001-04-26,-0.01322379,0.00916086,0.01186660,0.02326777,0.00020748
2001-04-27,-0.05076908,0.01202857,0.01059160,0.07353274,0.00020748
2001-04-30,0.02974167,-0.02427221,-0.00755203,-0.05340211,0.00061834
2001-05-02,0.01536631,-0.00668838,-0.00435439,-0.00663780,0.00040655
2001-05-03,-0.00559953,-0.00401954,0.01300794,0.01958052,0.00020326
2001-05-04,0.00839601,-0.01256856,0.00936367,-0.01656450,0.00020326
2001-05-07,0.01022654,0.00268641,0.00200372,-0.01702358,0.00060989
2001-05-08,0.01021794,-0.00536411,0.01858259,-0.01598543,0.00019480
2001-05-09,-0.00786778,0.00381954,-0.00539879,0.00896874,0.00019480
2001-05-10,-0.00522706,0.00129304,-0.00185451,0.00517188,0.00019480
2001-05-11,-0.00605681,0.00440392,-0.00721578,-0.00413963,0.00019480
2001-05-14,-0.00302220,0.00222611,0.00536847,0.00363715,0.00059297
2001-05-15,0.00194685,-0.01103307,-0.00692150,0.00705428,0.00020326
2001-05-16,0.01161513,0.01799079,-0.01451622,-0.01341717,0.00020326
2001-05-17,0.01690775,-0.00722382,0.00260374,0.00279954,0.00020326
2001-05-18,0.00334080,0.00167635,-0.00074240,0.00492088,0.00020431
2001-05-21,0.00425808,0.01024502,-0.00113045,-0.01472947,0.00061306
2001-05-22,0.00417916,0.00852721,-0.00304651,-0.02465590,0.00020431
2001-05-23,0.01436795,0.02103189,-0.00987578,-0.03771820,0.00020431
2001-05-24,-0.00215307,-0.00697710,0.00461158,0.00486198,0.00020431
2001-05-25,-0.00408665,0.01611011,-0.00019118,-0.01245322,0.00020431
2001-05-28,0.01754273,-0.00115650,-0.00337483,-0.01360635,0.00061306
2001-05-29,0.00510305,0.00031343,0.00761810,0.00137662,0.00020431
2001-05-30,-0.01943966,0.00869313,-0.00054544,0.03059706,0.00020431
2001-05-31,-0.01001354,0.00064679,0.00358831,0.00813099,0.00020431
2001-06-01,-0.01037811,-0.00529915,0.00219116,0.00055491,0.00019480
2001-06-04,-0.02639254,0.00294144,-0.00147851,0.01385280,0.00058451
2001-06-05,-0.01010367,-0.00586418,-0.00986248,-0.00697920,0.00019480
2001-06-06,0.00584915,-0.00298452,-0.00660322,-0.00914848,0.00019480
2001-06-07,-0.00563723,-0.00889806,-0.00111115,0.00797621,0.00019480
2001-06-08,0.01318663,-0.01098547,-0.00254711,-0.01107242,0.00019797
2001-06-11,0.00182241,0.00199569,-0.01108311,0.01343208,0.00059403
2001-06-12,0.00093074,-0.00172422,0.00517279,-0.00396459,0.00019797
2001-06-13,0.00695606,0.00684936,-0.00755356,-0.00539791,0.00019797
2001-06-14,-0.01410408,-0.00339403,0.00627023,0.01599629,0.00019797
2001-06-15,-0.02531384,-0.00027288,0.00146349,0.03809032,0.00019162
2001-06-18,-0.01026335,-0.00321306,-0.01170008,0.00469198,0.00057497
2001-06-19,0.01405637,-0.01658378,-0.00235202,-0.00071203,0.00019162
2001-06-20,0.00099980,0.00015808,0.00159389,0.01832509,0.00019162
2001-06-21,-0.00931769,0.00447830,-0.00240245,0.00109209,0.00019162
2001-06-22,-0.01818071,0.00699359,-0.00504131,0.01097498,0.00018845
2001-06-25,-0.03273106,0.00640593,-0.00561453,0.03387295,0.00056544
2001-06-26,0.02691962,-0.00913688,-0.03042537,-0.04334437,0.00018845
2001-06-27,-0.00086591,0.00335934,0.00369140,0.00542379,0.00018845
2001-06-28,-0.00265668,0.00153093,0.00816762,-0.00603115,0.00018845
2001-06-29,0.01191200,-0.00147399,-0.01316768,-0.02704691,0.00018738
2001-07-02,-0.00500855,0.02501014,-0.00297682,-0.02346051,0.00056226
2001-07-03,-0.02642015,0.00803311,-0.01124725,0.01646371,0.00018738
2001-07-04,-0.00492679,-0.00274377,0.01584170,0.00768080,0.00018738
2001-07-05,0.00375847,-0.00566679,-0.00076168,0.00033853,0.00018738
2001-07-06,-0.00872109,0.00125264,0.00160313,0.02119464,0.00018633
2001-07-09,-0.00368014,0.00328455,-0.00387318,0.00962626,0.00055908
2001-07-10,0.01239743,-0.00985584,-0.00576175,-0.00111514,0.00018633
2001-07-11,0.00463337,-0.01032842,-0.00150322,-0.00061461,0.00018633
2001-07-12,0.02028125,-0.01046682,-0.00096680,-0.03204732,0.00018633
2001-07-13,0.00471490,-0.01155535,-0.00569170,0.01582369,0.00018633
2001-07-16,-0.00573955,0.00505556,-0.00243505,0.00204716,0.00055908
2001-07-17,-0.00386383,-0.00166667,-0.00018617,0.00862885,0.00018633
2001-07-18,-0.00262748,-0.00200482,-0.01146257,0.01527952,0.00018633
2001-07-19,-0.00709236,-0.00733617,-0.00640413,0.01134212,0.00018633
2001-07-20,-0.00640841,-0.00152890,0.00646094,0.01674375,0.00018845
2001-07-23,-0.01029764,0.00828790,0.01747902,0.02922337,0.00056544
2001-07-24,-0.00605732,-0.00107360,-0.01247585,0.00471801,0.00018845
2001-07-25,-0.01171562,-0.01510717,0.02089935,0.04420271,0.00018845
2001-07-26,-0.01161178,0.00383296,-0.00980171,0.00314925,0.00018845
2001-07-27,-0.00071497,0.00318576,0.00234977,-0.01734178,0.00018738
2001-07-30,0.01111433,-0.00999457,0.00035289,0.02351655,0.00056226
2001-07-31,0.01220677,-0.00618948,0.00334090,0.00270523,0.00018738
2001-08-01,-0.00674460,0.00912219,-0.00055762,-0.01386173,0.00018738
2001-08-02,0.00767313,-0.01342935,0.00912551,-0.01563453,0.00018738
2001-08-03,0.00815019,0.00243600,-0.01697435,-0.02240776,0.00018527
2001-08-06,0.00148146,0.00519315,-0.00288337,-0.00765826,0.00055590
2001-08-07,-0.00521011,0.00182502,0.00366620,0.02586407,0.00018527
2001-08-08,-0.00359068,0.00272133,-0.00067031,0.00473020,0.00018527
2001-08-09,-0.00224203,-0.00129563,-0.00470904,0.02693405,0.00018527
2001-08-10,-0.00404053,0.00336136,0.00580884,-0.00331341,0.00018421
2001-08-13,-0.00886700,0.00629202,-0.00881109,-0.00579812,0.00055272
2001-08-14,0.01399141,-0.00727914,0.00460291,-0.02321567,0.00018421
2001-08-16,0.00303208,-0.00110613,-0.00523168,0.00288481,0.00036845
2001-08-17,-0.00892582,0.00453231,-0.00272922,0.00025052,0.00018209
2001-08-20,-0.00661138,0.01186208,0.00146371,0.00971231,0.00054636
2001-08-21,0.00481808,0.00162601,-0.00977082,-0.00415736,0.00018209
2001-08-23,0.00097844,0.00256624,-0.00357862,-0.00108515,0.00036421
2001-08-24,0.00283777,-0.00393902,0.00008196,-0.02897686,0.00018209
2001-08-27,0.00836106,0.00822184,-0.00112846,-0.03080392,0.00054636
2001-08-28,-0.00332395,-0.00036815,0.00161161,0.01463496,0.00018209
2001-08-29,-0.00029252,0.00266769,0.00365431,-0.00264813,0.00018209
2001-08-30,-0.00226792,0.00631734,0.00375272,0.00344915,0.00018209
2001-08-31,-0.01271268,0.00804009,-0.00131838,0.01691246,0.00018103
2001-09-03,-0.00903280,0.00671510,-0.00393788,0.00229826,0.00054317
2001-09-04,0.00478063,0.00566371,-0.01324674,-0.01578391,0.00018103
2001-09-05,-0.00618605,0.00646362,-0.01616339,0.01925755,0.00018103
2001-09-06,-0.00858586,-0.00154679,0.00430639,0.03150240,0.00018103
2001-09-07,0.00176356,-0.00367271,-0.00099438,-0.01770458,0.00018103
2001-09-10,-0.00251081,0.01175835,0.00299673,-0.00915672,0.00054317
2001-09-11,-0.00725357,0.00671716,-0.00395593,-0.00248264,0.00018103
2001-09-12,-0.03777357,-0.01338252,0.00788446,0.05324429,0.00018103
2001-09-13,-0.00806623,-0.00282176,-0.00290286,-0.00060960,0.00018103
2001-09-14,-0.06030556,0.00230451,0.00697452,0.04272624,0.00018527
2001-09-17,-0.06510779,0.00248752,0.00444702,0.05940572,0.00055590
2001-09-18,0.03689112,-0.00739510,0.00281636,-0.03750776,0.00018527
2001-09-19,0.00592309,0.00590099,-0.00292049,0.00579030,0.00018527
2001-09-20,-0.01751211,-0.00155826,0.00137678,0.01254628,0.00018527
2001-09-21,-0.04370639,0.01483703,0.00740083,0.03115642,0.00019056
2001-09-24,0.03142351,-0.00998525,0.00509059,-0.03151362,0.00057180
2001-09-25,-0.01059916,0.00417353,-0.00551104,0.03125921,0.00019056
2001-09-26,0.01724868,-0.01042119,0.00366475,0.01802501,0.00019056
2001-09-27,0.00581461,0.00638942,0.00077844,-0.00181884,0.00019056
2001-09-28,0.02728127,-0.01705210,-0.00150705,0.00902174,0.00018527
2001-10-01,-0.01027349,0.00595396,0.01523313,0.01076789,0.00055590
2001-10-03,-0.01417771,-0.00380436,0.00052960,0.01713091,0.00037057
2001-10-04,0.01071893,-0.00714037,-0.00341901,-0.02536029,0.00018527
2001-10-05,0.00020316,0.00438641,-0.00003954,-0.00953427,0.00018209
2001-10-08,-0.01653540,0.00611998,0.00029346,0.02222667,0.00054636
2001-10-09,0.01482244,-0.00950178,-0.01155178,-0.00301671,0.00018209
2001-10-10,0.02532688,-0.00555473,-0.00113015,-0.00962610,0.00018209
2001-10-11,0.01563259,-0.01183236,0.00937229,-0.04342608,0.00018209
2001-10-12,0.00427632,-0.00485600,0.00022154,-0.02060503,0.00018315
2001-10-15,-0.00046120,0.01302473,0.00564519,0.01036218,0.00054954
2001-10-16,0.01440216,0.00243053,0.00467555,-0.02607128,0.00018315
2001-10-17,0.01769714,0.00257624,0.00443811,-0.02399465,0.00018315
2001-10-18,-0.01543562,-0.00304076,0.00272181,0.01753917,0.00018315
2001-10-19,0.00510187,0.00676879,0.00004888,-0.01945483,0.00018527
2001-10-22,0.00538812,0.01405482,-0.00426587,-0.03355057,0.00055590
2001-10-23,0.01312162,0.00106255,-0.00620042,-0.01411432,0.00018527
2001-10-24,-0.00381574,0.00270165,-0.00015397,0.00678162,0.00018527
2001-10-25,-0.00422059,0.00532534,0.00057123,-0.01116039,0.00018527
2001-10-29,-0.00057829,0.01313905,-0.01522697,-0.00601318,0.00071262
2001-10-30,-0.01713204,0.00421182,0.00020144,0.01688084,0.00017572
2001-10-31,0.00690884,-0.00738227,0.00081887,0.00525934,0.00017572
2001-11-01,0.01657646,-0.00022034,-0.01141504,-0.01613496,0.00017572
2001-11-02,0.00211546,-0.00884234,-0.00766054,0.00221228,0.00017784
2001-11-05,-0.00334928,0.01700101,-0.00948266,-0.00918068,0.00053362
2001-11-06,0.01567871,-0.00134789,-0.01080599,-0.02675259,0.00017784
2001-11-07,-0.00926695,0.01237692,0.00230938,0.00764569,0.00017784
2001-11-08,0.00914470,-0.01375624,0.00398885,-0.00364989,0.00017784
2001-11-09,0.00501687,0.00731200,0.01243809,-0.01528738,0.00017784
2001-11-12,0.00956075,0.01627595,0.00321935,-0.02437729,0.00053362
2001-11-13,-0.00628373,0.00912203,0.00265908,-0.00979625,0.00017784
2001-11-14,0.01324299,0.00004751,0.01374462,-0.02089562,0.00017784
2001-11-15,0.02156691,-0.00325894,0.00665444,-0.04689384,0.00017784
2001-11-19,0.03234218,0.02307571,0.00209947,-0.06012216,0.00071156
2001-11-20,-0.01502152,0.00910409,0.00024021,-0.01374448,0.00017784
2001-11-21,0.00928017,0.00483193,-0.00042099,-0.01568333,0.00017784
2001-11-22,0.00976297,0.00393870,0.00490648,-0.04541349,0.00017784
2001-11-23,-0.00307718,0.00018318,-0.00360439,-0.00935555,0.00017784
2001-11-26,0.02678743,0.03269480,-0.00516801,-0.06438166,0.00053362
2001-11-27,-0.00136271,-0.00704084,0.00042902,0.00750179,0.00017784
2001-11-28,-0.01111687,-0.01640034,-0.00050276,0.04559499,0.00017784
2001-11-29,-0.00261669,-0.00256356,-0.00657362,0.00436992,0.00017784
2001-12-03,0.00991307,0.01464584,0.00513624,-0.02231306,0.00069563
2001-12-04,0.01375587,0.01133924,0.00330197,-0.01871709,0.00017254
2001-12-05,0.03213065,-0.00764476,-0.00264172,-0.03244846,0.00017254
2001-12-06,0.00122214,-0.01356599,0.00296294,-0.00251813,0.00017254
2001-12-07,0.00156380,0.00679418,-0.01456686,-0.00518170,0.00017466
2001-12-10,0.00234570,0.01816795,-0.00868503,-0.01576250,0.00052407
2001-12-11,-0.00513558,0.00425079,-0.00437487,-0.00137245,0.00017466
2001-12-12,0.00179309,-0.00431852,0.00764552,-0.01000217,0.00017466
2001-12-13,-0.01455865,-0.02116096,0.00313848,0.03909206,0.00017466
2001-12-14,-0.00519208,0.00957029,-0.00379606,0.00618349,0.00017890
2001-12-18,-0.00813916,0.01300245,-0.02802598,0.00611454,0.00071581
2001-12-19,-0.02324189,-0.01066742,0.02306763,0.03123097,0.00017890
2001-12-20,-0.00400574,-0.02156306,-0.00326626,0.01872915,0.00017890
2001-12-21,-0.01316068,-0.02509469,-0.00165772,0.04006797,0.00018421
2001-12-24,-0.00087248,-0.00012391,-0.00807096,-0.00572717,0.00055272
2001-12-26,-0.01243197,0.00392880,-0.00345382,0.01638480,0.00036845
2001-12-27,-0.02303529,0.00583628,-0.00036394,0.00894374,0.00018421
2001-12-28,0.01829223,0.00752366,-0.01127093,-0.03606407,0.00019162
2001-12-31,0.02700744,0.02193336,-0.00785647,-0.04901991,0.00057497
2002-01-01,-0.00334810,-0.00841685,0.01016108,0.00520710,0.00019162
2002-01-02,0.00717585,-0.00416221,-0.00773044,-0.00256632,0.00019162
2002-01-03,0.01120661,0.00309226,-0.01037626,-0.02322740,0.00019162
2002-01-04,0.02116627,-0.00800910,-0.00021116,-0.01212558,0.00018421
2002-01-07,0.00778683,0.00344901,-0.01050899,-0.00234227,0.00055272
2002-01-08,0.00555547,-0.01357210,-0.00683894,0.00361160,0.00018421
2002-01-09,-0.01591515,-0.00302423,0.00168145,0.02700164,0.00018421
2002-01-10,-0.00990814,-0.00117295,0.00610023,0.00225012,0.00018421
2002-01-11,-0.01234523,-0.01180268,0.00727424,0.02605571,0.00018103
2002-01-14,0.02279263,0.00026544,-0.00822286,-0.01228572,0.00054317
2002-01-15,-0.01155682,0.00398768,0.00117410,0.00967570,0.00018103
2002-01-16,0.00225268,-0.00131025,-0.01057451,0.00406468,0.00018103
2002-01-17,0.01645156,0.00706499,-0.01128015,-0.01889847,0.00018103
2002-01-18,-0.01125758,0.00452199,0.00285084,0.01714190,0.00017784
2002-01-21,0.00057214,-0.00317029,0.00493683,0.00808856,0.00053362
2002-01-22,-0.00170895,0.01739380,-0.01210156,0.00620820,0.00017784
2002-01-23,-0.00000574,-0.00939942,0.00806188,0.00984379,0.00017784
2002-01-24,-0.00608409,0.01016421,-0.00671432,0.00688865,0.00017784
2002-01-25,-0.00748741,0.01394496,0.00154999,-0.00091649,0.00017466
2002-01-28,-0.00597036,0.00039215,0.00046401,-0.00049147,0.00052407
2002-01-29,0.00179254,-0.00857367,-0.00722662,0.00713633,0.00017466
2002-01-30,-0.00551902,-0.00524776,-0.00087203,0.00614312,0.00017466
2002-01-31,0.01364584,-0.00074736,-0.00991967,-0.00957594,0.00017466
2002-02-01,0.01185373,-0.02051251,0.00261697,-0.00172845,0.00017360
2002-02-04,0.00257092,-0.01462787,0.00581077,0.01660842,0.00052088
2002-02-05,0.00684669,-0.01358703,-0.00458539,0.01867027,0.00017360
2002-02-06,0.04970566,-0.04728153,-0.00023960,-0.01333828,0.00017360
2002-02-07,-0.01092009,0.00519094,0.01024499,0.00628001,0.00017360
2002-02-08,0.00491243,0.01066040,-0.01066930,-0.00190804,0.00016829
2002-02-11,0.01090519,0.00558499,-0.00357827,-0.00511036,0.00050494
2002-02-12,0.00074222,-0.00508630,-0.00219868,-0.01462911,0.00016829
2002-02-13,0.01446088,-0.03870572,0.00968338,0.01222844,0.00016829
2002-02-14,0.01939943,-0.03647036,0.01725198,0.00731168,0.00016829
2002-02-15,0.00719768,0.01143024,0.02179573,0.00932496,0.00016616
2002-02-18,0.00445254,0.00858910,0.01288232,0.00286488,0.00049855
2002-02-19,-0.01311538,0.01063668,-0.01174194,0.00138551,0.00016616
2002-02-20,-0.00928012,-0.01177180,-0.01424211,0.02351611,0.00016616
2002-02-21,0.00299004,0.01226684,-0.00955486,-0.00208699,0.00016616
2002-02-22,0.00995446,-0.01507583,0.01900804,0.00650188,0.00016616
2002-02-25,-0.00201645,0.01470042,0.00166576,-0.00799187,0.00049855
2002-02-26,0.02269692,-0.01363202,-0.00394540,0.00917462,0.00016616
2002-02-27,-0.00375003,-0.00320520,0.01350687,-0.00317262,0.00016616
2002-02-28,-0.04204672,-0.00423905,-0.00217680,0.02763351,0.00016616
2002-03-01,0.03460782,-0.02283264,-0.00900208,0.02557970,0.00016510
2002-03-04,0.00527473,0.01338588,-0.01325020,0.01595769,0.00049537
2002-03-05,0.00227172,0.00747526,-0.00810247,0.00138968,0.00016510
2002-03-06,-0.00471635,0.00210312,0.00072296,0.00441483,0.00016510
2002-03-07,0.01201177,0.00112009,-0.00594388,-0.00265266,0.00016510
2002-03-08,-0.00133537,0.00752695,-0.01724759,-0.00219761,0.00016190
2002-03-11,-0.01497298,0.01199272,-0.01358404,-0.00531475,0.00048579
2002-03-12,-0.01599464,0.00259488,-0.00525812,0.00530087,0.00016190
2002-03-13,0.00810576,-0.00090618,-0.00023083,-0.00011775,0.00016190
2002-03-14,0.00245331,0.00078177,0.00058084,0.00268289,0.00016190
2002-03-15,0.01151460,0.00567201,-0.00768552,0.00105081,0.00016084
2002-03-18,0.00495167,0.00558901,0.00953956,-0.01512039,0.00048259
2002-03-19,-0.01650092,0.00148791,0.00775349,0.00657446,0.00016084
2002-03-20,0.00178190,-0.00384721,-0.00380002,0.00120392,0.00016084
2002-03-21,-0.00518230,0.00580561,-0.00149684,0.00393980,0.00016084
2002-03-22,-0.00232656,-0.00694607,0.00015781,0.00516639,0.00016084
2002-03-26,-0.00867683,-0.00708696,0.01610966,0.00965911,0.00064351
2002-03-27,0.00427544,-0.01235236,-0.00196761,0.00689463,0.00016084
2002-03-28,0.00690431,0.00509922,-0.00806564,0.01209410,0.00016084
2002-04-01,0.02948453,-0.06163928,0.02342694,0.03154230,0.00064990
2002-04-02,0.00156818,-0.01711624,0.01038295,0.00655523,0.00016297
2002-04-03,-0.00782061,0.00332094,-0.00419153,0.01549128,0.00016297
2002-04-04,0.01226624,0.01944163,-0.00833009,0.00255633,0.00016297
2002-04-05,0.00560091,-0.00245463,0.01401442,0.00876201,0.00015871
2002-04-08,-0.00109928,-0.00017515,0.01458659,0.01586532,0.00047620
2002-04-09,-0.00952793,0.03799383,-0.00603166,-0.01509461,0.00015871
2002-04-10,0.00542545,0.02693919,-0.01811987,-0.01076385,0.00015871
2002-04-11,0.01183751,-0.00625462,-0.00517828,0.00087055,0.00015871
2002-04-12,0.00289024,0.01159813,-0.00636323,-0.01273225,0.00015552
2002-04-15,-0.01391242,0.01472167,0.00296395,-0.01594351,0.00046662
2002-04-16,-0.01029859,0.00456937,-0.00107972,-0.00582642,0.00015552
2002-04-17,0.00477188,0.01028159,0.00367655,-0.01126458,0.00015552
2002-04-18,0.00793411,-0.01040025,0.01143490,-0.00798192,0.00015552
2002-04-19,-0.02343751,0.00125215,0.01237686,-0.00740596,0.00015445
2002-04-22,0.00105095,-0.00158894,-0.00989921,0.00249084,0.00046342
2002-04-23,0.00340703,0.00365995,-0.01248000,0.00751490,0.00015445
2002-04-24,0.00704586,0.01268398,-0.02328469,0.01661551,0.00015445
2002-04-25,-0.01284897,0.00169416,0.00871714,0.00806436,0.00015445
2002-04-26,-0.00201554,0.01031651,0.00400139,-0.00590464,0.00015871
2002-04-29,-0.01057718,0.00015489,0.00898872,0.01230126,0.00047620
2002-04-30,0.01808714,-0.01046872,0.00541860,0.00835378,0.00015871
2002-05-02,0.00976447,-0.00881444,0.02328435,-0.00615164,0.00031744
2002-05-03,-0.00175315,0.01189474,0.00963034,-0.00994901,0.00016297
2002-05-06,0.00681511,0.00340632,0.02275139,-0.00015133,0.00048898
2002-05-07,0.00552104,0.01083417,0.01223454,-0.01583857,0.00016297
2002-05-08,0.00371844,0.01417567,-0.00446177,-0.01068646,0.00016297
2002-05-09,0.00882844,-0.01323149,0.01188031,0.00657247,0.00016297
2002-05-10,-0.00766177,-0.00918638,0.00647408,0.00892649,0.00016935
2002-05-13,0.00194915,0.00297604,0.02074696,0.00177415,0.00050813
2002-05-14,-0.00307006,-0.00307182,-0.00350202,0.00215762,0.00016935
2002-05-15,-0.00629734,-0.02867929,0.01012681,0.00453746,0.00016935
2002-05-16,-0.00560109,-0.02826347,0.00835898,0.02052070,0.00016935
2002-05-17,-0.00788498,-0.00471248,0.01550924,-0.01408738,0.00018527
2002-05-20,-0.02231759,-0.01542728,0.00978618,0.00205824,0.00055590
2002-05-21,-0.03032546,-0.01668952,-0.00961052,0.00987336,0.00018527
2002-05-22,0.00414140,0.01155144,-0.00684002,0.00856475,0.00018527
2002-05-23,-0.01203532,0.01042696,-0.00350808,0.00647157,0.00018527
2002-05-24,0.04074655,0.02854549,0.02412277,-0.02018769,0.00018421
2002-05-27,-0.00498593,0.02327625,0.05044282,-0.00658739,0.00055272
2002-05-28,-0.02521263,-0.00006135,0.00654121,-0.00647169,0.00018421
2002-05-29,0.01117757,0.00551539,0.00412661,-0.00523676,0.00018421
2002-05-30,-0.00848879,-0.00399115,0.01160734,-0.00935846,0.00018421
2002-05-31,-0.00314633,0.00037629,0.00349022,-0.00924845,0.00017466
2002-06-03,0.01698234,0.00243562,0.02836982,-0.00023304,0.00052407
2002-06-04,0.01021279,0.00724726,0.04982829,-0.00188319,0.00017466
2002-06-05,0.01634049,0.00883656,-0.00031905,-0.01573734,0.00017466
2002-06-06,-0.00812284,0.00197512,0.00083399,-0.00133922,0.00017466
2002-06-07,-0.01724221,-0.00488455,-0.01765658,-0.00748832,0.00017041
2002-06-10,0.02043471,0.00839563,0.01230402,0.00276454,0.00051132
2002-06-11,0.02819867,-0.00360437,-0.00230249,0.01599268,0.00017041
2002-06-12,-0.00021684,0.00336330,0.00416633,0.00599918,0.00017041
2002-06-13,-0.00511629,0.01048864,0.00223192,0.00568367,0.00017041
2002-06-14,0.00442034,0.01570976,0.02065882,-0.00263244,0.00016935
2002-06-17,0.00501920,0.02412907,0.06535149,-0.01178545,0.00050813
2002-06-18,-0.01244944,0.01337927,-0.00032951,-0.00963910,0.00016935
2002-06-19,-0.01178742,0.00007813,0.00180458,-0.00565507,0.00016935
2002-06-20,0.00492398,0.01409343,0.00515567,-0.00767148,0.00016935
2002-06-21,-0.00452021,0.00859174,0.00555514,-0.00698162,0.00016829
2002-06-24,-0.00108574,0.01181498,0.00954953,-0.00831593,0.00050494
2002-06-25,-0.00491166,0.00352005,0.00705945,0.00425224,0.00016829
2002-06-26,-0.01315263,-0.00905934,0.00004483,-0.00541864,0.00016829
2002-06-27,0.00863987,0.00032936,0.00877517,0.00700688,0.00016829
2002-06-28,0.00805487,0.00176226,0.02273756,0.00627819,0.00016297
2002-07-01,0.01469083,0.00780852,0.04815005,0.00986587,0.00048898
2002-07-02,-0.00146151,0.01022173,0.00589729,-0.00339058,0.00016297
2002-07-03,0.00297737,0.01279136,-0.01540955,-0.00036305,0.00016297
2002-07-04,0.00684839,0.00341725,0.01086968,0.00779027,0.00016297
2002-07-05,0.00472710,0.02509861,0.00765426,-0.00584933,0.00015445
2002-07-08,0.00776254,0.02659350,0.01287433,-0.01791599,0.00046342
2002-07-09,-0.00129183,-0.00637280,-0.00928666,-0.00461757,0.00015445
2002-07-10,-0.01105666,-0.01403815,-0.02235060,0.00223335,0.00015445
2002-07-11,-0.01241047,-0.01777233,0.00013464,0.00774205,0.00015445
2002-07-12,0.00817311,-0.00345932,-0.00152059,0.01842026,0.00015232
2002-07-15,-0.00427730,-0.04479206,-0.02024113,0.01160263,0.00045703
2002-07-16,-0.01429603,0.00777080,-0.00666417,-0.00081289,0.00015232
2002-07-17,-0.01126346,-0.00381007,-0.00960810,-0.00986345,0.00015232
2002-07-18,0.01528857,0.00395974,0.01131452,0.01403799,0.00015232
2002-07-19,-0.00612798,0.00239127,-0.01201473,0.00062232,0.00015552
2002-07-22,-0.02779116,-0.02358793,-0.02784504,-0.00619625,0.00046662
2002-07-23,0.01248362,-0.00173310,-0.00877009,0.01100580,0.00015552
2002-07-24,-0.01648288,-0.00835567,-0.01268079,-0.00081248,0.00015552
2002-07-25,-0.00326568,-0.00250181,0.00185771,-0.00084311,0.00015552
2002-07-26,-0.02840419,-0.02251154,-0.01975130,0.00052241,0.00015552
2002-07-29,-0.01175183,-0.02338778,-0.02366544,-0.01511577,0.00046662
2002-07-30,-0.01396266,-0.00723245,-0.00481999,-0.01837473,0.00015552
2002-07-31,-0.00300965,0.00048899,0.01656288,0.01207948,0.00015552
2002-08-01,0.00003003,0.00361720,0.00549338,0.00065918,0.00015552
2002-08-02,0.00221636,-0.01711931,0.00887641,0.02183261,0.00015445
2002-08-05,0.00917998,0.02164056,0.00816811,-0.00231547,0.00046342
2002-08-06,0.00437306,0.00384515,0.00417324,0.00341462,0.00015445
2002-08-07,0.00529305,0.00348350,0.00155194,0.00117180,0.00015445
2002-08-08,-0.01749525,-0.01067607,-0.01590542,-0.00373269,0.00015445
2002-08-09,0.00656932,0.00193949,-0.00349299,0.00275955,0.00015445
2002-08-12,0.00853391,-0.00101453,0.00113267,-0.00047610,0.00046342
2002-08-13,0.00851784,-0.00452448,-0.00109505,0.00134788,0.00015445
2002-08-14,-0.00005580,-0.00794610,-0.00986049,0.00281597,0.00015445
2002-08-16,0.00680903,-0.00558303,0.00025337,-0.00369502,0.00030892
2002-08-19,0.00170687,-0.00211777,-0.00862996,-0.00169921,0.00046342
2002-08-20,0.00941003,0.00051210,-0.00529782,-0.00676936,0.00015445
2002-08-21,0.00193570,-0.00670205,-0.00164909,0.00237717,0.00015445
2002-08-22,-0.00248180,-0.00243482,0.00213881,0.00579217,0.00015445
2002-08-23,0.00502330,0.00299503,-0.01258108,-0.01119442,0.00015445
2002-08-26,0.00516311,-0.00969909,-0.00366228,-0.00542966,0.00046342
2002-08-27,-0.00688789,0.00688004,0.00233027,0.00562734,0.00015445
2002-08-28,-0.00683050,-0.01572123,-0.00912793,0.00024659,0.00015445
2002-08-29,-0.00663200,0.00841647,-0.00978761,-0.02283300,0.00015445
2002-08-30,0.01480658,0.00361133,-0.00225572,-0.01248397,0.00015338
2002-09-02,0.00337264,0.00763444,0.00793291,-0.00453015,0.00046022
2002-09-03,-0.00464606,-0.00345039,0.00167915,0.00700050,0.00015338
2002-09-04,0.00423396,-0.00669659,-0.00580100,0.00176237,0.00015338
2002-09-05,0.00216337,0.00055750,0.00353618,0.00270104,0.00015338
2002-09-06,-0.01379781,-0.00241332,0.00801927,-0.00053500,0.00015125
2002-09-09,-0.01635193,0.02523102,-0.00796768,-0.03498466,0.00045383
2002-09-11,-0.00147750,0.00144306,-0.00637689,-0.00581596,0.00030253
2002-09-12,0.00682965,-0.00413783,-0.00088219,0.00718259,0.00015125
2002-09-13,-0.00813427,0.00217848,0.01691499,0.00107349,0.00015232
2002-09-16,-0.01104962,0.00286259,0.00661926,-0.01380648,0.00045703
2002-09-17,0.00415766,-0.00155616,-0.01206324,-0.00092663,0.00015232
2002-09-18,-0.01080992,0.00071371,0.00007576,0.00043031,0.00015232
2002-09-19,-0.00725945,-0.00124138,-0.01030898,-0.00335193,0.00015232
2002-09-20,-0.00272496,-0.00578836,0.00058085,0.00563545,0.00015338
2002-09-23,0.00015744,-0.00070993,0.00019284,-0.00127237,0.00046022
2002-09-24,-0.00607099,-0.01039310,-0.00281156,0.00184792,0.00015338
2002-09-25,0.00486943,0.00096759,-0.00597582,0.00111501,0.00015338
2002-09-26,0.00027213,0.00450334,0.00014398,0.00378976,0.00015338
2002-09-27,0.00381652,0.00481780,-0.00464564,0.00134694,0.00015338
2002-09-30,-0.01680515,0.00380013,0.00114159,-0.00405495,0.00046022
2002-10-01,-0.01038198,-0.00336855,0.00185309,-0.00088457,0.00015338
2002-10-03,-0.00263591,-0.00588433,0.00230166,0.00491907,0.00030679
2002-10-04,-0.00140225,-0.00024736,-0.00444213,-0.00469886,0.00015338
2002-10-07,0.01713834,-0.02217665,0.01490738,0.01940463,0.00046022
2002-10-08,0.00664329,0.00006797,-0.00699958,0.00093131,0.00015338
2002-10-09,-0.00806248,0.00798355,-0.00338635,-0.00746786,0.00015338
2002-10-10,0.00441645,-0.00249192,-0.00272861,0.00459536,0.00015338
2002-10-11,0.01722089,-0.01312095,0.00259262,0.02200571,0.00015338
2002-10-14,-0.00293698,0.01136884,-0.01035783,-0.00874960,0.00046022
2002-10-16,-0.00343827,-0.00077053,0.00134458,0.00387836,0.00030679
2002-10-17,0.00076131,-0.00652908,-0.00292158,0.00534297,0.00015338
2002-10-18,0.00571347,-0.00047624,0.00412123,0.00493215,0.00015232
2002-10-21,-0.00486941,0.00187700,-0.00549568,-0.00130854,0.00045703
2002-10-22,-0.01580735,0.00609322,0.00346613,-0.01576573,0.00015232
2002-10-23,-0.00666183,-0.00083188,-0.00070235,0.00578659,0.00015232
2002-10-24,-0.00844897,-0.00807694,0.00100242,0.01160508,0.00015232
2002-10-25,-0.01558735,0.00074472,-0.00106955,0.01032225,0.00015232
2002-10-28,-0.00922114,0.00068429,-0.00230129,0.01424629,0.00045703
2002-10-29,0.01345178,-0.01045688,0.01654194,0.00503367,0.00015232
2002-10-30,0.00463561,-0.00476758,-0.00217432,-0.00798671,0.00015232
2002-10-31,0.01124749,-0.00226189,0.00557134,0.01722559,0.00015232
2002-11-01,0.00401908,-0.00545406,0.00219222,0.00654283,0.00014699
2002-11-04,0.00686113,0.00851765,0.00188802,-0.01151222,0.00044102
2002-11-05,-0.00433151,0.00391054,-0.00006734,-0.00499266,0.00014699
2002-11-07,-0.00255465,0.00738442,-0.00332915,-0.01359031,0.00029399
2002-11-08,-0.00076240,-0.00471586,-0.00272910,0.00902734,0.00014699
2002-11-11,-0.00286245,-0.00448183,-0.00232147,-0.01174710,0.00044102
2002-11-12,0.00366203,-0.01118104,-0.00402935,0.00431351,0.00014699
2002-11-13,0.00423486,0.00006024,-0.00170371,0.00122265,0.00014699
2002-11-14,-0.00126932,0.00141955,0.00197421,-0.01519715,0.00014699
2002-11-15,0.01155067,-0.00110692,-0.00074111,-0.00504191,0.00014699
2002-11-18,0.00701764,-0.00100325,0.00654262,-0.00265707,0.00044102
2002-11-20,-0.00252192,0.01277548,0.00796686,-0.01921784,0.00029399
2002-11-21,0.00086676,0.00924255,-0.00269659,-0.01098534,0.00014699
2002-11-22,0.00772799,-0.00426554,0.00888591,-0.00113763,0.00014379
2002-11-25,0.00796464,-0.00530336,0.01064694,0.00943453,0.00043142
2002-11-26,0.00932348,-0.00446044,0.00933486,-0.00481900,0.00014379
2002-11-27,-0.00396238,-0.00062493,-0.00774193,-0.00503614,0.00014379
2002-11-28,0.01214105,0.00423122,0.00493607,-0.01567138,0.00014379
2002-11-29,0.00570493,0.00458418,0.01171985,-0.00301905,0.00013631
2002-12-02,0.02436096,0.01300732,0.01808546,-0.00435676,0.00040898
2002-12-03,-0.01514401,-0.00422900,-0.00892744,0.00186525,0.00013631
2002-12-04,-0.01502511,0.00098417,-0.00098868,0.00528874,0.00013631
2002-12-05,0.00947421,0.00337483,-0.00065245,-0.00686969,0.00013631
2002-12-06,0.02706334,-0.02371370,0.00483110,0.01636543,0.00013845
2002-12-09,-0.01631160,0.01374239,-0.00380327,-0.01445209,0.00041539
2002-12-10,0.00315011,-0.00137946,-0.01035950,-0.00645851,0.00013845
2002-12-11,0.00376753,0.00096636,-0.00496436,-0.00152608,0.00013845
2002-12-12,0.00240442,-0.00478094,-0.00000671,0.00056708,0.00013845
2002-12-13,0.00689567,-0.00504597,0.00297432,0.01432296,0.00014485
2002-12-16,-0.00665686,-0.00336165,0.00572871,0.00885228,0.00043462
2002-12-17,-0.00632910,-0.00046835,-0.00848292,-0.00035953,0.00014485
2002-12-18,0.00431550,-0.00338623,-0.00673532,0.00324781,0.00014485
2002-12-19,0.00004692,0.00570763,-0.00380760,-0.00529244,0.00014485
2002-12-20,0.00389195,-0.00119772,0.00114651,-0.00040788,0.00014592
2002-12-23,-0.00217485,-0.00245277,0.00391321,0.01446448,0.00043782
2002-12-24,0.00615671,0.00286093,-0.00200870,-0.00777554,0.00014592
2002-12-26,0.00721560,-0.00116254,0.00524092,0.00069610,0.00029186
2002-12-27,0.00177424,-0.00184844,-0.00186140,0.01062498,0.00014592
2002-12-30,-0.00307501,-0.00469943,-0.00880302,0.00266195,0.00043782
2002-12-31,0.00346052,0.00576106,0.00336490,0.00456655,0.00014592
2003-01-01,0.00702561,-0.00070053,-0.00019112,0.00135720,0.00014592
2003-01-02,-0.00224439,-0.00218639,-0.00600132,0.01284599,0.00014592
2003-01-03,-0.00157457,-0.00060184,-0.00189417,-0.00226398,0.00014485
2003-01-06,-0.00359496,-0.00381345,-0.00272430,0.00425683,0.00043462
2003-01-07,-0.00112973,-0.00345671,-0.00358401,0.01260624,0.00014485
2003-01-08,0.00396936,0.00630616,0.00073942,-0.00261904,0.00014485
2003-01-09,0.01041274,-0.00007038,-0.00212316,0.00927213,0.00014485
2003-01-10,-0.01720746,-0.00151389,0.00971281,-0.00695685,0.00014379
2003-01-13,-0.00576932,0.00378342,-0.01014465,0.00440417,0.00043142
2003-01-14,0.00384351,-0.00593558,-0.00260357,0.00364430,0.00014379
2003-01-15,0.00530714,-0.00320249,-0.00453826,0.00029586,0.00014379
2003-01-16,0.00287302,0.00250985,0.01155936,0.00915397,0.00014379
2003-01-17,-0.00046758,0.00245199,0.00663621,0.01075738,0.00014379
2003-01-20,-0.00708494,-0.00139955,0.01060462,0.01043978,0.00043142
2003-01-21,-0.00064413,-0.00809254,0.01152323,0.00785711,0.00014379
2003-01-22,0.00105181,-0.00212877,0.00641078,0.00698660,0.00014379
2003-01-23,-0.00926443,0.00086574,0.00148447,0.00187648,0.00014379
2003-01-24,-0.01361514,-0.00697997,-0.00913168,-0.00563509,0.00014805
2003-01-27,-0.02080837,-0.01205419,0.00240672,-0.00228142,0.00044422
2003-01-28,0.00997989,-0.00069138,-0.00378295,-0.00226302,0.00014805
2003-01-29,-0.00068799,-0.00041492,0.00863637,0.00688178,0.00014805
2003-01-30,-0.00291202,-0.00302752,-0.00001337,-0.00146524,0.00014805
2003-01-31,0.00587457,-0.00792741,-0.00539960,0.00497071,0.00015019
2003-02-03,0.01109421,0.00308314,-0.00669637,-0.00210828,0.00045063
2003-02-04,-0.00047926,-0.01454465,0.00241907,0.00972541,0.00015019
2003-02-05,-0.00459791,-0.00581588,-0.00680400,0.01291087,0.00015019
2003-02-06,0.01187368,-0.00184637,-0.00698028,0.00050158,0.00015019
2003-02-07,-0.00388684,0.00482214,-0.00419139,-0.00170046,0.00014805
2003-02-10,-0.00982307,-0.00728530,0.00188080,0.00130115,0.00044422
2003-02-11,-0.00125886,-0.00381117,-0.00115319,0.00299921,0.00014805
2003-02-12,-0.00503968,-0.00172317,-0.00681861,0.00828866,0.00014805
2003-02-14,-0.00995727,-0.00019109,-0.00125732,0.00759729,0.00030040
2003-02-17,0.02122056,0.00315979,0.00572735,-0.01059386,0.00045703
2003-02-18,0.00228090,0.00287373,0.00307413,0.00080147,0.00015232
2003-02-19,0.00347509,0.00504127,0.00789513,0.00429091,0.00015232
2003-02-20,0.00007214,-0.00390949,0.00014882,-0.00312983,0.00015232
2003-02-21,-0.00007338,-0.00134837,-0.00240440,0.00494967,0.00015445
2003-02-24,0.00301033,-0.00660708,0.00768691,0.00022336,0.00046342
2003-02-25,-0.01118234,-0.00053367,-0.00085955,0.00192540,0.00015445
2003-02-26,-0.00425489,0.00055588,-0.00319634,0.00218511,0.00015445
2003-02-27,0.00596251,-0.00379464,0.00547524,0.00664024,0.00015445
2003-02-28,0.00748522,0.00576237,-0.00722609,-0.01130114,0.00015445
2003-03-03,-0.00212278,0.00022020,-0.00234353,0.01385919,0.00046342
2003-03-04,-0.01308444,-0.00368801,0.00035536,0.00281064,0.00015445
2003-03-05,-0.00550316,-0.00607678,-0.00279486,0.00098265,0.00015445
2003-03-06,-0.00963661,0.00352839,-0.00511222,-0.00691415,0.00015445
2003-03-07,-0.01598122,-0.00190803,-0.01166719,-0.00153050,0.00014912
2003-03-10,-0.01146239,-0.00481830,-0.00593058,0.00765044,0.00044742
2003-03-11,0.00475052,-0.00495897,-0.00511242,0.00495694,0.00014912
2003-03-12,-0.00805963,0.00329511,0.00107186,0.00490690,0.00014912
2003-03-13,-0.00216687,0.00025929,-0.00379008,-0.00066366,0.00014912
2003-03-17,-0.00709281,-0.00685240,-0.00235667,0.00308209,0.00061900
2003-03-19,0.00600192,-0.00847223,0.00265469,-0.00048386,0.00031318
2003-03-20,0.01354102,0.00419275,0.00065200,-0.01398441,0.00015658
2003-03-21,0.00581506,-0.00409887,0.00065463,-0.00035807,0.00015658
2003-03-22,0.00586987,0.00199351,-0.00528697,-0.00966932,0.00015658
2003-03-24,-0.01997213,-0.00032600,-0.00809461,0.01329850,0.00031318
2003-03-25,-0.00264639,-0.00840890,0.00177652,0.00714914,0.00015658
2003-03-26,0.00046718,-0.00531842,-0.00406854,-0.00030669,0.00015658
2003-03-27,-0.00589208,0.00415394,-0.00828120,0.00559010,0.00015658
2003-03-28,-0.00366235,-0.00974534,0.00383208,-0.00101051,0.00015658
2003-03-31,-0.01994912,-0.00109023,0.00091294,0.02315162,0.00046981
2003-04-01,0.00683478,0.00084554,0.00408747,-0.01167686,0.00015658
2003-04-02,0.01623572,0.00287802,0.00534722,-0.01328527,0.00015658
2003-04-03,0.01031200,0.00589147,0.00989765,-0.00692603,0.00015658
2003-04-04,0.00934535,0.00345110,0.01218313,-0.01377683,0.00014592
2003-04-07,0.01609111,0.01080328,-0.00248199,-0.01099733,0.00043782
2003-04-08,-0.00757232,-0.00223604,0.00479294,0.01295483,0.00014592
2003-04-09,-0.00944620,-0.00529066,-0.00338262,0.00868770,0.00014592
2003-04-10,-0.03884340,0.00837411,0.00573827,0.00905475,0.00014592
2003-04-11,-0.00683755,0.00032066,-0.00610610,-0.02471634,0.00014592
2003-04-15,0.00101855,0.00303438,0.00016358,0.00162196,0.00055390
2003-04-16,0.00642697,-0.00652338,0.00150412,0.01830217,0.00013845
2003-04-17,-0.01540134,0.00533440,0.00246473,0.01061888,0.00013845
2003-04-21,0.00997588,-0.01221306,-0.00553959,-0.00832877,0.00054427
2003-04-22,-0.00115988,0.00390790,0.00365147,-0.00265965,0.00013524
2003-04-23,-0.00573660,0.00692670,-0.00155202,-0.00037210,0.00013524
2003-04-24,-0.00384096,0.00259871,0.00421464,0.00004173,0.00013524
2003-04-25,-0.00531540,0.00577313,-0.01019785,-0.00879459,0.00013203
2003-04-28,0.00532947,-0.00156091,0.00558633,0.01519784,0.00039615
2003-04-29,0.00152872,0.00117708,-0.00289634,-0.00282392,0.00013203
2003-04-30,0.00367868,-0.00310627,-0.00171533,0.00258377,0.00013203
2003-05-02,0.00695318,0.00220822,0.00349555,-0.00271846,0.00025337
2003-05-05,0.01331328,0.00809829,0.00171228,-0.00764434,0.00036401
2003-05-06,0.00726400,-0.00552185,-0.00150553,-0.00490003,0.00012132
2003-05-07,0.00223639,-0.00067262,-0.00071775,0.00104066,0.00012132
2003-05-08,-0.01003645,0.01175616,-0.00702041,0.00206719,0.00012132
2003-05-09,-0.00177726,0.00985043,-0.00213766,0.01029030,0.00012240
2003-05-12,0.00514805,0.01528058,-0.00723055,0.01811506,0.00036724
2003-05-13,0.00982932,-0.00086408,0.01157820,-0.01015706,0.00012240
2003-05-14,0.00915019,0.01172869,0.01798420,0.00248212,0.00012240
2003-05-15,0.01483583,0.00524059,0.02952368,-0.00345502,0.00012240
2003-05-16,0.01652774,0.00521829,0.00472467,-0.01964916,0.00012240
2003-05-19,-0.00803143,0.00582139,-0.00072774,0.01368212,0.00035436
2003-05-20,0.01158474,-0.00850421,-0.00327893,0.01250475,0.00011811
2003-05-21,0.00503036,-0.00168577,0.00696276,0.02573283,0.00011811
2003-05-22,0.00365146,-0.00443904,0.00869392,0.01824543,0.00011811
2003-05-23,0.01030254,-0.00505473,0.00170946,0.01095986,0.00012025
2003-05-26,0.01728641,0.00345123,0.01463687,0.00570150,0.00036080
2003-05-27,-0.00782675,0.00553546,-0.00711384,0.00254250,0.00012025
2003-05-28,0.00700614,-0.00671013,0.00014841,-0.01416957,0.00012025
2003-05-29,0.00946779,0.00149226,0.00458358,0.00063101,0.00012025
2003-05-30,0.02119356,-0.00959285,0.01511918,0.00985892,0.00012775
2003-06-02,0.01321841,0.00040986,0.00145854,-0.03010845,0.00038330
2003-06-03,-0.00182651,-0.01154964,-0.00665888,-0.00083771,0.00012775
2003-06-04,0.01422314,-0.00109061,0.01309507,-0.01157661,0.00012775
2003-06-05,0.00321312,0.00767371,-0.00591484,-0.02397519,0.00012775
2003-06-06,0.00596722,0.00639864,0.00526493,-0.01837948,0.00013096
2003-06-09,0.00707075,0.01906707,0.01670738,-0.00595787,0.00039294
2003-06-10,-0.01422468,-0.01052843,-0.00203122,0.00575783,0.00013096
2003-06-11,0.00612854,-0.01181590,-0.00567950,0.00815722,0.00013096
2003-06-12,0.01146279,0.00691180,0.00308375,0.00539336,0.00013096
2003-06-13,0.00617305,0.00079994,0.00010532,0.00687532,0.00013310
2003-06-16,-0.00133563,0.00750519,0.00824939,0.00373822,0.00039936
2003-06-17,0.02104224,-0.00140932,-0.00287537,-0.01357349,0.00013310
2003-06-18,0.00819370,0.00049108,-0.00738471,-0.00421796,0.00013310
2003-06-19,0.00471581,-0.00149744,-0.00084265,0.01204716,0.00013310
2003-06-20,0.00603198,-0.01151984,0.01455131,0.00397408,0.00013310
2003-06-23,-0.01223617,0.00556815,0.00533423,0.00012391,0.00039936
2003-06-24,0.00093079,-0.00302078,0.02347469,0.01925872,0.00013310
2003-06-25,0.01597674,0.00040489,0.00759095,-0.00292294,0.00013310
2003-06-26,0.00350515,0.00674195,-0.00654823,-0.00895938,0.00013310
2003-06-27,0.00987065,0.00143095,0.00532270,-0.00837329,0.00013203
2003-06-30,0.00788944,0.01832274,-0.00718456,-0.00198294,0.00039615
2003-07-01,0.00075366,0.00980834,0.00452431,0.01288299,0.00013203
2003-07-02,0.00743196,0.01459039,0.01567863,0.00028485,0.00013203
2003-07-03,0.00437284,-0.00978442,0.00375703,0.00156485,0.00013203
2003-07-04,0.00504457,0.00332784,0.01441382,-0.00271578,0.00013417
2003-07-07,0.00878516,0.01533482,0.00796770,0.00469100,0.00040257
2003-07-08,-0.00259377,0.01066139,-0.00127961,-0.02959878,0.00013417
2003-07-09,-0.01054983,-0.01562415,-0.01522941,0.00245981,0.00013417
2003-07-10,0.01257727,-0.00339713,-0.02536786,-0.03305903,0.00013417
2003-07-11,-0.00351043,-0.00191185,0.00592779,0.01313741,0.00013203
2003-07-14,0.00736777,0.00518882,0.01297493,0.00413051,0.00039615
2003-07-15,-0.01181213,-0.01060503,0.00136018,0.01547825,0.00013203
2003-07-16,0.01180857,0.01002017,0.01868718,0.00030652,0.00013203
2003-07-17,-0.01167318,0.00776537,-0.00150608,0.00859298,0.00013203
2003-07-18,-0.01194147,0.00717524,-0.00336873,0.00704344,0.00012989
2003-07-21,-0.01931273,0.00384133,0.00245584,0.00717402,0.00038972
2003-07-22,-0.00479920,-0.00153555,-0.01095321,-0.01406039,0.00012989
2003-07-23,0.00797702,-0.00333931,0.00334078,-0.01225676,0.00012989
2003-07-24,0.01754200,-0.00427458,-0.00511454,0.01476458,0.00012989
2003-07-25,0.01623277,-0.00016621,0.00432714,0.00677354,0.00012775
2003-07-28,0.00825825,0.01622131,-0.00338343,0.00030233,0.00038330
2003-07-29,0.00307221,0.00536724,-0.00186634,0.00605247,0.00012775
2003-07-30,0.00971753,-0.00134909,-0.00092887,0.00459167,0.00012775
2003-07-31,0.00325144,-0.00714470,0.00613977,-0.00445907,0.00012775
2003-08-01,0.00698113,-0.00982123,-0.00535602,-0.00103572,0.00012668
2003-08-04,0.01738335,-0.00101759,0.00546692,0.01502985,0.00038009
2003-08-05,-0.01210174,-0.00056047,-0.00781473,-0.00274453,0.00012668
2003-08-06,-0.00337254,0.00208382,0.00511088,0.01687318,0.00012668
2003-08-07,0.02431601,-0.00218187,0.00846912,0.00263403,0.00012668
2003-08-08,0.02245412,-0.01310539,0.00521321,0.00243270,0.00013203
2003-08-11,0.01520394,-0.01802792,0.01306843,0.02075688,0.00039615
2003-08-12,-0.00279693,0.00292734,0.00862383,0.00494055,0.00013203
2003-08-13,0.01451213,0.00130492,0.01223157,0.00314741,0.00013203
2003-08-14,-0.00002330,0.00105892,0.02676645,0.00876770,0.00013203
2003-08-18,0.02605213,-0.00364178,0.04984166,0.02442748,0.00052823
2003-08-19,-0.00874544,-0.00425503,-0.02465512,-0.02247273,0.00013203
2003-08-20,0.00401887,0.00186453,-0.00692321,-0.02676259,0.00013203
2003-08-21,0.00963618,-0.00531738,0.00181761,0.00035540,0.00013203
2003-08-22,0.01100731,-0.01885432,-0.01006070,0.01586935,0.00013310
2003-08-25,-0.03176258,-0.00004283,-0.02217839,-0.00955795,0.00039936
2003-08-26,0.04133104,0.00166621,0.01901662,0.01985857,0.00013310
2003-08-27,0.01937991,-0.01505819,-0.00548695,-0.00207326,0.00013310
2003-08-28,0.00037889,-0.00096969,-0.02156342,-0.02691848,0.00013310
2003-08-29,0.01787699,-0.00145486,-0.01073791,0.02747651,0.00012668
2003-09-01,0.02118569,-0.00084865,-0.00182610,-0.00412141,0.00038009
2003-09-02,-0.00059481,-0.00518602,-0.00997693,-0.01649523,0.00012668
2003-09-03,-0.01983507,0.00186961,-0.00172601,-0.00145090,0.00012668
2003-09-04,0.00891856,-0.00014257,-0.01201907,-0.01146798,0.00012668
2003-09-05,0.01786450,-0.00855107,-0.01234391,-0.00159366,0.00012454
2003-09-08,0.01415414,0.00751732,-0.03657229,-0.00828279,0.00037366
2003-09-09,-0.00691560,-0.00094444,-0.03298717,-0.01202702,0.00012454
2003-09-10,0.00345159,-0.01580445,-0.00842169,0.00443915,0.00012454
2003-09-11,-0.00038086,0.00564672,-0.00646563,0.01714337,0.00012454
2003-09-12,-0.02059885,0.00934394,-0.00319495,0.00055057,0.00012347
2003-09-15,-0.03772112,0.01359152,-0.01382427,-0.00328968,0.00037045
2003-09-16,0.02024233,-0.00669880,0.00310971,-0.00179541,0.00012347
2003-09-17,-0.01838214,0.01849568,0.00229715,-0.00788417,0.00012347
2003-09-18,-0.02956451,0.00458190,-0.00579786,-0.00117683,0.00012347
2003-09-19,0.00685256,-0.00729427,-0.00885754,-0.00252257,0.00012240
2003-09-22,-0.01108918,0.00574850,-0.00986720,0.00507189,0.00036724
2003-09-23,0.02178489,-0.01489560,-0.00360601,0.01153538,0.00012240
2003-09-24,0.02912222,-0.03148826,-0.00188005,0.01561318,0.00012240
2003-09-25,-0.00469622,0.00785540,-0.00454473,0.01225736,0.00012240
2003-09-26,0.01609387,-0.00034037,-0.00630408,-0.00744378,0.00012240
2003-09-29,0.01770966,-0.00517035,0.00287747,0.01848306,0.00036724
2003-09-30,0.00883475,-0.00032237,-0.00696701,0.00504212,0.00012240
2003-10-01,0.00252933,0.00286871,-0.00379510,0.00876766,0.00012240
2003-10-03,0.01488293,-0.01218126,0.00232935,0.01489764,0.00024266
2003-10-06,0.02314595,-0.00179839,0.00689892,0.00579955,0.00036080
2003-10-07,-0.00327624,0.00303630,0.00259137,-0.00159775,0.00012025
2003-10-08,0.00007504,-0.00566268,-0.00278565,0.00956286,0.00012025
2003-10-09,0.01603835,-0.00676680,0.00977020,0.01044707,0.00012025
2003-10-10,0.00402122,0.00115076,-0.01055095,-0.03424001,0.00011918
2003-10-13,0.01900952,-0.00347902,-0.00806853,-0.00040294,0.00035758
2003-10-14,-0.02244032,0.00257994,-0.00095174,-0.00536331,0.00011918
2003-10-15,0.00533673,-0.00900509,0.00636941,0.00401108,0.00011918
2003-10-16,0.00414352,0.00449024,-0.00617998,0.00594277,0.00011918
2003-10-17,0.00829499,-0.00840663,-0.00551192,-0.01031687,0.00011811
2003-10-20,-0.02064861,0.00676228,-0.01046189,-0.00190300,0.00035436
2003-10-21,-0.02354206,0.00226287,-0.00911464,0.00324407,0.00011811
2003-10-22,-0.01276886,0.00262130,0.00053447,0.01343081,0.00011811
2003-10-23,-0.01195915,0.00383087,0.01273815,0.00469074,0.00011811
2003-10-24,0.02044152,-0.00730056,-0.00230281,-0.00977825,0.00012775
2003-10-25,0.01617762,0.00241924,0.00793797,0.00503622,0.00012775
2003-10-27,-0.02163157,0.00676188,-0.00356700,0.00590666,0.00025552
2003-10-28,-0.00568088,0.00139888,0.00260347,-0.00689945,0.00012775
2003-10-29,0.00688876,-0.00908771,-0.01214269,0.00430296,0.00012775
2003-10-30,0.00952855,-0.00226308,-0.00247797,0.01914724,0.00012775
2003-10-31,0.02819289,-0.01411650,-0.00545051,0.00381525,0.00013203
2003-11-03,0.02140805,-0.01192428,-0.00540465,-0.01550025,0.00039615
2003-11-04,0.01285063,-0.00745978,0.00117773,-0.00022291,0.00013203
2003-11-05,0.00359161,-0.00047895,0.02387487,-0.00423091,0.00013203
2003-11-06,0.00971429,0.00877243,0.02580317,-0.00541172,0.00013203
2003-11-07,-0.00478609,0.01205847,0.02024009,-0.00028978,0.00011918
2003-11-10,0.01354187,0.01144794,0.02639946,0.01478834,0.00035758
2003-11-11,0.01015952,0.00940015,0.01287344,0.00304493,0.00011918
2003-11-12,0.00359337,0.01610988,-0.00253143,-0.01153905,0.00011918
2003-11-13,-0.01846272,0.00178054,-0.01030859,0.00065538,0.00011918
2003-11-14,-0.02238166,0.00281803,-0.01156308,-0.00076673,0.00011811
2003-11-15,0.01019457,0.00057467,0.01509524,0.01164157,0.00011811
2003-11-17,0.01136000,0.01341714,0.00730471,-0.00939640,0.00023623
2003-11-18,-0.00691076,0.00675087,0.01671184,0.00502683,0.00011811
2003-11-19,-0.01426432,0.00960096,-0.00053231,-0.01731533,0.00011811
2003-11-20,-0.01360927,0.00864626,0.00248081,-0.00187445,0.00011811
2003-11-21,0.00524000,-0.01552363,-0.01103273,-0.00981729,0.00011704
2003-11-24,0.00758192,0.01055540,0.00824435,0.00939806,0.00035115
2003-11-25,0.01536263,0.00020690,-0.00240672,0.00035079,0.00011704
2003-11-27,0.01359127,0.00331681,0.01605701,-0.01966485,0.00023409
2003-11-28,0.01119380,0.00253702,-0.00062696,-0.00732821,0.00011382
2003-12-01,0.02292360,0.00483004,0.01482704,-0.01533975,0.00034149
2003-12-02,0.00006792,0.00016993,-0.00617644,0.00820595,0.00011382
2003-12-03,0.00917949,0.02072778,-0.00343549,0.00237992,0.00011382
2003-12-04,0.00790374,0.01001871,-0.00018914,0.00063014,0.00011382
2003-12-05,-0.01275534,0.01046705,0.01932220,-0.00428219,0.00011274
2003-12-08,0.00757252,0.02058951,0.01047295,-0.00355459,0.00033827
2003-12-09,0.02331464,0.01282117,0.02927393,-0.01116925,0.00011274
2003-12-10,0.00738845,-0.00404034,0.00219626,-0.00238109,0.00011274
2003-12-11,0.00554973,-0.00367013,0.00151998,0.00453632,0.00011274
2003-12-12,0.00225276,0.00796832,0.01115598,0.00327396,0.00011274
2003-12-15,0.01276214,0.00911248,0.01282696,-0.01635546,0.00033827
2003-12-16,0.00188762,-0.00693584,-0.01162367,-0.01003266,0.00011274
2003-12-17,0.00211362,0.00917099,-0.00721565,0.00347748,0.00011274
2003-12-18,0.02290127,0.00187689,0.00858733,0.01114915,0.00011274
2003-12-19,0.01382092,-0.00390145,0.00013638,-0.00253989,0.00011274
2003-12-22,0.00956300,0.00738879,0.00516540,0.00962494,0.00033827
2003-12-23,-0.00826330,-0.00428480,-0.00733779,-0.00591713,0.00011274
2003-12-24,0.01113617,0.00155281,0.01776193,-0.01079839,0.00011274
2003-12-26,0.01505022,-0.01163545,0.01518054,0.00783127,0.00022443
2003-12-29,0.01840247,-0.00009522,0.01004365,-0.00821347,0.00033505
2003-12-30,-0.00091730,-0.02372999,-0.01053088,0.00353506,0.00011167
2003-12-31,0.00322021,-0.01425292,-0.01411588,0.00637775,0.00011167
2004-01-01,0.02015016,-0.00623572,0.00624213,0.00057227,0.00011167
2004-01-02,0.03123316,-0.01814585,0.01092888,0.00060932,0.00011382
2004-01-05,0.00388484,-0.02452085,-0.00508425,-0.00888016,0.00034149
2004-01-06,-0.01919956,-0.01213578,-0.00322596,0.00836161,0.00011382
2004-01-07,-0.00425679,-0.00949200,-0.00953875,0.00515210,0.00011382
2004-01-08,0.03444075,-0.00139578,0.02041393,0.00904145,0.00011382
2004-01-09,-0.00532023,-0.00288269,-0.00033630,0.00022215,0.00011382
2004-01-12,-0.01974826,0.00047807,-0.01109317,-0.00211030,0.00034149
2004-01-13,0.00116780,-0.00016155,0.00209410,0.00167340,0.00011382
2004-01-14,0.00712291,0.00375839,-0.00230263,0.00906245,0.00011382
2004-01-15,-0.01513521,0.00483401,-0.00220058,0.00332723,0.00011382
2004-01-16,-0.02555377,-0.00159079,-0.00770357,-0.00314453,0.00011382
2004-01-19,0.01113455,-0.01201661,-0.00903783,-0.00043564,0.00034149
2004-01-20,-0.01894245,0.00561018,-0.01293675,-0.00225568,0.00011382
2004-01-21,-0.05350234,-0.01435483,-0.01091322,-0.01411705,0.00011382
2004-01-22,-0.02887191,-0.00348232,-0.01420535,-0.00481950,0.00011382
2004-01-23,0.04947640,-0.00316975,0.00718041,0.01958088,0.00011382
2004-01-27,0.03429747,-0.00238806,0.00978827,0.01843725,0.00045535
2004-01-28,-0.02659121,0.00105638,-0.00790760,0.00141632,0.00011382
2004-01-29,-0.00909861,0.00396371,-0.00233475,0.00735567,0.00011382
2004-01-30,-0.02403421,-0.00476442,-0.00834477,-0.01382248,0.00011596
2004-02-03,-0.03742659,-0.01088784,-0.00179517,-0.01503012,0.00046394
2004-02-04,0.02767437,-0.02520057,-0.00648118,0.00897087,0.00011596
2004-02-05,-0.00654467,0.01284382,-0.00958031,-0.00169814,0.00011596
2004-02-06,0.01767991,-0.01408638,-0.00022848,0.00925470,0.00011596
2004-02-09,0.02060067,0.00121324,-0.00592941,-0.00203237,0.00034793
2004-02-10,-0.00075970,0.00277401,0.00178919,0.00339645,0.00011596
2004-02-11,0.00817819,-0.00995949,-0.00107613,0.00681500,0.00011596
2004-02-12,0.00075679,-0.00605623,-0.00246438,0.01184408,0.00011596
2004-02-13,0.01552922,0.00965406,-0.00090970,0.00387346,0.00011704
2004-02-16,0.00283792,0.01590928,-0.01060896,0.00513326,0.00035115
2004-02-17,-0.00010535,0.00029432,-0.00825634,0.00854890,0.00011704
2004-02-18,0.00491614,-0.00005816,-0.00526334,0.00938036,0.00011704
2004-02-19,-0.02758817,0.00281266,-0.00217676,0.00669782,0.00011704
2004-02-20,-0.00198226,-0.00024604,-0.00431266,0.00458800,0.00011811
2004-02-23,-0.02403208,0.00776396,-0.00146176,-0.00576852,0.00035436
2004-02-24,0.00170091,-0.00584040,-0.00819154,0.00320890,0.00011811
2004-02-25,-0.02309416,0.00942931,-0.00818698,-0.00867627,0.00011811
2004-02-26,-0.00599656,0.00576635,0.00131873,0.00038030,0.00011811
2004-02-27,0.01614996,-0.01866751,-0.00235188,-0.00439121,0.00011811
2004-03-01,0.02712787,-0.01232065,-0.00683874,0.01886514,0.00035436
2004-03-03,0.00145564,-0.00439415,-0.00004148,0.01529578,0.00023623
2004-03-04,-0.00678066,0.00370277,-0.00481517,-0.00162946,0.00011811
2004-03-05,0.01859141,-0.01706078,0.00881490,0.02053903,0.00011489
2004-03-08,0.01796924,-0.01606672,0.00035084,0.02342989,0.00034471
2004-03-09,-0.01241859,-0.00122108,-0.00902164,-0.00175549,0.00011489
2004-03-10,-0.00812961,0.00195442,-0.00546799,0.00215843,0.00011489
2004-03-11,-0.01734520,0.00995863,0.00009623,-0.01463252,0.00011489
2004-03-12,-0.00212543,-0.00076830,-0.00430812,-0.00513934,0.00011274
2004-03-15,-0.02766355,0.00484382,-0.00023243,-0.00849321,0.00033827
2004-03-16,-0.00462382,-0.01209191,0.00039620,-0.00579328,0.00011274
2004-03-17,0.00329028,0.00013560,0.00391164,0.00610809,0.00011274
2004-03-18,-0.01569239,0.00372986,-0.00106388,-0.00548357,0.00011274
2004-03-19,0.00218019,-0.00877313,-0.00443070,-0.01134336,0.00011382
2004-03-22,-0.02853681,0.00308657,-0.00607367,-0.01126928,0.00034149
2004-03-23,-0.00040072,-0.00802276,-0.01221561,-0.00473619,0.00011382
2004-03-24,-0.00149213,-0.00866560,0.00489119,0.00793779,0.00011382
2004-03-25,0.00873693,0.00836069,0.01166501,0.01792374,0.00011382
2004-03-26,0.01935111,-0.00017097,0.00448147,0.00912234,0.00011382
2004-03-29,0.00842446,-0.00035067,0.00053983,0.01266785,0.00034149
2004-03-30,0.00117615,0.01523805,0.01533618,0.00673186,0.00011382
2004-03-31,0.00989904,0.00065066,0.00483091,0.00792038,0.00011382
2004-04-01,0.02259540,0.00913287,0.02307338,-0.00337215,0.00011382
2004-04-02,0.01544585,-0.00046619,0.00903855,0.00058386,0.00011704
2004-04-05,0.00925158,0.00586464,0.00888212,-0.00277588,0.00035115
2004-04-06,-0.00660225,-0.00076310,-0.02285819,0.00519327,0.00011704
2004-04-07,-0.00144215,-0.00660713,-0.00443075,0.01630800,0.00011704
2004-04-08,0.01099659,0.00660990,0.00345946,0.01156702,0.00011704
2004-04-12,-0.00297676,0.00750741,0.00180532,-0.00663644,0.00046823
2004-04-13,0.01934724,-0.00831654,0.00720271,-0.00298752,0.00011704
2004-04-15,-0.00347989,0.00913394,0.00046676,0.00390854,0.00023409
2004-04-16,0.00550112,0.00273096,0.00797643,-0.00354410,0.00011811
2004-04-17,0.00296695,0.00794292,0.01141046,0.00090115,0.00011811
2004-04-19,-0.01612545,0.00519546,0.00038977,-0.01230467,0.00023623
2004-04-20,-0.00056334,-0.00535278,-0.00293002,0.00355788,0.00011811
2004-04-21,0.01860663,-0.00318213,0.01051002,0.00812303,0.00011811
2004-04-22,0.01103182,0.00199874,0.00502060,0.00805604,0.00011811
2004-04-23,0.00056564,0.00267018,-0.00901315,0.00511855,0.00011704
2004-04-27,-0.04274042,0.00529087,-0.01330441,-0.00850984,0.00046823
2004-04-28,-0.00402444,0.00838148,0.00251523,0.00560456,0.00011704
2004-04-29,0.00024860,0.00942296,0.00385647,0.00782747,0.00011704
2004-04-30,-0.00680181,0.01523668,0.01139858,-0.00102223,0.00011811
2004-05-03,-0.01966724,0.00334735,-0.00848259,-0.01166970,0.00035436
2004-05-04,0.01726438,0.00468196,0.00712388,0.00604275,0.00011811
2004-05-05,0.01035757,-0.00683960,0.00622834,0.00458273,0.00011811
2004-05-06,0.01516322,0.00129886,0.00974244,-0.00756904,0.00011811
2004-05-07,-0.01337315,0.00506974,0.00306395,-0.01375926,0.00011811
2004-05-10,-0.01929239,0.00745829,0.00511524,-0.00413370,0.00035436
2004-05-11,-0.04353507,0.00906556,-0.01944697,-0.02105066,0.00011811
2004-05-12,0.00807653,0.00154964,0.00066993,0.00661809,0.00011811
2004-05-13,0.00165680,0.01515239,0.00406477,0.00451486,0.00011811
2004-05-14,-0.08227239,0.02658217,-0.02523191,-0.04403545,0.00011811
2004-05-17,-0.11695188,0.02492718,-0.00206714,0.00260102,0.00035436
2004-05-18,0.07247519,-0.02760498,-0.01510386,-0.00852175,0.00011811
2004-05-19,0.04784706,-0.01897743,0.00680754,0.01705403,0.00011811
2004-05-20,-0.00779268,0.00600401,0.00663416,-0.01983328,0.00011811
2004-05-21,0.00648543,-0.00497600,0.00264018,-0.00082957,0.00011704
2004-05-24,0.02847055,-0.00193164,0.00790350,0.00731172,0.00035115
2004-05-25,-0.00061785,-0.00175042,0.00366645,-0.01707235,0.00011704
2004-05-26,0.00006685,0.00350795,0.00056670,0.00878758,0.00011704
2004-05-27,-0.01027052,0.00610885,-0.00765240,-0.00825065,0.00011704
2004-05-28,-0.04795381,0.01062918,-0.01493343,-0.01519041,0.00011811
2004-05-31,-0.02291351,-0.00973096,-0.00769192,-0.00996837,0.00035436
2004-06-01,0.01803579,-0.01183072,0.00085483,0.00209221,0.00011811
2004-06-02,0.01454916,-0.00758633,-0.00190808,0.00068017,0.00011811
2004-06-03,-0.02695928,0.01129949,-0.00600879,-0.00074815,0.00011811
2004-06-04,0.01264845,-0.01424859,0.00102533,-0.00390468,0.00011811
2004-06-07,0.01345594,-0.00756664,0.00028225,0.00343764,0.00035436
2004-06-08,0.00570449,-0.00424458,-0.00134515,0.00668469,0.00011811
2004-06-09,0.00291290,0.00755005,0.00127768,-0.00190213,0.00011811
2004-06-10,0.00048691,0.00126689,0.00175350,0.00089498,0.00011811
2004-06-11,-0.02059744,0.00978067,-0.00160053,-0.00463597,0.00011918
2004-06-14,-0.01998041,0.00387169,-0.00551028,-0.00363409,0.00035758
2004-06-15,0.01166800,-0.00409915,0.00336507,0.00341764,0.00011918
2004-06-16,-0.00350224,0.00215209,-0.00243923,0.00924332,0.00011918
2004-06-17,0.00696446,-0.00677091,-0.00528500,-0.00066392,0.00011918
2004-06-18,-0.01150516,0.00993014,0.00226871,0.00294760,0.00012025
2004-06-21,-0.00656782,0.00036065,-0.00011612,0.00056095,0.00036080
2004-06-22,-0.00695387,-0.00510322,-0.00243133,0.00387928,0.00012025
2004-06-23,-0.02371646,0.00442641,-0.00109640,-0.00663378,0.00012025
2004-06-24,0.01130045,-0.00700795,0.00096702,0.00225350,0.00012025
2004-06-25,0.01956879,-0.00157740,-0.00141360,0.01475174,0.00011918
2004-06-28,0.01878979,0.00129178,0.01085605,0.00616447,0.00035758
2004-06-29,0.00486541,0.00025943,0.00757091,-0.00706605,0.00011918
2004-06-30,-0.00399850,0.00651839,-0.00191852,-0.00126937,0.00011918
2004-07-01,0.01747594,-0.00726713,0.00910478,0.01422313,0.00011918
2004-07-02,0.00091763,0.00303541,-0.00135495,0.00115913,0.00012025
2004-07-05,-0.00546504,0.00305187,0.00132580,-0.00905664,0.00036080
2004-07-06,0.01661130,-0.01674628,0.00439942,0.01112758,0.00012025
2004-07-07,0.00500467,-0.00487057,0.00064937,-0.00344002,0.00012025
2004-07-08,-0.03129204,-0.00234339,-0.01498061,0.00283008,0.00012025
2004-07-09,0.02055570,-0.00198451,0.00659166,0.02211145,0.00011918
2004-07-12,0.00328170,0.00815367,0.01350642,-0.00033288,0.00035758
2004-07-13,-0.00943721,0.00800080,-0.00667947,-0.00858598,0.00011918
2004-07-14,-0.00883904,0.00911777,0.00481634,-0.00354956,0.00011918
2004-07-15,0.01526711,0.00738037,0.02458142,-0.01586306,0.00011918
2004-07-16,0.01638852,0.01413665,-0.00366282,-0.00042218,0.00012025
2004-07-19,0.00919475,0.00883581,0.00445709,-0.00004943,0.00036080
2004-07-20,-0.00366563,-0.00156009,-0.00570414,0.00454531,0.00012025
2004-07-21,0.00792618,-0.00091653,0.00872064,-0.00001128,0.00012025
2004-07-22,0.00791528,-0.00271600,-0.00086541,0.00454666,0.00012025
2004-07-23,0.00443178,0.00119919,0.00822222,-0.00396780,0.00012025
2004-07-26,0.00956384,-0.00494965,0.00442351,0.00990867,0.00036080
2004-07-27,-0.00916889,-0.00347188,-0.01404641,0.00355175,0.00012025
2004-07-28,-0.00373831,-0.00024388,-0.00256631,-0.00882673,0.00012025
2004-07-29,0.01530175,-0.00578934,0.01369362,0.01833709,0.00012025
2004-07-30,0.00931419,-0.00521186,0.00326621,0.01427511,0.00012025
2004-08-02,0.00476550,0.00058539,-0.01649425,-0.00885645,0.00036080
2004-08-03,-0.00462635,0.00511678,0.00006626,-0.00103629,0.00012025
2004-08-04,0.00070969,0.00520745,0.00659343,0.01661725,0.00012025
2004-08-05,0.01629024,0.00259366,0.01740683,-0.00923205,0.00012025
2004-08-06,-0.01177469,0.00901244,-0.00405685,0.00140749,0.00012025
2004-08-09,0.00251267,0.00210325,0.00316793,0.00245931,0.00036080
2004-08-10,0.00622938,0.00313815,-0.00238774,0.00465289,0.00012025
2004-08-11,-0.01924738,0.00448572,-0.01488293,0.00311344,0.00012025
2004-08-12,-0.00784039,-0.00314925,-0.00612520,0.00303056,0.00012025
2004-08-13,-0.00101756,0.01525477,0.00641355,0.00453558,0.00013310
2004-08-16,-0.00125248,0.00657984,0.00546922,0.01199915,0.00039936
2004-08-17,0.00454589,0.00424187,-0.00226943,-0.00142234,0.00013310
2004-08-18,-0.01047996,0.01195590,0.00242942,0.00264900,0.00013310
2004-08-19,0.01704224,-0.00537791,0.00294646,0.00035538,0.00013310
2004-08-20,-0.00833557,0.00482787,-0.00040706,-0.00199750,0.00013310
2004-08-23,-0.00701270,0.00168710,-0.00698894,-0.00625773,0.00039294
2004-08-24,0.00955602,0.00134679,0.00186098,0.00668011,0.00013096
2004-08-25,0.00226069,0.00020347,0.00005825,-0.00407656,0.00013096
2004-08-26,0.01037292,0.00641687,0.00255414,-0.00146628,0.00013096
2004-08-27,0.00352730,0.01220327,0.00018104,-0.00133143,0.00012561
2004-08-30,0.01432679,0.01603442,0.02432195,-0.00986843,0.00037688
2004-08-31,0.00380876,0.00718636,0.00959788,-0.00643105,0.00012561
2004-09-01,0.00419363,0.01417296,0.00205623,-0.00194493,0.00012561
2004-09-02,-0.00344495,-0.01012082,0.00827807,-0.00255135,0.00012561
2004-09-03,0.00182335,0.00235314,-0.00021114,0.00667287,0.00012347
2004-09-06,0.00897773,0.00873241,0.00038173,-0.00055117,0.00037045
2004-09-07,0.00505349,0.01196999,0.00201630,-0.00260779,0.00012347
2004-09-08,0.00499265,0.00208346,0.00594016,-0.00420201,0.00012347
2004-09-09,-0.00605619,-0.00457626,0.00274557,-0.00230273,0.00012347
2004-09-10,0.00970990,0.00050213,0.00782601,-0.00864070,0.00012454
2004-09-13,0.00679115,-0.00070013,-0.00153610,-0.00630920,0.00037366
2004-09-14,0.00356410,-0.00322089,0.00016334,-0.00274501,0.00012454
2004-09-15,-0.00186522,-0.00617543,-0.00147763,0.00358357,0.00012454
2004-09-16,0.01387547,-0.00316291,-0.00338583,-0.00177971,0.00012454
2004-09-17,0.01131426,-0.00592992,-0.00512813,-0.00173303,0.00012668
2004-09-20,-0.00070723,-0.00168952,0.00580139,0.00014277,0.00038009
2004-09-21,0.01043472,-0.00689055,0.00326087,-0.00104204,0.00012668
2004-09-22,0.00116563,0.00455207,0.00408756,0.00286213,0.00012668
2004-09-23,-0.01185321,0.00184691,0.00976805,0.00245441,0.00012668
2004-09-24,0.00139174,0.00661312,0.01019793,-0.00045120,0.00013096
2004-09-27,0.00057407,0.01124214,0.01612902,-0.00375629,0.00039294
2004-09-28,-0.00929235,0.00108924,0.00857037,0.00257307,0.00013096
2004-09-29,0.01508592,-0.00899555,0.00700825,-0.00213319,0.00013096
2004-09-30,0.00925497,-0.00344041,0.00723381,0.00208019,0.00013096
2004-10-01,0.01285460,-0.00955981,0.00634624,-0.00766664,0.00013417
2004-10-04,0.01487427,-0.00965144,-0.00913934,0.00385099,0.00040257
2004-10-05,0.00370691,0.00051624,-0.01119957,0.00477879,0.00013417
2004-10-06,-0.00723801,0.01079274,-0.00243570,0.00101667,0.00013417
2004-10-07,0.00843949,0.00280541,-0.00018406,0.00106024,0.00013417
2004-10-08,0.00361301,0.00056770,0.00511221,0.00120110,0.00013524
2004-10-09,0.00372257,0.01171339,0.02010468,-0.00470490,0.00013524
2004-10-11,-0.00716546,0.00279880,0.00312835,0.00787712,0.00027050
2004-10-12,-0.01570382,-0.00620892,-0.00888918,-0.00078196,0.00013524
2004-10-14,0.00387449,0.00057309,0.00263197,-0.00153660,0.00027050
2004-10-15,0.00108919,-0.00354903,-0.00564240,-0.00128455,0.00013738
2004-10-18,-0.00493669,0.00060257,-0.00133939,0.00172909,0.00041218
2004-10-19,0.01086121,-0.00125512,0.00141143,-0.00629370,0.00013738
2004-10-20,-0.00858657,0.00127818,0.00207523,0.01482199,0.00013738
2004-10-21,-0.00546136,0.00419256,0.00218440,0.01515425,0.00013738
2004-10-25,-0.01496808,-0.00541204,-0.00006127,0.00569683,0.00055283
2004-10-26,0.01119316,-0.00396995,0.00436822,0.00896110,0.00013845
2004-10-27,0.00494098,0.00611297,0.00754546,0.01205536,0.00013845
2004-10-28,0.01035340,0.01261955,0.00026239,0.00129316,0.00013845
2004-10-29,-0.00697704,0.00942334,0.00498880,0.00361643,0.00014310
2004-11-01,0.00626771,0.00471718,0.00538883,0.00582430,0.00042936
2004-11-02,0.00991012,0.00457931,0.00701701,-0.00054315,0.00014310
2004-11-03,0.01077193,0.00400879,-0.00133285,0.00142633,0.00014310
2004-11-04,0.00104977,-0.00274633,-0.00266828,-0.00220413,0.00014310
2004-11-05,0.00838534,0.00424948,0.00384934,-0.00879715,0.00014524
2004-11-08,0.00458110,0.00733888,0.00136445,0.00546867,0.00043578
2004-11-09,-0.00370042,-0.00181091,-0.00005040,0.00514027,0.00014524
2004-11-10,0.01141283,0.01006903,0.00347626,0.00360852,0.00014524
2004-11-11,-0.00259938,0.00831873,0.00907726,0.00236018,0.00014524
2004-11-12,0.00390616,0.00393885,0.01171109,0.00007095,0.00014524
2004-11-16,0.00153368,0.00805941,0.01586255,-0.00690337,0.00059393
2004-11-17,0.00505573,0.01254053,0.01685976,-0.00289512,0.00014845
2004-11-18,0.00037315,0.00695525,0.00595091,-0.00444471,0.00014845
2004-11-19,-0.01111144,-0.00553910,-0.00509016,-0.00157129,0.00014952
2004-11-22,0.00256644,0.00827897,0.02273289,-0.00023576,0.00044862
2004-11-23,0.01327290,0.00078915,0.01703442,-0.00137190,0.00014952
2004-11-24,0.00590866,0.00364876,0.01280607,-0.00820443,0.00014952
2004-11-25,-0.00183537,-0.00067530,0.00479703,0.00277551,0.00014952
2004-11-29,0.01437600,-0.01002099,0.02437696,-0.00830733,0.00057252
2004-11-30,0.00003408,-0.02421867,-0.02013870,0.01144540,0.00014096
2004-12-01,0.00173677,-0.00495769,-0.00351810,0.01121453,0.00014096
2004-12-02,0.01634535,-0.01182538,-0.00739411,-0.00990796,0.00014096
2004-12-03,-0.00088979,0.00580234,-0.00836195,0.00085438,0.00013775
2004-12-06,0.00097099,0.00710931,-0.00346381,-0.01133017,0.00041329
2004-12-07,0.00067781,0.00562311,-0.00288633,0.00347273,0.00013775
2004-12-08,-0.00598477,0.00424334,0.00341326,0.02189872,0.00013775
2004-12-09,0.00509176,0.00900111,0.00401516,0.00771869,0.00013775
2004-12-10,-0.00637707,0.01199261,0.00499621,0.00390302,0.00013775
2004-12-13,0.01000345,0.01434728,0.01183132,-0.00013213,0.00041329
2004-12-14,0.01275689,-0.00238099,0.01580375,0.00276823,0.00013775
2004-12-15,0.00788310,-0.00945457,-0.00476349,0.01499683,0.00013775
2004-12-16,0.00291338,-0.00936688,-0.00227730,0.00179218,0.00013775
2004-12-17,-0.00643460,0.00314596,-0.00458686,-0.01504153,0.00014417
2004-12-20,0.00866909,0.00148724,0.00253804,-0.01470608,0.00043257
2004-12-21,0.00904952,0.00152964,0.00981242,0.00789298,0.00014417
2004-12-22,-0.00522397,-0.00891793,-0.00952445,0.00915114,0.00014417
2004-12-23,0.00489265,0.00662986,0.00407881,0.00807558,0.00014417
2004-12-24,0.00846148,0.00359631,0.00386324,-0.00833443,0.00014631
2004-12-27,0.00149317,0.00522515,0.00903892,-0.00362030,0.00043899
2004-12-28,0.01078204,-0.00015917,0.02205946,-0.00566689,0.00014631
2004-12-29,-0.00310525,-0.00534951,-0.00440524,-0.00282959,0.00014631
2004-12-30,-0.00601748,-0.00452264,-0.00524292,0.00938938,0.00014631
2004-12-31,0.01094773,0.01249873,-0.00144038,0.00064277,0.00014417
2005-01-03,0.01767429,-0.00494381,0.01071646,0.00398859,0.00043257
2005-01-04,-0.00152048,0.00203700,0.00506904,0.00324984,0.00014417
2005-01-05,-0.03466242,0.00361775,-0.00933745,-0.00240897,0.00014417
2005-01-06,-0.01635889,0.00367172,-0.00368985,-0.00477288,0.00014417
2005-01-07,0.00929391,0.00598896,0.00184514,0.01148359,0.00013989
2005-01-10,-0.00917656,0.01290517,0.01199946,0.01171390,0.00041972
2005-01-11,-0.01797204,0.00268461,-0.01179238,-0.00630651,0.00013989
2005-01-12,-0.02711778,-0.01117668,-0.02358009,-0.00523691,0.00013989
2005-01-13,0.02115465,0.00186354,0.00084767,0.00639094,0.00013989
2005-01-14,-0.01030951,0.00601847,-0.00661865,0.00584259,0.00014203
2005-01-17,-0.00525038,-0.00455898,-0.01527255,-0.00532132,0.00042614
2005-01-18,0.00296809,0.01006100,-0.00063726,0.01288235,0.00014203
2005-01-19,-0.00237763,0.00492340,0.00093998,-0.00357361,0.00014203
2005-01-20,-0.00304848,-0.00350841,-0.00633729,-0.00813920,0.00014203
2005-01-24,-0.00497687,0.00141578,-0.01562304,-0.01029842,0.00057145
2005-01-25,0.01062841,-0.00914157,0.00160565,0.00496558,0.00014310
2005-01-27,0.01399028,0.00554716,0.01603528,0.01116409,0.00028622
2005-01-28,0.02138389,-0.00522549,0.01121322,0.00311327,0.00014203
2005-01-31,0.02044792,-0.00343779,-0.00895569,0.00542678,0.00042614
2005-02-01,0.00464263,0.00054002,-0.00359298,0.00695958,0.00014203
2005-02-02,0.00048438,0.00882082,0.00702038,0.00804207,0.00014203
2005-02-03,0.01429241,0.00266163,0.00562882,0.01533729,0.00014203
2005-02-04,-0.00040668,0.00955040,0.00970236,0.00722064,0.00013989
2005-02-07,-0.00614082,0.00603941,0.01680854,-0.00195767,0.00041972
2005-02-08,0.00199773,0.00661608,0.00111115,-0.01083611,0.00013989
2005-02-09,0.00985234,0.01029443,0.00609019,-0.00522697,0.00013989
2005-02-10,-0.00105615,0.00194258,-0.00458536,-0.00053185,0.00013989
2005-02-11,0.00723093,-0.00093445,-0.00403366,-0.00277227,0.00013989
2005-02-14,0.00489658,-0.00888345,-0.00659792,0.00334321,0.00041972
2005-02-15,-0.00411555,-0.00741335,-0.01197882,0.02057927,0.00013989
2005-02-16,-0.00870431,0.00072947,-0.00616564,0.01436808,0.00013989
2005-02-17,-0.00408254,0.00273474,0.00539963,-0.00566982,0.00013989
2005-02-18,-0.00075901,0.00765193,0.00717976,0.00031094,0.00014096
2005-02-21,-0.00677713,-0.00132543,0.00313752,-0.00446334,0.00042294
2005-02-22,0.00515435,-0.00333695,0.00122826,0.00272692,0.00014096
2005-02-23,0.00178509,0.00586435,-0.00096133,-0.00763005,0.00014096
2005-02-24,0.00053840,0.00383413,0.00321246,0.01369942,0.00014096
2005-02-25,0.00142430,-0.00987226,0.00073901,0.00101368,0.00013989
2005-02-28,0.01400252,0.00223511,0.00100127,0.00392912,0.00041972
2005-03-01,-0.00811453,0.00630680,0.00010330,-0.00130510,0.00013989
2005-03-02,0.00624421,0.00924220,-0.00449326,0.02553405,0.00013989
2005-03-03,0.01745342,0.00252093,0.00343123,0.00212833,0.00013989
2005-03-04,0.00984945,0.00482656,0.00199555,0.00159432,0.00013882
2005-03-07,0.00230034,0.01032076,-0.00171168,-0.00686681,0.00041650
2005-03-08,0.00578096,0.00458713,0.01092276,0.00521058,0.00013882
2005-03-09,-0.00828799,-0.00598051,-0.01266707,-0.01134491,0.00013882
2005-03-10,0.00277397,0.00795027,-0.00145016,0.00722475,0.00013882
2005-03-11,-0.00579752,0.00501408,-0.00260624,0.00524521,0.00013882
2005-03-14,-0.00625225,-0.00402249,-0.00495803,0.00035108,0.00041650
2005-03-15,-0.00427704,0.00467004,-0.00210016,0.01463350,0.00013882
2005-03-16,-0.00066749,0.00894432,0.01645825,-0.00506916,0.00013882
2005-03-17,-0.01385201,0.00336696,0.00420933,-0.00645210,0.00013882
2005-03-18,0.00158051,-0.00584183,-0.00571449,0.00585706,0.00013882
2005-03-21,-0.00478969,0.00405691,0.00391241,0.00719801,0.00041650
2005-03-22,-0.01882659,-0.00096008,-0.01165003,-0.00342697,0.00013882
2005-03-23,-0.01782942,-0.00787000,-0.00209509,-0.00877209,0.00013882
2005-03-24,-0.00722656,-0.01071246,-0.00357009,0.00011425,0.00014310
2005-03-28,0.00534454,0.00749854,-0.00330896,0.01621540,0.00057252
2005-03-29,-0.02268603,-0.00843039,-0.01946031,-0.00869349,0.00014310
2005-03-30,0.00676331,0.00979728,0.00930917,-0.00280307,0.00014310
2005-03-31,0.02393753,0.00752769,0.01484598,0.00899220,0.00014310
2005-04-01,0.02026675,0.00800260,0.01382100,0.01014902,0.00014310
2005-04-04,-0.00054639,0.00999412,0.00049138,-0.00344309,0.00042614
2005-04-05,-0.00654235,0.00304084,-0.00668506,-0.01557672,0.00014203
2005-04-06,0.00977569,0.00005604,0.01288680,0.00802803,0.00014203
2005-04-07,-0.00448936,0.00450785,0.00352388,-0.00122247,0.00014203
2005-04-08,-0.00811248,0.00455403,0.00288509,0.01488589,0.00014096
2005-04-11,-0.00984547,-0.00093955,-0.00200721,0.01532964,0.00042294
2005-04-12,0.00704651,-0.00294087,0.00486224,0.00952042,0.00014096
2005-04-13,-0.00207342,0.00309531,-0.00583520,-0.01425669,0.00014096
2005-04-15,-0.02923712,0.00270175,-0.00765794,-0.02832479,0.00027872
2005-04-18,-0.01120318,0.00958779,-0.00550313,-0.01471778,0.00041329
2005-04-19,-0.00525393,-0.00608826,0.00191859,-0.01609172,0.00013775
2005-04-20,0.01250032,-0.00729499,-0.00064512,-0.00138110,0.00013775
2005-04-21,0.01203158,0.00685192,0.01053875,0.00296248,0.00013775
2005-04-22,0.01085980,0.01226354,-0.00851301,-0.00014523,0.00013775
2005-04-25,0.00252717,-0.00199248,0.00604589,0.00641049,0.00041007
2005-04-26,-0.00430607,0.00563988,0.00799084,-0.01554464,0.00013667
2005-04-27,-0.00931674,0.00716824,0.00072996,0.00067771,0.00013667
2005-04-28,0.00056687,-0.00210662,-0.00128896,-0.02222028,0.00013667
2005-04-29,-0.01838436,-0.00430301,-0.00329825,-0.00457928,0.00013667
2005-05-02,0.00276895,-0.00874504,-0.00091161,-0.02351826,0.00041007
2005-05-03,0.00206967,0.00227224,-0.00324053,-0.00066457,0.00013667
2005-05-04,0.01085514,0.00861670,0.00033487,0.00808749,0.00013667
2005-05-05,0.00989879,0.00270155,0.00712076,-0.00462316,0.00013667
2005-05-06,0.00631356,0.00214177,0.00289139,-0.00259532,0.00013882
2005-05-09,0.01312139,0.00066448,0.00725835,0.00440936,0.00041650
2005-05-10,-0.00246649,0.00743501,-0.00182595,-0.00589103,0.00013882
2005-05-11,-0.00119240,0.00458800,0.01937933,0.00123774,0.00013882
2005-05-12,0.00824870,0.01397655,0.00314425,0.00897067,0.00013882
2005-05-13,0.00037830,0.01526166,0.01217765,0.00240984,0.00013882
2005-05-16,0.01030662,0.00111220,0.01757425,-0.00308044,0.00041650
2005-05-17,-0.01248108,-0.00194059,-0.00025742,-0.00158324,0.00013882
2005-05-18,-0.00284936,0.00746594,0.00494761,0.00157137,0.00013882
2005-05-19,0.00536213,0.00550546,0.01294480,0.00106240,0.00013882
2005-05-20,-0.00012463,0.00290123,0.01021102,-0.00430890,0.00013775
2005-05-23,0.00816957,0.00638712,0.01767269,-0.00491293,0.00041329
2005-05-24,0.00426268,-0.00773281,0.00084560,0.00165620,0.00013775
2005-05-25,0.00508872,0.00017293,-0.00042447,-0.00889101,0.00013775
2005-05-26,0.00789784,-0.00772660,0.00036104,-0.01059453,0.00013775
2005-05-27,0.00256982,-0.01314784,-0.00493605,-0.00503739,0.00013882
2005-05-30,-0.00458317,-0.00980851,-0.00604579,0.00251884,0.00041650
2005-05-31,0.00769515,-0.00067954,0.01616505,0.00709355,0.00013882
2005-06-01,0.00384417,0.00566849,0.00503791,0.02648139,0.00013882
2005-06-02,-0.00895694,0.00506343,-0.00301373,-0.02279403,0.00013882
2005-06-03,0.01149118,0.00033466,0.00911991,0.00115167,0.00013882
2005-06-04,0.00257420,0.00524105,0.00645558,-0.00607105,0.00013882
2005-06-06,0.00013495,0.00490622,0.01034821,0.01544725,0.00027765
2005-06-07,0.00224605,-0.00059480,0.00907208,-0.00525409,0.00013882
2005-06-08,0.00497583,-0.00060160,-0.00053208,0.00932250,0.00013882
2005-06-09,-0.00148020,0.00563006,0.00547614,0.01099044,0.00013882
2005-06-10,-0.00496263,0.00140061,-0.00166580,-0.00081713,0.00013989
2005-06-13,0.00465572,0.00776647,0.00283239,-0.00278013,0.00041972
2005-06-14,0.00173852,0.00415927,0.00208851,-0.01023698,0.00013989
2005-06-15,0.00839255,-0.00157828,0.00002259,0.02153226,0.00013989
2005-06-16,-0.00706726,-0.00565053,-0.00859218,-0.00135470,0.00013989
2005-06-17,-0.00597796,-0.01035696,-0.00651349,-0.00225084,0.00014203
2005-06-20,0.00333193,-0.01517538,-0.00764087,-0.01514742,0.00042614
2005-06-21,0.00856480,-0.00247806,0.00142563,0.00012999,0.00014203
2005-06-22,0.00387958,-0.00120352,-0.00778582,0.01546941,0.00014203
2005-06-23,0.00077144,0.00041668,0.00447444,-0.00537894,0.00014203
2005-06-24,0.00599821,0.00795439,0.00780192,-0.01960687,0.00014203
2005-06-27,0.00072365,-0.00249260,0.00315931,-0.02101147,0.00042614
2005-06-28,-0.01578468,-0.00363444,-0.00373093,0.00564740,0.00014203
2005-06-29,0.00989197,0.00259536,0.00022679,0.01541407,0.00014203
2005-06-30,0.00564464,0.00047945,-0.00300324,0.00577524,0.00014203
2005-07-01,0.00196241,0.00392618,-0.00335192,0.00052271,0.00014203
2005-07-04,0.01134238,-0.00027130,0.00070277,-0.00100339,0.00042936
2005-07-05,-0.00771152,0.00383961,-0.00795865,-0.00290331,0.00014310
2005-07-06,0.00981283,0.00046849,0.00299874,0.01098069,0.00014310
2005-07-07,-0.01796707,0.00805501,-0.00366203,0.00522734,0.00014310
2005-07-08,0.01105250,-0.00050715,0.00296427,0.00645791,0.00014417
2005-07-11,0.00894852,0.00583142,-0.00136283,0.00554022,0.00043257
2005-07-12,0.00253381,-0.00699311,-0.00110387,0.00070915,0.00014417
2005-07-13,-0.00237202,-0.00005980,0.00770201,-0.00415910,0.00014417
2005-07-14,-0.00137719,0.01285750,0.00499144,0.00290247,0.00014417
2005-07-15,0.01441747,0.00237050,0.00189741,0.00409466,0.00014631
2005-07-18,0.01227821,0.00583822,0.01236181,0.00404343,0.00043899
2005-07-19,0.00269822,0.00197221,-0.00283452,0.00145878,0.00014631
2005-07-20,0.00540093,-0.01110321,0.00058880,0.00113082,0.00014631
2005-07-21,-0.00397355,0.00274760,0.00570773,0.00380142,0.00014631
2005-07-22,0.01349681,0.00203077,0.01457473,0.00597316,0.00014631
2005-07-25,0.00581692,-0.00457579,0.00165596,0.01294490,0.00043899
2005-07-26,-0.00106347,-0.00643827,-0.01010768,0.00095735,0.00014631
2005-07-27,0.00230520,-0.00605139,-0.00407313,0.00343630,0.00014631
2005-07-29,-0.00865700,0.00574666,-0.00557759,0.00299425,0.00029264
2005-08-01,0.00539979,-0.00684052,-0.00317599,0.00714488,0.00043899
2005-08-02,0.01850031,-0.00019611,-0.00124215,0.00437293,0.00014631
2005-08-03,-0.00033245,-0.00029585,-0.00274159,0.00113317,0.00014631
2005-08-04,0.00749126,-0.00193743,0.00450210,0.00390490,0.00014631
2005-08-05,0.00337371,0.01029519,0.00232329,0.00642109,0.00014203
2005-08-08,-0.01346155,0.00755655,0.00314199,-0.00087978,0.00042614
2005-08-09,-0.00255894,0.01015795,0.00233497,0.00752874,0.00014203
2005-08-10,0.01884923,0.00381362,0.00724352,-0.00173134,0.00014203
2005-08-11,0.00993054,0.00968722,0.00846505,-0.00037784,0.00014203
2005-08-12,-0.00163329,0.01671021,0.00471499,0.00638155,0.00013989
2005-08-16,0.00837870,0.00871406,0.01047649,0.00035249,0.00055967
2005-08-17,0.01534911,0.00537847,0.00621124,-0.00665991,0.00013989
2005-08-18,-0.00727434,-0.00277685,-0.00681367,-0.00616257,0.00013989
2005-08-19,0.00105384,0.01229765,0.01205132,-0.00216450,0.00013882
2005-08-22,-0.00401205,0.00858249,0.00876856,-0.00096553,0.00041650
2005-08-23,-0.02047853,-0.00651653,-0.01378180,-0.00391281,0.00013882
2005-08-24,-0.00469867,-0.00078716,-0.00449849,0.00175230,0.00013882
2005-08-25,0.01338052,0.00625726,0.01627445,0.00184409,0.00013882
2005-08-26,0.00552132,0.01151844,0.00217960,0.00037962,0.00013882
2005-08-29,-0.00193492,0.00940945,0.01654948,-0.00948715,0.00041650
2005-08-30,0.01170680,0.00289532,-0.00295412,-0.00114289,0.00013882
2005-08-31,0.00847497,0.00573356,0.00374425,0.00915944,0.00013882
2005-09-01,0.01016118,-0.00304460,0.00282985,0.00968118,0.00013882
2005-09-02,0.00334239,-0.00487021,-0.00182794,-0.00235802,0.00013882
2005-09-05,0.00426143,0.00248270,0.00127261,0.00812945,0.00041650
2005-09-06,0.00237522,-0.00124853,0.00057013,0.00364394,0.00013882
2005-09-08,0.00848135,-0.00335850,0.00920044,0.00494194,0.00027765
2005-09-09,-0.00210038,-0.00814765,-0.00155617,0.00291358,0.00013775
2005-09-12,0.00953749,0.00149956,0.00774450,-0.00143262,0.00041329
2005-09-13,0.00598488,-0.00094274,0.00607244,0.00605135,0.00013775
2005-09-14,-0.00398827,-0.00037156,0.00167724,0.00377860,0.00013775
2005-09-15,0.01305918,0.00662726,0.00754300,0.00597186,0.00013775
2005-09-16,0.00870784,0.00166845,0.00024822,0.00056470,0.00013667
2005-09-19,0.00933449,-0.00396908,-0.00058055,0.00306008,0.00041007
2005-09-20,-0.00172883,-0.01027386,-0.01461272,-0.00642118,0.00013667
2005-09-21,-0.01297568,-0.02168971,-0.02135355,-0.01406003,0.00013667
2005-09-22,-0.04454070,-0.02460804,-0.02560423,-0.00866822,0.00013667
2005-09-23,0.00253044,-0.00023245,-0.00263160,-0.01264250,0.00013882
2005-09-26,0.03172535,0.00788231,0.01342738,-0.00047682,0.00041650
2005-09-27,0.00647648,0.00289457,-0.00577723,0.01331334,0.00013882
2005-09-28,0.00735729,-0.00834626,-0.00103371,0.00027628,0.00013882
2005-09-29,-0.00040793,-0.01635025,-0.01789204,-0.01293869,0.00013882
2005-09-30,-0.00578338,-0.01029970,-0.01917197,-0.00251680,0.00014631
2005-10-03,0.01409665,0.00603982,-0.00211958,-0.00414055,0.00043899
2005-10-04,0.01231247,0.00205924,0.00983623,-0.00551246,0.00014631
2005-10-05,-0.00527338,0.00066240,-0.00564950,0.00097200,0.00014631
2005-10-06,-0.01700817,-0.00066438,-0.00072974,-0.00578268,0.00014631
2005-10-07,-0.00256541,-0.00023659,-0.00275923,-0.00656580,0.00014417
2005-10-10,-0.00584594,-0.00321436,-0.00660808,-0.00445710,0.00043257
2005-10-11,0.00004149,-0.00996705,-0.00716823,-0.01144326,0.00014417
2005-10-13,-0.01619870,0.00874070,-0.00157404,0.00104514,0.00028836
2005-10-14,-0.02080972,-0.00821172,-0.00837341,-0.00780214,0.00014631
2005-10-17,-0.00574028,-0.00907159,-0.00946828,-0.00314667,0.00043899
2005-10-18,-0.00580650,0.00452544,-0.00411627,0.00286448,0.00014631
2005-10-19,-0.02570196,-0.01287369,-0.01272100,-0.01584727,0.00014631
2005-10-20,-0.01046475,-0.01699749,-0.01328831,-0.01255914,0.00014631
2005-10-21,0.01744249,-0.00483369,-0.00245799,-0.00157494,0.00014738
2005-10-24,-0.01102580,0.01369817,0.01100921,0.01013573,0.00044221
2005-10-25,0.00600528,-0.00620374,0.00818378,-0.00326825,0.00014738
2005-10-26,-0.00507161,0.00747449,0.00569962,0.00161400,0.00014738
2005-10-27,-0.01946492,0.00478383,-0.00058811,-0.00171282,0.00014738
2005-10-28,-0.01540068,-0.00895729,-0.00608662,-0.00705360,0.00014845
2005-10-31,0.02044348,-0.00485606,0.00010852,0.01224457,0.00044542
2005-11-01,0.00965859,0.01252309,0.00100257,0.00111051,0.00014845
2005-11-02,0.01135946,-0.00808275,0.00182586,-0.00424308,0.00014845
2005-11-07,0.01917159,0.00436201,0.00546938,0.00065948,0.00075530
2005-11-08,0.01431793,-0.00345363,0.00985855,0.00402650,0.00015166
2005-11-09,-0.00288366,0.00096758,0.00074123,0.00775208,0.00015166
2005-11-10,0.00613750,-0.00125179,-0.00300807,-0.00160398,0.00015166
2005-11-11,0.01890393,-0.00713931,0.00425679,-0.00218975,0.00015486
2005-11-14,0.00041776,0.00213106,0.00311179,0.00496242,0.00046466
2005-11-16,0.00772773,-0.00036061,0.00593041,-0.00090289,0.00030975
2005-11-17,0.00496403,0.00051850,-0.00404051,0.00358601,0.00015486
2005-11-18,0.00480376,-0.00025042,-0.00692542,0.00115674,0.00015486
2005-11-21,-0.00595233,-0.00333967,-0.00354074,0.00255479,0.00046466
2005-11-22,-0.00875456,0.00605737,0.00001561,0.00129675,0.00015486
2005-11-23,0.00913690,-0.00112776,-0.00448794,0.00562677,0.00015486
2005-11-24,0.00719585,0.00141027,-0.00597179,0.00030646,0.00015486
2005-11-25,0.01050065,-0.00293506,-0.00102029,-0.00288915,0.00015273
2005-11-26,0.01050944,0.00013531,-0.00907968,0.00303853,0.00015273
2005-11-28,0.01078818,-0.00086216,-0.00438765,-0.00001901,0.00030548
2005-11-29,-0.00453073,-0.00253958,-0.00263226,-0.00527661,0.00015273
2005-11-30,-0.01304300,0.01189585,-0.00937931,0.00647482,0.00015273
2005-12-01,0.01478936,-0.00572717,-0.00741374,0.00006869,0.00015273
2005-12-02,0.00042936,0.00610614,-0.00683658,0.01026643,0.00015273
2005-12-05,-0.01003569,0.01542523,-0.00321838,0.00908591,0.00045825
2005-12-06,0.00017983,0.00400344,-0.00320341,0.00681140,0.00015273
2005-12-07,0.00944911,-0.00123675,-0.00801399,0.00537236,0.00015273
2005-12-08,0.00503436,0.00645066,-0.00151295,0.00146242,0.00015273
2005-12-09,0.01555704,0.00202562,-0.00403168,0.00155569,0.00015059
2005-12-12,0.00534765,-0.00509318,-0.00300851,-0.00536619,0.00045183
2005-12-13,0.00867608,-0.00906780,0.00085525,0.00584531,0.00015059
2005-12-14,-0.00398795,-0.00138218,-0.00320431,-0.01078959,0.00015059
2005-12-15,-0.00849693,0.00204651,-0.00342555,-0.00326305,0.00015059
2005-12-16,0.00702772,-0.00164236,-0.00802702,0.00002565,0.00015379
2005-12-19,0.00974418,-0.00458036,0.00165658,0.00430741,0.00046145
2005-12-20,-0.00220702,-0.00653579,-0.00087993,0.00148535,0.00015379
2005-12-21,0.00115213,0.00108648,0.00093488,0.00343023,0.00015379
2005-12-22,0.00354329,-0.00166912,-0.00122193,0.00380107,0.00015379
2005-12-23,-0.01048527,0.00528642,-0.00323876,-0.00125711,0.00016020
2005-12-26,-0.01854405,-0.00381261,-0.00704216,-0.00166201,0.00048068
2005-12-27,0.02098214,-0.00539837,0.00002012,0.00403905,0.00016020
2005-12-28,-0.00071985,-0.00053934,-0.00584312,0.00046587,0.00016020
2005-12-29,0.00990156,0.00210895,-0.00087664,0.00638364,0.00016020
2005-12-30,0.00672477,0.00354320,0.00896311,-0.00242435,0.00016234
2006-01-02,0.00218609,0.01188302,0.01507803,0.00040654,0.00048709
2006-01-03,0.01638431,0.00327339,0.00872758,-0.00096544,0.00016234
2006-01-04,0.00681507,-0.00788948,0.00259284,-0.00276269,0.00016234
2006-01-05,-0.00015113,-0.00076070,-0.00587331,-0.00524057,0.00016234
2006-01-06,0.00505336,-0.00200811,0.00030489,0.00153015,0.00015807
2006-01-09,0.00235849,0.00512162,0.00059509,0.00431397,0.00047427
2006-01-10,-0.00940094,0.00486959,-0.00074553,0.00433804,0.00015807
2006-01-12,-0.00444995,0.00915569,-0.00075830,0.00886960,0.00031616
2006-01-13,0.00165371,0.00439379,0.00339355,0.00857844,0.00016447
2006-01-16,-0.00568572,0.00309991,-0.00003343,0.00337081,0.00049349
2006-01-17,-0.00446852,-0.00983549,-0.00042378,0.01231877,0.00016447
2006-01-18,0.00318399,-0.02335607,0.00012607,-0.00532600,0.00016447
2006-01-19,0.02318998,0.00521904,-0.00335557,0.00442201,0.00016447
2006-01-20,0.00941574,0.00320726,-0.00522883,0.01352173,0.00016447
2006-01-23,-0.00201414,0.00911996,0.00144943,0.01633555,0.00049349
2006-01-24,0.00799348,0.00302162,0.00234019,0.00031618,0.00016447
2006-01-25,0.00422819,-0.00679218,-0.00112969,0.00692584,0.00016447
2006-01-27,0.01067542,-0.00885755,-0.00981339,-0.00511162,0.00034175
2006-01-30,-0.00743304,-0.01177704,-0.00001284,-0.00019984,0.00053185
2006-01-31,0.00566023,-0.01032432,-0.00083051,0.00580673,0.00017725
2006-02-01,-0.00836609,-0.00886080,-0.01166132,0.00810794,0.00017725
2006-02-02,0.00138815,-0.00631215,-0.01091451,0.00113148,0.00017725
2006-02-03,-0.00163286,0.00187003,0.00004752,-0.00722375,0.00017406
2006-02-06,0.01338407,-0.00392948,0.00277204,-0.00048532,0.00052227
2006-02-07,0.00433898,-0.00251759,0.00248517,0.00320395,0.00017406
2006-02-08,-0.00086428,0.00170008,0.00060634,-0.00407292,0.00017406
2006-02-10,0.00646018,0.00904345,0.00383107,0.00287848,0.00034815
2006-02-13,0.00638541,0.00763187,0.00854485,0.00000668,0.00052227
2006-02-14,-0.00590577,0.00246255,0.00239793,-0.00256086,0.00017406
2006-02-15,0.00343755,-0.00309199,0.00098771,-0.00492608,0.00017406
2006-02-16,0.00179076,0.00133047,0.00516868,-0.01046926,0.00017406
2006-02-17,-0.01392223,-0.00500502,-0.00166777,-0.00214788,0.00017725
2006-02-20,0.00145719,-0.01231106,-0.00074341,-0.00774781,0.00053185
2006-02-21,0.00660205,0.00053931,0.00062236,0.00346394,0.00017725
2006-02-22,0.00562405,-0.01454641,-0.00459163,-0.00331055,0.00017725
2006-02-23,0.00255476,-0.00576718,-0.00534936,-0.00720131,0.00017725
2006-02-24,-0.00072294,-0.00284853,-0.00121411,-0.00269328,0.00017725
2006-02-27,0.00480180,0.00232767,0.00048525,0.00318166,0.00053185
2006-02-28,-0.00113484,0.00728421,-0.00383008,0.02175263,0.00017725
2006-03-01,0.01672187,-0.00139581,-0.01003429,0.01465521,0.00017725
2006-03-02,0.00692085,-0.00356241,-0.00704335,0.00860866,0.00017725
2006-03-03,0.00261514,0.00008367,-0.00694144,0.01151002,0.00017725
2006-03-06,0.01402278,-0.00342863,-0.00826305,-0.00136349,0.00053185
2006-03-07,0.00276630,0.00496988,-0.00352102,0.01081580,0.00017725
2006-03-08,-0.01820491,0.01150402,-0.00079774,-0.00123374,0.00017725
2006-03-09,0.00485511,-0.00288198,-0.00413503,0.00502669,0.00017725
2006-03-10,0.01373823,0.00256370,0.00144749,0.01691794,0.00017619
2006-03-13,0.00414321,-0.00478064,-0.00130411,-0.00416316,0.00052865
2006-03-14,-0.00523056,-0.00050988,-0.00220196,0.00528289,0.00017619
2006-03-16,0.00729484,-0.00715211,-0.00335648,0.00811096,0.00035134
2006-03-17,-0.00086733,-0.00819106,-0.00069859,0.00442542,0.00017512
2006-03-20,0.00771156,-0.00157628,-0.00551738,0.00297597,0.00052546
2006-03-21,0.00047112,-0.00249848,-0.00520726,0.00518201,0.00017512
2006-03-22,-0.00695845,-0.00022461,-0.00447402,0.00143286,0.00017512
2006-03-23,0.00232939,0.00018025,0.00080455,-0.00023178,0.00017512
2006-03-24,0.00970284,-0.00609338,0.00238630,0.00293813,0.00017299
2006-03-27,0.01113356,-0.00109282,-0.00343369,0.00024918,0.00051907
2006-03-28,-0.00220514,-0.00341881,0.00407408,-0.00055065,0.00017299
2006-03-29,0.00927990,0.00625834,0.00283496,0.00312363,0.00017299
2006-03-30,0.01688596,0.00087317,0.00109149,-0.00754430,0.00017299
2006-03-31,0.00338487,0.01018966,0.00283369,0.00056428,0.00016234
2006-04-03,0.02338264,0.00801929,0.00743735,-0.01300395,0.00048709
2006-04-04,0.00382958,-0.00065131,-0.00318778,-0.01775821,0.00016234
2006-04-05,0.01013137,0.00540288,0.01258862,-0.00190065,0.00016234
2006-04-07,-0.01016727,-0.00054794,-0.00271919,0.00239740,0.00031615
2006-04-10,0.00903156,0.00019636,0.01392645,-0.01116870,0.00046145
2006-04-12,-0.02019334,0.00565886,0.01254674,-0.00149515,0.00030761
2006-04-13,-0.01312563,-0.01101160,0.00024355,-0.00164585,0.00015379
2006-04-17,0.02054094,-0.00491560,0.00147180,-0.00229923,0.00059285
2006-04-18,0.02040323,-0.00767764,-0.00243444,0.01300872,0.00014631
2006-04-19,0.00503423,-0.00159108,-0.00873869,-0.00072803,0.00014631
2006-04-20,0.00800132,-0.00127089,0.00286011,0.01392062,0.00014631
2006-04-21,-0.00062062,0.00478463,0.00036027,-0.00344327,0.00014417
2006-04-24,-0.00121501,0.01522588,-0.00240976,0.00182700,0.00043257
2006-04-25,-0.01831145,0.01241598,0.01140527,-0.00119426,0.00014417
2006-04-26,0.02514048,-0.01166682,0.00455491,0.01071622,0.00014417
2006-04-27,-0.00680559,0.01488904,0.00522303,-0.00536292,0.00014417
2006-04-28,0.00374845,-0.01140494,0.00239836,0.00237489,0.00014417
2006-04-29,0.01731763,0.01205944,0.00385998,0.00487601,0.00014417
2006-05-02,0.01044680,0.00515852,0.01054113,-0.01242865,0.00043257
2006-05-03,0.00518061,0.00225144,0.01254679,-0.00341887,0.00014417
2006-05-04,0.00104600,-0.00122937,0.00550059,-0.00480178,0.00014417
2006-05-05,0.00604839,-0.00688016,0.00389528,-0.00697951,0.00015273
2006-05-08,0.00753222,0.00024767,0.01199479,-0.00569704,0.00045825
2006-05-09,0.00514722,0.00493153,0.00253211,-0.00346360,0.00015273
2006-05-10,0.00828184,0.00630170,0.00641688,0.00105683,0.00015273
2006-05-11,-0.01087487,0.01121442,-0.00448330,0.00686040,0.00015273
2006-05-12,-0.00827462,0.00778534,0.00679836,0.00719615,0.00015059
2006-05-15,-0.04097531,0.02045328,0.00152395,-0.00631869,0.00045183
2006-05-16,-0.00136021,-0.01747699,-0.00964467,0.00548146,0.00015059
2006-05-17,0.02805733,0.00642069,0.01368293,0.00145063,0.00015059
2006-05-18,-0.06604313,0.00624412,-0.00177289,-0.01152593,0.00015059
2006-05-19,-0.04310547,0.00794702,-0.01211081,0.00707515,0.00015059
2006-05-22,-0.06063353,-0.00454267,0.00260570,0.00561292,0.00045183
2006-05-23,0.03440479,-0.01126420,-0.01272435,-0.00529793,0.00015059
2006-05-24,-0.01656421,0.01762112,-0.00494239,-0.00227403,0.00015059
2006-05-25,0.01011095,-0.01566151,0.00038315,0.01375026,0.00015059
2006-05-26,0.01390083,0.00460298,0.00218311,-0.00674795,0.00015166
2006-05-29,0.00171210,0.00808250,0.00746266,0.00267594,0.00045504
2006-05-30,-0.00401796,0.00680167,0.00489511,0.00509524,0.00015166
2006-05-31,-0.03179584,-0.00085605,-0.00727673,0.00243556,0.00015166
2006-06-01,-0.03579055,0.01007444,0.00328053,-0.00265623,0.00015166
2006-06-02,0.02215332,-0.04562181,-0.01270412,0.00820008,0.00015273
2006-06-05,-0.02432536,0.00456351,-0.00242881,-0.01116429,0.00045825
2006-06-06,-0.03179446,-0.00517725,-0.00631184,0.00791267,0.00015273
2006-06-07,-0.04395950,-0.02145383,0.00333951,0.01687243,0.00015273
2006-06-08,-0.05523670,-0.02233791,0.01300535,0.01730266,0.00015273
2006-06-09,0.05301088,-0.02132790,-0.02285205,-0.01968326,0.00015273
2006-06-12,-0.02444997,0.00727339,-0.00933913,-0.01649200,0.00045825
2006-06-13,-0.04773297,-0.01224371,0.00503590,-0.01718669,0.00015273
2006-06-14,-0.01906196,-0.02070336,-0.00042933,-0.00686628,0.00015273
2006-06-15,0.05837302,-0.02531116,-0.01150372,-0.00036809,0.00015273
2006-06-16,0.03913985,0.00167820,-0.00976603,0.00726458,0.00016447
2006-06-19,0.01372483,0.00741718,0.00308276,0.00264921,0.00049349
2006-06-20,-0.00802883,0.02383141,0.00440473,-0.01122578,0.00016447
2006-06-21,0.02430225,0.00942959,0.01111078,-0.00540855,0.00016447
2006-06-22,0.02382180,0.00448214,0.00084564,0.00917035,0.00016447
2006-06-23,0.01356283,-0.00627816,0.00097225,0.00741739,0.00016767
2006-06-25,0.00663570,0.01029482,0.00520402,0.00285361,0.00033536
2006-06-26,-0.03897044,0.00019140,-0.00002775,0.00734869,0.00016767
2006-06-27,0.00241396,-0.01626206,-0.00448084,0.01490142,0.00016767
2006-06-28,-0.00085467,-0.01027801,0.00335571,0.01217146,0.00016767
2006-06-29,0.00450770,0.00477203,-0.00861759,0.00197571,0.00016767
2006-06-30,0.04026990,-0.01276309,-0.00299477,0.02861162,0.00016873
2006-07-03,0.00512329,-0.00064040,-0.00160137,0.01081284,0.00050628
2006-07-04,-0.00424474,0.00144463,0.00560633,0.00243142,0.00016873
2006-07-05,0.01656690,-0.01060073,-0.00156995,0.00559241,0.00016873
2006-07-06,-0.00891718,0.00907690,0.00121800,-0.00234759,0.00016873
2006-07-07,-0.02251536,0.01335462,-0.01290222,-0.00524571,0.00016980
2006-07-10,0.01658119,-0.02445416,0.00319130,0.01060520,0.00050948
2006-07-11,-0.00342292,0.00015775,0.00151894,0.00458733,0.00016980
2006-07-12,0.01915987,-0.01664475,-0.00610491,0.01720664,0.00016980
2006-07-13,-0.00521997,0.00560566,0.00052644,-0.01172848,0.00016980
2006-07-14,-0.01302535,0.00388610,0.00417901,-0.00670969,0.00016980
2006-07-17,-0.03269351,0.01404574,0.00033393,-0.00258800,0.00050948
2006-07-18,-0.00874688,-0.00914503,-0.00192696,0.00697944,0.00016980
2006-07-19,-0.02567540,-0.00802678,-0.00216302,-0.00916202,0.00016980
2006-07-20,0.02202864,-0.01563116,-0.00120802,-0.00959188,0.00016980
2006-07-21,-0.02686601,0.00290010,-0.00178140,0.00478256,0.00017086
2006-07-24,0.00238387,-0.01379675,-0.00507287,-0.00294607,0.00051268
2006-07-25,0.01911083,-0.00134751,0.00510633,0.00832537,0.00017086
2006-07-26,0.02245608,0.00207283,0.00474953,0.01532118,0.00017086
2006-07-27,0.01269554,0.00296967,-0.00036160,0.01527204,0.00017086
2006-07-28,-0.00252692,0.01708545,0.00348305,0.00307678,0.00017086
2006-07-31,0.00432836,0.00880389,0.00233742,0.00315965,0.00051268
2006-08-01,-0.00195230,-0.00519329,0.01077713,-0.00560981,0.00017086
2006-08-02,0.01258485,-0.00374541,0.00723510,-0.00720539,0.00017086
2006-08-03,0.00174485,0.00978113,-0.00259661,0.00194666,0.00017086
2006-08-04,-0.00482650,0.00284165,0.00084566,0.00413114,0.00017086
2006-08-07,-0.00528919,0.00244657,0.00319361,-0.00702595,0.00051268
2006-08-08,0.01445323,0.00019823,0.00052205,0.00719026,0.00017086
2006-08-09,0.01294575,0.00621348,-0.00469702,0.00405076,0.00017086
2006-08-10,0.00686943,0.01436386,0.00804555,0.01003228,0.00017086
2006-08-11,0.00862574,0.00754047,-0.00276395,-0.01166370,0.00016873
2006-08-14,0.01577876,0.00883518,-0.00190221,-0.01147487,0.00050628
2006-08-16,0.01521950,-0.00077900,0.00825346,-0.00866935,0.00033749
2006-08-17,-0.00480553,-0.00978733,-0.00095937,0.00210184,0.00016873
2006-08-18,0.00303728,0.00449897,-0.00903497,-0.00857966,0.00016980
2006-08-21,0.00290729,0.00580636,0.00312946,-0.00393194,0.00050948
2006-08-22,-0.00220946,0.00375456,0.00367088,0.00326775,0.00016980
2006-08-23,-0.00959827,-0.00846778,0.00656361,0.01053572,0.00016980
2006-08-24,0.00859564,-0.01279906,0.00714725,0.00076803,0.00016980
2006-08-25,0.00361041,0.00500838,-0.00034410,0.00336518,0.00016980
2006-08-28,0.00442087,-0.00108621,0.00042012,-0.00291137,0.00050948
2006-08-29,0.00670520,-0.00951363,0.00192724,-0.00057565,0.00016980
2006-08-30,-0.00163241,-0.00398021,-0.00175203,0.00390056,0.00016980
2006-08-31,-0.00712844,-0.00322140,-0.00324662,0.01271769,0.00016980
2006-09-01,0.00563245,-0.00153511,0.00473588,0.00450987,0.00017086
2006-09-04,0.01278034,-0.00053251,-0.00012791,-0.00026745,0.00051268
2006-09-05,0.00284264,0.00211083,-0.00587126,0.00013592,0.00017086
2006-09-06,0.00718952,-0.00015503,-0.00122675,0.00326383,0.00017086
2006-09-07,-0.00541813,0.00561591,0.00214194,-0.00258484,0.00017086
2006-09-08,0.00629007,0.00590812,0.00435358,0.00108490,0.00017086
2006-09-11,-0.03246743,0.00581926,0.00078202,0.00037729,0.00051268
2006-09-12,0.00833562,-0.00522521,-0.00388016,0.00709150,0.00017086
2006-09-13,0.01807659,-0.00123204,0.00251579,0.00109167,0.00017086
2006-09-14,0.00356485,-0.00243836,0.00285525,0.00550042,0.00017086
2006-09-15,0.00095311,0.00074271,-0.00265880,-0.00029630,0.00017193
2006-09-18,0.00172137,0.00513787,-0.00205228,0.00247525,0.00051588
2006-09-19,-0.01070193,0.00393620,0.00215351,-0.00055445,0.00017193
2006-09-20,0.01040508,-0.01008510,-0.00038032,0.00060775,0.00017193
2006-09-21,0.00988939,-0.00417437,-0.00013282,0.00160435,0.00017193
2006-09-22,-0.00237155,-0.00469713,0.00084461,0.00642868,0.00017299
2006-09-25,-0.00559415,0.00211630,0.00031234,0.01069936,0.00051907
2006-09-26,0.00769473,-0.00684702,-0.00177117,0.00166846,0.00017299
2006-09-27,0.00331805,-0.00084752,0.00130592,-0.00244491,0.00017299
2006-09-28,-0.00389045,0.00919412,0.00052038,-0.00678986,0.00017299
2006-09-29,0.00873449,0.00239218,-0.00175075,0.00457505,0.00017512
2006-10-03,-0.00198333,0.00520717,0.00996479,-0.00319733,0.00070068
2006-10-04,-0.01033495,0.00592628,0.00106909,-0.00393603,0.00017512
2006-10-05,0.01472058,0.00295549,0.00265959,-0.01145562,0.00017512
2006-10-06,0.00418707,0.00470704,0.00463938,-0.00926245,0.00017512
2006-10-09,0.00168376,0.01161723,0.00417032,-0.00426800,0.00052546
2006-10-10,0.00243866,-0.00204467,0.00928399,-0.00257429,0.00017512
2006-10-11,-0.00625600,-0.00386271,-0.00629703,0.00600293,0.00017512
2006-10-12,0.01362072,-0.00609752,-0.00805267,0.00694420,0.00017512
2006-10-13,0.00984216,-0.00240552,-0.01286360,0.01691056,0.00017512
2006-10-16,0.00632087,-0.00841360,-0.00661408,0.00986453,0.00052546
2006-10-17,-0.00217727,-0.00362117,-0.00199174,0.00638009,0.00017512
2006-10-18,-0.00090879,0.00534908,-0.00035383,0.00346852,0.00017512
2006-10-19,-0.00648996,0.00545721,-0.00645847,-0.00241370,0.00017512
2006-10-20,0.00278953,0.00247303,0.00032780,0.00119393,0.00017619
2006-10-21,0.00506811,0.01087196,0.00172743,-0.00154774,0.00017619
2006-10-23,-0.00723809,0.00284705,0.00230050,-0.00116639,0.00035241
2006-10-26,0.00438566,0.00511918,-0.00191145,0.00796217,0.00052865
2006-10-27,0.01418602,-0.01188758,-0.00724304,0.01147950,0.00017619
2006-10-30,0.00379348,-0.00588934,0.00080520,0.00498449,0.00052865
2006-10-31,-0.00583057,-0.00421796,-0.00124234,0.01244424,0.00017619
2006-11-01,0.00643701,-0.00050578,-0.00646108,0.01076755,0.00017619
2006-11-02,0.00439339,-0.00073834,0.00085394,0.00445658,0.00017619
2006-11-03,0.00490063,-0.00253290,-0.00747768,0.00204481,0.00017619
2006-11-06,0.00388744,0.00344866,0.00152953,0.00938359,0.00052865
2006-11-07,-0.00048651,0.00331881,-0.00162176,0.00132765,0.00017619
2006-11-08,-0.01005883,-0.00138254,0.00338643,0.00600152,0.00017619
2006-11-09,0.00477864,0.00459043,-0.00238127,-0.00909474,0.00017619
2006-11-10,0.00807442,-0.00458094,-0.00195999,0.01145525,0.00017619
2006-11-13,0.00761599,-0.00031420,0.00702230,0.00545327,0.00052865
2006-11-14,-0.00164908,-0.00547254,-0.00434112,0.00240257,0.00017619
2006-11-15,0.00038622,-0.00058473,-0.00314689,-0.00187407,0.00017619
2006-11-16,-0.00203345,-0.00484328,0.00014119,0.00519857,0.00017619
2006-11-17,-0.00924177,-0.01343615,-0.00263001,-0.00313374,0.00017619
2006-11-20,-0.00434163,-0.00270945,-0.00251689,-0.00036696,0.00052865
2006-11-21,0.01695132,-0.00021332,0.00358394,0.00540005,0.00017619
2006-11-22,0.00982864,-0.00145653,-0.00257259,-0.00732342,0.00017619
2006-11-23,0.00063104,-0.00093875,-0.00242857,0.00169492,0.00017619
2006-11-24,0.00432082,-0.00029363,0.00476204,0.00726881,0.00017619
2006-11-27,0.00399214,0.00503843,0.00406993,-0.00452727,0.00052865
2006-11-28,-0.01230878,0.00742492,0.00435324,-0.00143155,0.00017619
2006-11-29,0.00371226,0.01360709,-0.00282431,0.00559292,0.00017619
2006-11-30,0.00239072,0.00307526,0.00088962,0.00795406,0.00017619
2006-12-01,0.00955896,0.00202801,0.00297737,0.00786794,0.00017725
2006-12-04,0.00479042,0.00345094,0.00517842,-0.00058326,0.00053185
2006-12-05,0.00355550,-0.00270573,0.00494403,-0.00520225,0.00017725
2006-12-06,-0.00500997,-0.00387050,0.00287757,0.00301429,0.00017725
2006-12-07,0.00088119,-0.00272500,0.00099001,0.00623775,0.00017725
2006-12-08,-0.01012112,0.00522673,0.00479328,-0.00195657,0.00017619
2006-12-11,-0.02678167,0.00507276,0.00250921,0.00208271,0.00052865
2006-12-12,-0.03953480,-0.00047581,-0.00058163,0.01024490,0.00017619
2006-12-13,0.01633136,-0.00165229,-0.00263203,-0.00244010,0.00017619
2006-12-14,0.02484906,0.00409053,0.00832464,0.00118925,0.00017619
2006-12-15,0.00935490,0.00368421,0.00103900,0.00705608,0.00018788
2006-12-18,0.00638010,-0.00658737,0.00909779,0.00822755,0.00056376
2006-12-19,-0.02157940,0.01432476,0.01036186,-0.01646328,0.00018788
2006-12-20,-0.00312105,0.00143019,0.00138597,-0.00468961,0.00018788
2006-12-21,0.00437011,0.00064820,0.00524719,0.00418047,0.00018788
2006-12-22,0.00988662,0.00033952,0.00457253,0.00690879,0.00018788
2006-12-26,0.01470185,-0.00353091,0.00929972,0.00578674,0.00075175
2006-12-27,0.00927606,0.00142644,-0.00308717,0.00582434,0.00018788
2006-12-28,-0.00069932,0.00579218,-0.00277939,-0.00583389,0.00018788
2006-12-29,0.00348017,0.00148193,0.00172610,-0.00064736,0.00019001
2007-01-02,0.01080124,0.00329013,0.00778618,0.00315749,0.00076025
2007-01-03,0.00516774,0.00797647,0.01373890,-0.00093617,0.00019001
2007-01-04,-0.00315104,0.01046746,0.00666439,-0.01170169,0.00019001
2007-01-05,-0.00067032,0.00229839,0.01682500,-0.00562387,0.00018895
2007-01-08,-0.01035882,0.01876978,0.01859867,-0.00834713,0.00056695
2007-01-09,-0.00496350,-0.00035793,0.00525275,0.00081345,0.00018895
2007-01-10,-0.01391327,0.00339578,0.00558565,-0.00189137,0.00018895
2007-01-11,0.02210243,-0.00797255,-0.00671376,-0.00077642,0.00018895
2007-01-12,0.01833668,-0.01238296,0.00074943,0.00114451,0.00018895
2007-01-15,0.00820859,0.00258575,-0.00571999,0.00523554,0.00056695
2007-01-16,0.00043453,0.00346192,0.00452521,0.00423793,0.00018895
2007-01-17,0.00278295,0.00426741,-0.00202373,-0.01504882,0.00018895
2007-01-18,0.00539108,-0.00619512,0.00728193,0.00333434,0.00018895
2007-01-19,-0.00560961,0.00193999,-0.00268295,0.00361687,0.00018895
2007-01-22,0.00086549,0.00371969,0.00577734,0.00278093,0.00056695
2007-01-23,-0.01013328,-0.00004634,0.00595870,0.00480917,0.00018895
2007-01-24,0.00526103,-0.00445327,-0.01131137,0.00511329,0.00018895
2007-01-25,0.01255266,-0.00911065,-0.00231051,0.00631946,0.00018895
2007-01-29,-0.00094313,-0.00301130,-0.00368989,0.00130052,0.00077511
2007-01-31,-0.01106169,0.00209045,0.00251838,0.00312758,0.00039067
2007-02-01,0.01023420,-0.00995138,0.00946450,0.00866298,0.00019531
2007-02-02,0.00786269,-0.00200619,-0.00889664,0.00497140,0.00019956
2007-02-05,0.00314032,0.00933742,-0.00303377,0.00060010,0.00059879
2007-02-06,-0.00215956,0.00272053,0.00014413,0.00008597,0.00019956
2007-02-07,0.00304951,-0.00358936,0.00578664,0.00759510,0.00019956
2007-02-08,-0.00138229,-0.00565809,0.00200601,-0.00376108,0.00019956
2007-02-09,-0.01276451,-0.00768466,-0.01193017,0.00145856,0.00019850
2007-02-12,-0.03223718,-0.01022925,-0.00096043,-0.00245955,0.00059561
2007-02-13,-0.00345515,-0.00500010,-0.00668683,0.00351799,0.00019850
2007-02-14,0.00398229,-0.00442545,-0.00911339,0.00117617,0.00019850
2007-02-15,0.02399027,0.00748751,0.00246287,0.00850068,0.00019850
2007-02-19,0.00232224,-0.00263466,0.00548521,0.00184037,0.00083872
2007-02-20,-0.01097884,-0.00532016,0.00186641,0.00118408,0.00021332
2007-02-21,-0.00258588,0.00414315,-0.01363002,0.00352463,0.00021332
2007-02-22,-0.01101678,0.00150586,-0.00304532,0.00049648,0.00021332
2007-02-23,-0.02438651,-0.01100965,-0.00392551,-0.00379923,0.00020485
2007-02-26,0.00008672,-0.00298425,-0.00496821,-0.00035842,0.00061469
2007-02-27,-0.00487284,0.00706871,-0.00354467,0.00051520,0.00020485
2007-02-28,-0.03489334,0.00717922,0.00800930,-0.01025202,0.00020485
2007-03-01,0.00989166,-0.01042113,-0.00293530,0.01014436,0.00020485
2007-03-02,-0.01700007,0.00878707,0.00748635,-0.01449710,0.00019743
2007-03-05,-0.04279856,-0.00778720,0.00140409,0.00062449,0.00059242
2007-03-06,0.01363685,-0.01368866,-0.00893083,0.01275517,0.00019743
2007-03-07,-0.01217423,-0.01159801,-0.00305378,0.00063816,0.00019743
2007-03-08,0.03322538,-0.01590862,0.00626409,0.00464111,0.00019743
2007-03-09,-0.00855798,0.00616313,-0.00198255,-0.00161992,0.00019743
2007-03-12,0.00631344,0.00236066,-0.00184659,0.00026114,0.00059242
2007-03-13,0.01016587,0.00462671,0.00065041,0.00543720,0.00019743
2007-03-14,-0.02744849,0.01143393,0.00775420,-0.00326210,0.00019743
2007-03-15,0.00599533,-0.00067444,0.00303373,0.00249915,0.00019743
2007-03-16,-0.00962538,-0.00292426,0.00438564,-0.00034683,0.00019743
2007-03-19,0.01418914,-0.00641774,0.00176986,0.00484088,0.00059242
2007-03-20,0.00494575,-0.00096809,0.00040651,-0.00824441,0.00019743
2007-03-21,0.01055766,-0.01087062,0.00323191,0.00603511,0.00019743
2007-03-22,0.01999502,-0.01055260,0.00427523,0.00575688,0.00019743
2007-03-23,-0.00109900,0.00042894,-0.00873568,0.00518893,0.00021015
2007-03-26,-0.00814704,0.00010300,-0.00948002,-0.00331700,0.00063057
2007-03-28,-0.01330405,-0.00314472,-0.00467471,-0.00904366,0.00042034
2007-03-29,0.00826377,-0.00412656,0.00270142,0.00149704,0.00021015
2007-03-30,0.00947780,0.00252907,0.00364920,-0.00013292,0.00021015
2007-04-02,-0.04000675,0.01420509,0.00858623,-0.01936442,0.00063057
2007-04-03,0.01298528,-0.01411600,-0.00131024,0.00413943,0.00021015
2007-04-04,0.01231765,-0.00616504,-0.00131370,0.00122675,0.00021015
2007-04-05,0.00496072,0.00429908,0.00346278,-0.01038810,0.00021015
2007-04-09,0.02090442,-0.00098891,0.00326828,-0.00116585,0.00083768
2007-04-10,0.00391880,0.00696479,0.00340366,-0.00628845,0.00020909
2007-04-11,0.00509465,0.00474483,-0.00007189,-0.01130965,0.00020909
2007-04-12,-0.00708794,0.00465463,-0.01279018,0.00734934,0.00020909
2007-04-13,0.01683036,-0.00487020,-0.00053072,0.01891746,0.00019425
2007-04-16,0.02060846,-0.00643807,0.00350638,0.00611834,0.00058287
2007-04-17,-0.00726642,0.00019491,-0.00070834,-0.00275987,0.00019425
2007-04-18,0.00600466,-0.00275306,-0.00290606,-0.00051985,0.00019425
2007-04-19,-0.00373308,0.00420081,-0.00329173,0.00236432,0.00019425
2007-04-20,0.01652413,-0.00946941,0.00376405,0.00483661,0.00019743
2007-04-23,0.00076708,-0.00108230,0.00043836,0.00049458,0.00059242
2007-04-24,0.00771778,-0.00284940,-0.00292884,0.00198555,0.00019743
2007-04-25,0.00574561,0.00494787,-0.00005617,0.00293103,0.00019743
2007-04-26,0.00187095,-0.00864847,-0.00432213,-0.00206867,0.00019743
2007-04-27,-0.01602002,0.00436200,-0.00090299,-0.00150079,0.00019425
2007-04-30,0.00596142,0.00044913,-0.00244307,-0.00105194,0.00058287
2007-05-03,0.01359285,-0.01055679,0.00107640,0.00043420,0.00058287
2007-05-04,-0.00570570,0.00505201,-0.00082993,-0.00713284,0.00020273
2007-05-07,-0.00222049,-0.00143661,-0.00396042,-0.00010301,0.00060832
2007-05-08,-0.00888978,0.00086274,-0.00184293,0.00374044,0.00020273
2007-05-09,-0.00018859,-0.00068177,-0.00918975,0.00275338,0.00020273
2007-05-10,-0.00363104,0.00737199,0.00079956,-0.00099302,0.00020273
2007-05-11,0.00211828,0.00385908,-0.00769879,0.00026631,0.00020061
2007-05-14,0.01190889,0.00028362,0.00450825,0.00189264,0.00060197
2007-05-15,-0.00176973,0.00571882,0.00475629,-0.00036890,0.00020061
2007-05-16,0.01024941,0.00526091,-0.00042733,0.00106235,0.00020061
2007-05-17,0.01147423,-0.01020650,-0.00524997,0.00118947,0.00020061
2007-05-18,-0.00218322,0.00254945,-0.00412669,-0.00273922,0.00020168
2007-05-21,0.00880503,-0.00480317,0.00080427,0.00004326,0.00060515
2007-05-22,0.00303041,-0.00476261,0.00524337,0.00424903,0.00020168
2007-05-23,-0.00675117,-0.00025595,-0.00899370,0.00298697,0.00020168
2007-05-24,-0.00530593,0.00017324,0.00027520,-0.00370866,0.00020168
2007-05-25,0.00916275,0.00154626,-0.00076633,0.00361255,0.00020168
2007-05-28,0.00340540,0.00483341,-0.00052170,-0.00316831,0.00060515
2007-05-29,0.00793583,0.00053263,-0.00226510,0.00607321,0.00020168
2007-05-30,-0.01097283,0.00211795,0.00241561,0.00408850,0.00020168
2007-05-31,0.00694634,-0.00077560,-0.00273850,0.00812860,0.00020168
2007-06-01,0.00285103,0.00563162,-0.00079679,-0.00167220,0.00019531
2007-06-04,-0.00783903,0.00550959,0.00441496,-0.00205471,0.00058606
2007-06-05,0.00221328,0.00305498,-0.00378830,0.00969882,0.00019531
2007-06-06,-0.01735392,0.00914286,-0.00548746,-0.00709464,0.00019531
2007-06-07,-0.00243643,0.00534091,-0.00843435,0.00772204,0.00019531
2007-06-08,-0.00812541,0.00248985,0.00097148,-0.00162562,0.00019107
2007-06-11,-0.00147321,-0.00541144,-0.00068995,-0.00425337,0.00057332
2007-06-12,-0.00248188,-0.00971185,0.00255854,0.00419885,0.00019107
2007-06-13,-0.00633194,0.00605444,0.00375491,-0.00163939,0.00020379
2007-06-14,0.01494673,-0.00717970,0.00857518,0.00286034,0.00020379
2007-06-15,0.00045416,0.00533705,-0.00236127,-0.00007422,0.00020485
2007-06-18,-0.00645859,0.00340201,0.00243381,-0.00226957,0.00061469
2007-06-19,0.01237106,-0.00648592,-0.00385018,0.01070385,0.00020485
2007-06-20,0.00808201,0.00265127,0.00048623,-0.00028889,0.00020485
2007-06-21,0.00514474,0.00226666,-0.00108260,-0.00017861,0.00020485
2007-06-22,-0.00164249,0.00684812,-0.00068613,-0.00281816,0.00019001
2007-06-25,0.00069319,0.00513962,0.00831259,0.00448480,0.00057013
2007-06-26,0.00760685,0.00206524,-0.00033202,0.00577294,0.00019001
2007-06-27,-0.00408497,0.00543916,0.00241880,-0.00303741,0.00018895
2007-06-28,0.00138872,0.00197097,0.00860357,0.00380152,0.00018895
2007-06-29,0.00756135,-0.00050948,0.00253719,-0.00090320,0.00019531
2007-07-02,0.00256034,0.00704312,-0.00705901,0.00182240,0.00058606
2007-07-03,0.00856310,-0.00054220,-0.00337240,0.00554986,0.00019531
2007-07-04,0.00165379,-0.00306938,0.00224495,-0.00350548,0.00019531
2007-07-05,-0.00438106,-0.00352942,-0.00168377,0.00031731,0.00019531
2007-07-06,0.00785613,0.00322572,-0.00479652,-0.00294103,0.00016447
2007-07-09,0.00770967,0.00370219,0.00179994,0.00213307,0.00049349
2007-07-10,-0.00184139,-0.00160155,0.01038942,-0.00699767,0.00016447
2007-07-11,0.00020993,0.00626181,0.00043437,0.00292155,0.00016447
2007-07-12,0.01384544,-0.00151135,-0.00948738,0.00331076,0.00016447
2007-07-13,0.01052099,-0.01524240,-0.00132602,0.00182421,0.00013667
2007-07-16,0.00156202,0.00555281,0.01552789,-0.00204166,0.00041007
2007-07-17,-0.00379572,-0.00731672,0.00241701,-0.00546931,0.00013667
2007-07-18,-0.00103519,-0.00206014,-0.00307320,-0.00148896,0.00013667
2007-07-19,0.01085132,-0.00393928,0.00302844,0.00929926,0.00013667
2007-07-20,0.00052999,-0.00602838,0.00426624,0.01143937,0.00012058
2007-07-23,0.01066523,-0.00741389,0.00171146,0.01063556,0.00036177
2007-07-24,-0.00212961,-0.01075712,-0.00376355,0.00947433,0.00012058
2007-07-25,-0.00772075,0.00027748,-0.00563325,-0.00102429,0.00012058
2007-07-26,0.00649407,0.00172369,0.00724300,-0.00681931,0.00012058
2007-07-27,-0.03394006,0.01293685,0.00705182,-0.01223664,0.00011950
2007-07-30,-0.00104194,0.00316931,0.00333345,-0.00175430,0.00035855
2007-07-31,0.01920599,-0.00590284,0.00083966,0.01480973,0.00011950
2007-08-01,-0.03907287,0.00559996,0.00470894,-0.01461968,0.00011950
2007-08-02,0.00228319,0.00250567,0.00711366,0.01266363,0.00011950
2007-08-03,0.01105979,-0.00061335,0.00542866,0.00468869,0.00017193
2007-08-06,-0.01349448,0.00188453,0.01673309,-0.00281792,0.00051588
2007-08-07,0.00686010,-0.00235588,0.01259091,0.00297263,0.00017193
2007-08-08,0.02078481,-0.00957390,0.00986219,0.00651049,0.00017193
2007-08-09,-0.01436790,0.00284417,0.01283232,-0.00388174,0.00017193
2007-08-10,-0.01226343,0.00713930,0.01169605,-0.00618174,0.00017406
2007-08-13,0.00873238,0.00166364,0.02482094,-0.00003535,0.00052227
2007-08-14,0.00189026,-0.00115486,0.01131243,-0.00106136,0.00017406
2007-08-16,-0.03660755,0.01269178,0.01058592,-0.01449785,0.00034815
2007-08-17,-0.01618615,0.00350632,0.01312362,0.00424040,0.00017832
2007-08-20,0.02010097,-0.00736457,0.01106053,0.00863971,0.00053505
2007-08-21,-0.03110218,-0.00258170,-0.00614677,-0.00392991,0.00017832
2007-08-22,0.01152930,-0.01292921,-0.01537379,0.00841754,0.00017832
2007-08-23,-0.00877063,-0.00287869,-0.00736940,-0.00472807,0.00017832
2007-08-24,0.01701496,-0.00523752,0.00322946,0.00760296,0.00018044
2007-08-27,0.02551011,-0.00341261,-0.00598041,0.01153529,0.00054143
2007-08-28,0.00778026,-0.00380039,0.00589844,0.00306554,0.00018044
2007-08-29,0.00807686,-0.00284563,0.00782412,-0.00097904,0.00018044
2007-08-30,0.00849225,-0.00132986,0.01003483,-0.00177759,0.00018044
2007-08-31,0.01491607,-0.00156140,0.01205600,0.00897487,0.00018788
2007-09-03,0.00933987,0.00400838,0.00406465,-0.00325890,0.00056376
2007-09-04,0.00285827,0.00463470,0.01103523,-0.00459996,0.00018788
2007-09-05,0.00009955,-0.00039386,0.00231641,-0.00248407,0.00018788
2007-09-06,0.00791574,-0.00102911,0.00720926,-0.00388451,0.00018788
2007-09-07,-0.00118061,0.00747943,-0.00561783,-0.00124758,0.00018682
2007-09-10,0.00128137,0.00162304,0.00801523,-0.00356846,0.00056057
2007-09-11,0.00000612,-0.00288921,0.00785567,-0.00040257,0.00018682
2007-09-12,0.00004509,0.00645838,0.00820192,0.00722613,0.00018682
2007-09-13,0.00747677,0.00078348,0.00740817,0.00045582,0.00018682
2007-09-14,-0.00614351,0.00114111,-0.00674508,0.00215375,0.00018788
2007-09-17,-0.00055344,0.00267991,0.00562721,-0.00093211,0.00056376
2007-09-18,0.01036119,0.00313905,0.00546835,0.00819266,0.00018788
2007-09-19,0.02982210,-0.01299065,-0.01172626,0.00280847,0.00018788
2007-09-20,0.00733025,-0.01352202,0.00084947,0.00056753,0.00018788
2007-09-21,0.01239394,-0.01629920,-0.00312482,0.01393638,0.00018470
2007-09-24,0.01579477,-0.01382558,0.00178576,0.01221123,0.00055419
2007-09-25,0.00111105,-0.01337479,0.01670496,-0.00909684,0.00018470
2007-09-26,-0.00040436,0.00520434,0.01831624,-0.02261051,0.00018470
2007-09-27,0.00581243,-0.00510757,-0.01104985,0.00740457,0.00018470
2007-09-28,0.00608803,-0.00550453,0.00638098,-0.00373835,0.00019001
2007-10-01,0.01347459,-0.00473523,0.00127256,0.00142070,0.00057013
2007-10-03,0.02455940,-0.02276116,-0.01447405,0.00377316,0.00038005
2007-10-04,0.00267727,-0.00006885,-0.00763424,0.01416857,0.00019001
2007-10-05,-0.00394655,0.00132008,-0.00953347,0.00655671,0.00018895
2007-10-08,-0.02475003,-0.00167032,-0.02492658,-0.00580124,0.00056695
2007-10-09,0.03970295,-0.02110615,-0.00134188,0.02134277,0.00018895
2007-10-10,0.02128068,-0.00883326,-0.01436539,0.00690123,0.00018895
2007-10-11,0.01508529,-0.01465532,0.00546361,0.02339229,0.00018895
2007-10-12,-0.01338993,0.00481975,0.00048798,0.00261081,0.00018470
2007-10-15,0.03715242,-0.02070411,0.00223766,0.02704249,0.00055419
2007-10-16,0.00319091,-0.00783726,0.01349441,0.00437661,0.00018470
2007-10-17,-0.01802715,0.01255362,-0.00917872,0.00173801,0.00018470
2007-10-18,-0.02813803,0.01056885,0.01302938,-0.01960412,0.00018470
2007-10-19,-0.02532541,0.00085112,-0.00522320,-0.01163854,0.00018788
2007-10-22,-0.00467584,0.00572343,0.00483062,-0.00037675,0.00056376
2007-10-23,0.05134749,-0.02238218,-0.00402140,0.03573693,0.00018788
2007-10-24,0.00774134,-0.01288649,0.01749448,0.01650583,0.00018788
2007-10-25,0.01183990,0.00211772,-0.01133367,0.00884321,0.00018788
2007-10-26,0.02405649,-0.00392604,-0.00214863,0.01505854,0.00018576
2007-10-29,0.02791269,-0.00312556,-0.01180346,0.02417176,0.00055738
2007-10-30,0.00063393,-0.00272838,-0.00368995,0.00575502,0.00018576
2007-10-31,0.01080721,0.00408171,-0.00225216,0.00952522,0.00018576
2007-11-01,-0.00885187,-0.00650364,0.01324731,0.00680732,0.00018576
2007-11-02,0.00584769,0.00124869,0.01445802,0.00877238,0.00019319
2007-11-05,-0.00359011,0.01301794,0.00874784,0.01509623,0.00057969
2007-11-06,-0.00541370,0.00875499,-0.00020484,-0.00234101,0.00019319
2007-11-07,-0.00436058,-0.00882113,-0.00418405,0.00535700,0.00019319
2007-11-08,-0.01256064,-0.00338596,0.00266927,-0.00256460,0.00019319
2007-11-09,-0.00211962,0.01913680,-0.00016076,0.00147391,0.00019319
2007-11-12,-0.01178907,-0.00668898,0.00869749,0.00154285,0.00057969
2007-11-13,0.01337658,0.00553161,0.00038021,0.02000015,0.00019319
2007-11-14,0.03405380,-0.01541322,0.01821947,0.00500812,0.00019319
2007-11-15,0.00907906,-0.00687063,0.03787394,0.01101882,0.00019319
2007-11-16,0.00168895,0.01761330,0.01025270,-0.01120448,0.00019850
2007-11-19,0.00758865,0.02528504,0.00065207,-0.01276601,0.00059561
2007-11-20,-0.02040193,0.02596442,-0.00791857,-0.00806504,0.00019850
2007-11-21,-0.04384139,0.01339841,-0.01787242,-0.01206639,0.00019850
2007-11-22,-0.01668222,-0.00876609,-0.00023588,-0.00892691,0.00019850
2007-11-23,0.01937885,-0.00412726,-0.00717339,0.01024811,0.00019850
2007-11-26,0.01996748,-0.00805594,0.00248541,0.00380158,0.00059561
2007-11-27,-0.00206145,0.00163005,0.00836582,-0.00864206,0.00019850
2007-11-28,-0.00853478,0.01560360,-0.00096638,-0.00276471,0.00019850
2007-11-29,-0.00324343,0.00558124,-0.00767464,-0.00245965,0.00019850
2007-11-30,0.02423305,-0.01890320,0.01624591,-0.00214021,0.00019850
2007-12-03,0.02246183,0.00428852,-0.00353493,0.00633835,0.00059561
2007-12-04,0.00647613,0.00877707,0.00609598,0.00297604,0.00019850
2007-12-05,0.01335921,0.00501363,0.01690898,0.00132669,0.00019850
2007-12-06,0.00051677,0.02096409,0.04727850,-0.01328068,0.00019850
2007-12-07,-0.00066624,0.00451866,-0.01264325,-0.01996702,0.00019850
2007-12-10,0.00081099,0.01877136,0.01025902,-0.00659823,0.00059561
2007-12-11,0.01504634,-0.00485879,-0.00189291,-0.00020944,0.00019850
2007-12-12,0.01562362,0.00588030,0.00075613,0.00899079,0.00019850
2007-12-13,-0.00737218,0.03928293,-0.03387550,0.00153364,0.00019850
2007-12-14,0.00505086,0.01309727,0.01167303,-0.00542994,0.00019637
2007-12-17,-0.04648278,0.02429169,-0.00721715,-0.01503882,0.00058924
2007-12-18,-0.00033545,-0.01193737,0.00260386,0.00111213,0.00019637
2007-12-19,0.00213979,0.00732610,0.00786720,-0.00589555,0.00019637
2007-12-20,0.00052853,-0.01337832,0.00271095,-0.00708582,0.00019425
2007-12-24,0.02963454,-0.02086303,0.00014024,-0.00838093,0.00077724
2007-12-26,0.02110582,-0.00231059,0.01383367,0.01731885,0.00038854
2007-12-27,0.00376948,0.00836665,0.01176118,0.00300007,0.00019425
2007-12-28,0.01230309,0.00961380,0.00892612,0.00851111,0.00019425
2007-12-31,0.01805453,0.00382518,0.02287514,0.00071482,0.00058287
2008-01-01,0.00739501,0.02341009,-0.00104255,0.00613647,0.00019425
2008-01-02,0.00782730,0.00875746,-0.00274682,0.01008056,0.00019425
2008-01-03,0.00356021,-0.01537652,0.02225571,0.01381097,0.00019425
2008-01-04,0.00946122,-0.00862728,0.00040963,0.00748972,0.00018576
2008-01-07,-0.00064282,0.01531742,-0.00849548,0.00459257,0.00055738
2008-01-08,-0.01074284,-0.01263524,-0.02188531,-0.00592737,0.00018576
2008-01-09,-0.00692475,-0.01052435,-0.00245322,-0.01152293,0.00018576
2008-01-10,-0.02886020,-0.00128875,-0.01625376,-0.00572659,0.00018576
2008-01-11,0.00064517,-0.01406583,-0.01024545,0.00436176,0.00018576
2008-01-14,0.00551517,-0.00520435,0.01419075,0.01342998,0.00055738
2008-01-15,-0.01803147,0.00868907,0.00203758,0.00205279,0.00018576
2008-01-16,-0.02225706,0.00122214,-0.00683571,-0.00661482,0.00018576
2008-01-17,0.00173329,0.01684706,0.00576815,0.00365192,0.00018576
2008-01-18,-0.04331286,0.00342416,-0.01413612,-0.01619014,0.00018788
2008-01-21,-0.10341236,0.01552839,-0.01267624,-0.01988213,0.00056376
2008-01-22,-0.07141563,0.00592368,-0.02035791,-0.00403086,0.00018788
2008-01-23,0.06244949,-0.04069545,-0.01491088,-0.00918230,0.00018788
2008-01-24,-0.03772391,0.00507270,-0.00878979,-0.01206427,0.00018788
2008-01-25,0.06192100,-0.03670245,-0.00067757,0.00816566,0.00019001
2008-01-28,-0.02197331,0.01201275,-0.00793918,-0.00228281,0.00057013
2008-01-29,0.00570580,-0.00907492,0.01983573,-0.00847027,0.00019001
2008-01-30,-0.02363367,0.00969741,-0.01643356,-0.01068541,0.00019001
2008-01-31,-0.00612891,0.00372566,-0.01047900,-0.00473571,0.00019001
2008-02-01,0.02220343,-0.03225316,0.00886378,-0.01699069,0.00019213
2008-02-04,0.03227410,-0.00919467,0.01168259,-0.00512705,0.00057650
2008-02-05,0.01101237,-0.00401609,0.01511435,0.01554173,0.00019213
2008-02-06,-0.02052761,0.01538813,0.01173788,0.01217090,0.00019213
2008-02-07,-0.03450787,0.02082002,-0.00221059,-0.00809058,0.00019213
2008-02-08,-0.01073415,-0.01640505,-0.01222616,-0.02033521,0.00019213
2008-02-11,-0.05310435,0.00783240,0.00343730,-0.02471811,0.00057650
2008-02-12,-0.01381995,-0.03006343,0.01311067,-0.00109110,0.00019213
2008-02-13,0.00802205,-0.03099238,-0.00593373,0.00140911,0.00019213
2008-02-14,0.05628584,-0.02221814,0.00419738,0.02547020,0.00019213
2008-02-15,0.02068337,0.00266535,0.00227565,0.01238906,0.00019213
2008-02-18,-0.00082729,0.01024408,0.02040589,0.00762276,0.00057650
2008-02-19,0.00030570,0.01052876,-0.01069557,-0.00466121,0.00019213
2008-02-20,-0.02181427,0.00848362,-0.00676114,-0.01084369,0.00019213
2008-02-21,0.01148712,-0.00661452,-0.00264457,-0.00924088,0.00019213
2008-02-22,-0.01167551,0.00582604,-0.00560577,-0.00031330,0.00019531
2008-02-25,0.01138876,-0.02247928,0.00231351,-0.00010848,0.00058606
2008-02-26,0.01438453,-0.01287317,0.01550009,0.00234216,0.00019531
2008-02-27,-0.00040997,0.00652999,0.00384250,0.00864395,0.00019531
2008-02-28,-0.00003930,0.00073086,0.00008313,-0.00098765,0.00019531
2008-02-29,-0.00911664,-0.00482724,0.00376883,-0.00394396,0.00019637
2008-03-03,-0.04532369,0.00223971,0.00412684,-0.01664837,0.00058924
2008-03-04,-0.02276572,-0.00860451,-0.00497889,-0.00734320,0.00019637
2008-03-05,0.00436830,-0.01353062,-0.01564536,-0.01006528,0.00019637
2008-03-07,-0.03475896,-0.01223102,0.00123624,-0.00708584,0.00039173
2008-03-10,0.00246921,-0.03647033,0.01766335,-0.00085772,0.00058606
2008-03-11,0.02890280,0.01670807,0.00730331,0.02560996,0.00019531
2008-03-12,-0.00064479,-0.01638560,0.01273945,0.00447094,0.00019531
2008-03-13,-0.05923794,0.01482658,-0.03019900,-0.02214103,0.00019531
2008-03-14,0.02316221,-0.02490566,0.00996048,0.01692008,0.00019531
2008-03-17,-0.05710898,-0.00569723,-0.01064520,-0.01990450,0.00058606
2008-03-18,-0.00067450,-0.02460049,0.00181397,-0.01054289,0.00019531
2008-03-19,-0.00065210,-0.02163277,0.00263874,-0.01409422,0.00019531
2008-03-24,-0.01237894,-0.01022891,-0.03585559,-0.02003735,0.00097483
2008-03-25,0.05596605,-0.00756912,0.00579765,0.00782257,0.00019319
2008-03-26,-0.00345476,0.02401128,-0.00094700,0.00378553,0.00019319
2008-03-27,0.00197053,0.00631876,-0.00061772,0.00528628,0.00019319
2008-03-28,0.03503021,0.01380098,0.02117894,0.01166103,0.00019107
2008-03-31,-0.02783074,0.01956602,0.00427972,-0.00509671,0.00057332
2008-04-01,0.00279732,-0.00600429,0.01334133,-0.00101995,0.00019107
2008-04-02,0.00078612,0.01158961,-0.00937019,-0.01664196,0.00019107
2008-04-03,0.00079232,-0.01416678,0.01199794,-0.01719290,0.00019107
2008-04-04,-0.02229457,0.00328328,0.00617929,-0.00399313,0.00018363
2008-04-07,0.02101080,-0.00920545,-0.00803409,0.00112175,0.00055100
2008-04-08,-0.00322838,0.01134343,0.00058129,0.00514246,0.00018363
2008-04-09,0.01132534,0.00926317,0.00146212,0.00645720,0.00018363
2008-04-10,0.00276029,-0.00144901,0.01799905,0.00626030,0.00018363
2008-04-11,0.01139163,-0.01206745,0.00791835,0.00912456,0.00019107
2008-04-15,0.01580879,0.00874208,-0.01795854,-0.02140499,0.00076450
2008-04-16,0.00375590,0.01144889,0.01372295,-0.01724068,0.00019107
2008-04-17,0.01354988,0.00604565,0.01872576,-0.01642006,0.00019637
2008-04-21,0.01617393,0.00245167,0.01293215,0.00919561,0.00078573
2008-04-22,0.00190005,0.00798181,0.00202704,0.03100795,0.00019637
2008-04-23,-0.00318704,0.00838094,-0.00135593,-0.01091254,0.00019637
2008-04-24,-0.00547887,0.00784964,-0.00662401,0.00184635,0.00019637
2008-04-25,0.01596118,-0.01396627,-0.00761274,0.00758135,0.00019637
2008-04-28,0.00004106,-0.00310345,0.00234974,0.00337031,0.00058924
2008-04-29,0.01666426,-0.00555245,-0.00617809,-0.01078271,0.00019637
2008-04-30,0.00021300,0.00666355,-0.02194491,-0.00346820,0.00019637
2008-05-02,0.01160186,-0.00695789,0.00361286,0.00090087,0.00039066
2008-05-05,-0.00122781,0.00024340,0.00822944,0.00582486,0.00058287
2008-05-06,-0.01259505,-0.00619573,0.00973455,-0.00626192,0.00019425
2008-05-07,-0.00524438,-0.01163017,0.02371762,-0.00372885,0.00019425
2008-05-08,-0.00543066,0.00023202,0.00239023,0.00308092,0.00019425
2008-05-09,-0.02119173,0.00286307,-0.00230529,-0.00235894,0.00019319
2008-05-12,0.00145770,-0.03436530,0.02869208,0.00442269,0.00057969
2008-05-13,-0.00760839,0.02207092,-0.02395052,-0.00340663,0.00019319
2008-05-14,0.01058074,-0.01021275,0.01238649,-0.00550763,0.00019319
2008-05-15,0.01731835,-0.00349633,-0.00142071,0.00424448,0.00019319
2008-05-16,0.00757070,-0.01089065,0.02676983,0.00490413,0.00019531
2008-05-20,-0.00940172,-0.00767119,0.03340054,0.00304246,0.00078148
2008-05-21,0.00889691,0.00826574,-0.00022759,0.00730656,0.00019531
2008-05-22,-0.01389306,0.00522189,-0.00238590,-0.00288143,0.00019531
2008-05-23,-0.01782214,0.00342861,-0.00650866,-0.00411492,0.00019743
2008-05-26,-0.01954487,-0.00763640,0.00390433,-0.01495416,0.00059242
2008-05-27,-0.00544369,-0.00180987,-0.00815475,-0.00106253,0.00019743
2008-05-28,0.00874180,0.00775404,-0.00556538,0.00208337,0.00019743
2008-05-29,-0.01018529,0.00825942,0.00540703,0.00274058,0.00019743
2008-05-30,0.00290861,-0.00433549,-0.01209853,-0.00921306,0.00019743
2008-06-02,-0.02709065,0.01086078,-0.00743813,-0.00398675,0.00059242
2008-06-03,-0.00594602,-0.01511499,0.01536590,0.00134883,0.00019743
2008-06-04,-0.02999199,0.02014558,-0.01900500,-0.00804047,0.00019743
2008-06-05,0.01326611,-0.01343787,-0.00363858,-0.00120928,0.00019743
2008-06-06,-0.00743913,-0.01098144,0.03298426,-0.00030814,0.00019956
2008-06-09,-0.02778008,-0.02636522,0.01551057,0.00936838,0.00059879
2008-06-10,-0.00979512,0.00423744,0.00113521,0.00533368,0.00019956
2008-06-11,0.01521334,0.01055177,-0.00820357,-0.00406181,0.00019956
2008-06-12,0.00490309,0.00629144,-0.00072505,0.00984961,0.00019956
2008-06-13,-0.00291687,0.01806654,0.00097125,-0.00626690,0.00020273
2008-06-16,0.01089237,0.00613518,-0.00185316,0.00292889,0.00060832
2008-06-17,0.01443129,0.00520338,-0.01097307,-0.00798997,0.00020273
2008-06-18,-0.01118188,0.01018501,-0.00238336,-0.00509775,0.00020273
2008-06-19,-0.01553449,-0.00827709,0.01328893,0.00015220,0.00020273
2008-06-20,-0.03558810,0.00565856,-0.00892694,-0.00261198,0.00021226
2008-06-23,-0.02827607,-0.01420891,0.00095180,-0.00901215,0.00063692
2008-06-24,-0.01985500,0.01055377,-0.00741044,-0.00243413,0.00021226
2008-06-25,0.01378120,-0.01636076,0.00969715,-0.00589516,0.00021226
2008-06-26,0.00841628,0.00190794,0.00373461,0.01044140,0.00021226
2008-06-27,-0.03650516,0.00152193,0.01720684,-0.00168323,0.00022916
2008-06-30,-0.02746568,-0.01393685,0.00605886,0.00274193,0.00068764
2008-07-01,-0.03875341,-0.00557712,-0.01101716,0.00524997,0.00022916
2008-07-02,0.04065609,-0.01392797,-0.01361539,-0.00005676,0.00022916
2008-07-03,-0.03740132,0.01066224,0.00555328,0.00370491,0.00022916
2008-07-04,0.02004688,0.00863310,-0.01422406,-0.01747459,0.00023127
2008-07-07,0.00560983,0.02447769,-0.01029547,-0.01714453,0.00069397
2008-07-08,-0.00643567,-0.00290459,0.00569163,0.00038563,0.00023127
2008-07-09,0.03867815,-0.00165949,-0.01126312,-0.00692911,0.00023127
2008-07-10,0.00099602,-0.00511853,0.00901414,-0.00001475,0.00023127
2008-07-11,-0.02599182,0.00503780,0.01275611,0.00510784,0.00023654
2008-07-14,-0.00229889,-0.00742628,-0.00467245,0.01299349,0.00070979
2008-07-15,-0.03816744,0.00680777,0.00588587,-0.00068215,0.00023654
2008-07-16,-0.01301486,0.00715576,-0.01020783,0.00896266,0.00023654
2008-07-17,0.02255010,-0.00177556,-0.02058100,-0.00992703,0.00023654
2008-07-18,0.02635581,-0.01489585,-0.00226937,0.00238871,0.00023865
2008-07-21,0.00659214,-0.00495497,-0.01164125,0.00769799,0.00071611
2008-07-22,0.01872463,-0.01284203,0.01133018,-0.00161407,0.00023865
2008-07-23,0.04972459,0.00240321,-0.01886661,-0.01046317,0.00023865
2008-07-24,-0.00468369,-0.00708140,0.02026952,0.00644002,0.00023865
2008-07-25,-0.01462727,0.01151160,0.00509978,-0.00120972,0.00023759
2008-07-28,0.00829520,0.01163230,0.00919395,-0.00006806,0.00071295
2008-07-29,-0.02311543,0.01100176,0.01122376,0.01873303,0.00023759
2008-07-30,0.02619830,-0.01062339,0.00348854,0.00494184,0.00023759
2008-07-31,0.00494276,-0.00585923,0.00341427,0.01002018,0.00023759
2008-08-01,0.01683638,-0.00292256,-0.00075358,0.00662896,0.00024496
2008-08-04,0.00462265,0.01190921,0.01569852,-0.00272218,0.00073506
2008-08-05,0.01687684,0.00543301,-0.02532273,-0.02569460,0.00024496
2008-08-06,-0.00036883,-0.00652411,-0.00328788,-0.00840064,0.00024496
2008-08-07,-0.00055689,-0.00651761,0.01442396,-0.00672403,0.00024496
2008-08-08,0.00180409,0.01376669,-0.01441596,0.00508507,0.00024180
2008-08-11,0.01713973,-0.00395971,-0.00750822,-0.00806218,0.00072559
2008-08-12,-0.01125408,0.00292215,0.00852733,0.00185309,0.00024180
2008-08-13,-0.00115884,-0.00374725,0.00593245,0.00079535,0.00024180
2008-08-14,-0.01867607,-0.00424394,0.00780816,0.01016640,0.00023970
2008-08-18,-0.01175162,0.00973436,-0.00823536,0.00423251,0.00095914
2008-08-19,-0.00558875,0.00092817,-0.00089112,0.00633687,0.00023970
2008-08-20,0.01130788,0.00246578,-0.00168090,-0.00381278,0.00023970
2008-08-21,-0.02597111,0.00015989,0.00847745,0.00423331,0.00023970
2008-08-22,0.00506401,-0.00691070,0.00249234,0.00449430,0.00023970
2008-08-25,-0.00213374,0.00208232,-0.00242128,-0.00651150,0.00071927
2008-08-26,-0.00107903,-0.00229200,-0.00182936,0.00014184,0.00023970
2008-08-27,-0.00753616,-0.00142440,0.00052840,0.00062355,0.00023970
2008-08-28,-0.01745036,0.00012625,0.00786814,-0.00153891,0.00023970
2008-08-29,0.02777564,-0.00475198,-0.01475163,-0.00367425,0.00023759
2008-09-01,-0.00237713,0.00434097,0.00106842,0.00026394,0.00071295
2008-09-02,0.02525434,-0.01144685,-0.00355391,-0.00924715,0.00023759
2008-09-04,-0.01079913,0.00741750,-0.00362975,-0.00603541,0.00047524
2008-09-05,-0.01858494,0.00723448,0.00003063,-0.00203683,0.00023654
2008-09-08,0.02024279,-0.00795736,-0.00304670,-0.00282412,0.00070979
2008-09-09,-0.00159444,0.00136652,-0.00483928,-0.00020589,0.00023654
2008-09-10,-0.01644474,0.00957429,0.00291493,-0.00611135,0.00023654
2008-09-11,-0.02182814,0.00751385,0.00221468,-0.00225681,0.00023654
2008-09-12,-0.01510943,-0.00215292,-0.00145457,0.00277432,0.00022916
2008-09-15,-0.04125760,-0.00528951,-0.00620019,0.00948144,0.00068764
2008-09-16,-0.00935428,-0.00824516,0.00301498,0.00503214,0.00022916
2008-09-17,-0.01632422,0.00159477,0.00903901,0.00333712,0.00022916
2008-09-18,-0.00378033,-0.01535133,-0.00247842,0.01122043,0.00022916
2008-09-19,0.04348003,-0.01373701,0.00830919,0.00753769,0.00022705
2008-09-22,-0.00423500,0.00074258,-0.00094219,0.00505127,0.00068131
2008-09-23,-0.01744492,-0.00416613,0.00475997,0.00673707,0.00022705
2008-09-24,0.00618847,-0.00728611,-0.00360768,0.00309052,0.00022705
2008-09-25,-0.01088533,0.00080088,0.00079980,0.00452413,0.00022705
2008-09-26,-0.02966884,-0.00348216,-0.00192993,0.01071297,0.00022494
2008-09-29,-0.03703106,-0.01303474,-0.00453355,0.01358084,0.00067497
2008-09-30,0.01139307,-0.00830312,0.00696177,-0.00410246,0.00022494
2008-10-01,0.00529863,-0.00046811,0.00092636,-0.00283181,0.00022494
2008-10-03,-0.03231639,0.00775686,0.00370433,0.01381882,0.00045732
2008-10-06,-0.06301617,-0.00415579,-0.00580569,0.03611638,0.00069713
2008-10-07,-0.00715791,-0.01623262,0.00245377,0.01193822,0.00023232
2008-10-08,-0.03404252,-0.01861680,0.00161535,0.01420291,0.00023232
2008-10-10,-0.07039815,0.00326309,0.00432533,0.03689938,0.00045520
2008-10-13,0.05191368,-0.02374036,-0.00069264,-0.02843543,0.00066863
2008-10-14,0.01243533,0.00810576,0.01140299,-0.01092431,0.00022283
2008-10-15,-0.05152100,-0.00236973,0.00043491,0.02584729,0.00022283
2008-10-16,-0.02091110,-0.00100333,-0.00193044,-0.01522381,0.00022283
2008-10-17,-0.04885863,0.00840764,0.00310719,0.03136791,0.00022811
2008-10-20,0.00487176,-0.02403044,0.00017964,0.01633566,0.00068448
2008-10-21,0.03305824,-0.00753363,-0.00337303,-0.01894330,0.00022811
2008-10-22,-0.04386137,0.02893077,-0.00022579,0.02102460,0.00022811
2008-10-23,-0.03914948,0.01595631,-0.00196364,0.02730935,0.00022811
2008-10-24,-0.10679891,0.03371554,-0.00273166,0.03831351,0.00019001
2008-10-27,-0.02968246,-0.01226945,-0.01108663,-0.01452942,0.00057013
2008-10-28,0.06092134,0.00032117,0.00746703,-0.02564976,0.00019001
2008-10-29,0.00265585,-0.03545296,0.00413136,0.02279966,0.00019001
2008-10-31,0.05540811,-0.02927186,-0.00594620,-0.01135577,0.00038642
2008-11-03,0.04710262,-0.00594205,0.00541123,-0.04312935,0.00058924
2008-11-04,0.02920366,-0.00789286,0.00822029,-0.04381242,0.00019637
2008-11-05,-0.03799027,0.01885200,-0.00099167,0.02590738,0.00019637
2008-11-06,-0.03019433,0.01266699,0.00234107,0.01100390,0.00019637
2008-11-07,0.02323225,-0.02582463,-0.00321401,-0.01452595,0.00019531
2008-11-10,0.05493291,-0.03203772,0.00119023,-0.02489202,0.00058606
2008-11-11,-0.05337001,0.02511701,0.00294328,0.03001252,0.00019531
2008-11-12,-0.02552636,-0.00276442,0.00249517,0.02209578,0.00019531
2008-11-14,-0.01673882,0.00451787,0.00380130,0.01628548,0.00038960
2008-11-17,-0.01056719,-0.01698493,-0.00256628,0.02636900,0.00058287
2008-11-18,-0.03560354,0.00822397,-0.00674725,0.00803235,0.00019425
2008-11-19,-0.01608003,-0.00502395,0.00245672,0.01378838,0.00019425
2008-11-20,-0.03189465,0.00311592,-0.00105263,0.03084012,0.00019425
2008-11-21,0.03562590,-0.03589313,0.00815671,0.01447368,0.00019319
2008-11-24,0.00644309,-0.01402697,-0.01036779,0.01798418,0.00057969
2008-11-25,-0.01527708,0.00277218,0.00181053,0.01192257,0.00019319
2008-11-26,0.01870797,-0.02306001,0.00177669,0.00382234,0.00019319
2008-11-28,0.00075816,-0.00126478,-0.00342082,0.01362951,0.00038217
2008-12-01,-0.01977056,0.01207016,0.00179661,-0.00289525,0.00056695
2008-12-02,-0.00949735,0.00072048,-0.00090363,0.00124030,0.00018895
2008-12-03,0.00286194,-0.00105713,-0.00224520,-0.02787740,0.00018895
2008-12-04,0.04073662,-0.02120199,0.00055298,-0.03696161,0.00018895
2008-12-05,-0.02274675,0.02860658,0.00412384,-0.00352271,0.00017512
2008-12-08,0.01693508,-0.01271151,0.00091494,-0.01356028,0.00052546
2008-12-10,0.04262719,-0.03038498,0.00021547,-0.02545110,0.00035028
2008-12-11,0.00253490,0.01599577,-0.00562950,-0.02375998,0.00017512
2008-12-12,0.00419796,0.01360339,0.00666909,-0.03227063,0.00015059
2008-12-15,0.02668443,0.00748493,-0.00126500,-0.04433985,0.00045183
2008-12-16,0.02625594,0.00988814,0.00252721,-0.02654197,0.00015059
2008-12-17,-0.03038495,0.00217121,-0.00271279,0.03302228,0.00015059
2008-12-18,0.02764335,-0.01571222,-0.00325195,-0.01702475,0.00015059
2008-12-19,0.00936380,-0.00257957,-0.00789077,-0.02459131,0.00014524
2008-12-22,-0.00908918,0.00745278,-0.00112269,0.00288291,0.00043578
2008-12-23,-0.02216248,-0.00798113,-0.00474335,0.02594064,0.00014524
2008-12-24,-0.01553245,-0.00414629,0.00534722,0.00909861,0.00014524
2008-12-26,-0.01775210,0.00192763,-0.00029979,0.01033624,0.00027979
2008-12-29,0.01747920,-0.01590773,-0.00492437,-0.00323833,0.00040365
2008-12-30,0.01813370,0.00413208,-0.00351327,-0.01281593,0.00013453
2008-12-31,-0.00079256,0.01267814,0.00037840,-0.00947817,0.00013453
2009-01-01,0.02978412,0.00493946,0.01386258,-0.03485984,0.00013453
2009-01-02,0.00763411,0.00993713,-0.00115014,-0.01900762,0.00012595
2009-01-05,0.01901430,-0.00978869,-0.00448531,-0.01725946,0.00037789
2009-01-06,-0.00239302,-0.00397125,-0.00277276,-0.00497141,0.00012595
2009-01-07,-0.06268603,-0.01052434,-0.00325829,0.07993123,0.00012595
2009-01-09,-0.02159915,-0.00780031,-0.00467758,0.03914320,0.00025191
2009-01-12,-0.02681848,0.01086617,0.00635420,0.00560250,0.00037789
2009-01-13,-0.01079190,-0.00214272,0.00692960,0.01450047,0.00012595
2009-01-14,0.02982893,-0.02038781,0.00743716,-0.00600065,0.00012595
2009-01-15,-0.02677342,0.01188358,-0.00334193,0.01703029,0.00012595
2009-01-16,0.02604615,-0.02615396,0.00478006,0.00519334,0.00012272
2009-01-19,0.00752525,0.00048161,0.00026006,-0.00712332,0.00036822
2009-01-20,-0.01192177,0.00232650,0.00233836,0.00872201,0.00012272
2009-01-21,-0.02684105,0.01040251,0.00109545,0.01125477,0.00012272
2009-01-22,-0.00555569,-0.00859350,0.00097831,0.02962501,0.00012272
2009-01-23,-0.01038006,-0.00206070,0.00093120,0.01139592,0.00012487
2009-01-27,0.02506134,-0.02477911,-0.00437383,0.00369763,0.00049959
2009-01-28,0.02554390,-0.01089043,-0.00938811,-0.00874988,0.00012487
2009-01-29,-0.00891996,0.00694727,0.01161929,0.00028654,0.00012487
2009-01-30,0.01639275,-0.01131511,0.00305398,-0.01326072,0.00012809
2009-02-02,-0.02599729,0.01229361,0.01187242,0.02346170,0.00038433
2009-02-03,0.00205644,-0.00613102,0.00123887,0.02279797,0.00012809
2009-02-04,0.00466988,-0.00702928,0.00456582,-0.00497125,0.00012809
2009-02-05,-0.00791532,-0.00451477,0.00122965,0.00333769,0.00012809
2009-02-06,0.02003423,-0.00835384,-0.00669648,-0.00281061,0.00012917
2009-02-09,0.02320415,-0.01014736,-0.00408244,-0.01345156,0.00038755
2009-02-10,0.00412797,0.00491771,-0.00299579,-0.01472725,0.00012917
2009-02-11,-0.00163787,0.00553386,-0.00011316,-0.00602577,0.00012917
2009-02-12,-0.00687859,0.00996325,0.00793398,-0.01242726,0.00012917
2009-02-13,0.01613012,-0.00528794,-0.00449063,-0.00795093,0.00012809
2009-02-16,-0.02857345,0.00866407,-0.00187988,0.01349184,0.00038433
2009-02-17,-0.02281302,0.00129356,0.00143520,0.02207498,0.00012809
2009-02-18,0.00281495,-0.00455732,-0.00192682,0.00566257,0.00012809
2009-02-19,0.00345444,-0.00646843,0.00262176,0.00298642,0.00012809
2009-02-20,-0.01686191,0.00240503,-0.00237649,0.01125492,0.00012809
2009-02-24,-0.00431400,-0.00706021,-0.00431200,0.00929712,0.00050818
2009-02-25,0.00829180,-0.00241357,-0.00264449,0.00677717,0.00012702
2009-02-26,0.00813994,-0.00589457,-0.00828166,0.00427450,0.00012702
2009-02-27,-0.00750268,0.00063494,0.00415268,0.00094400,0.00012702
2009-03-02,-0.02541286,0.00721966,0.00428903,0.01090382,0.00038111
2009-03-03,-0.01604794,-0.00001751,-0.00161270,0.00697539,0.00012702
2009-03-04,0.00765739,-0.01025771,-0.00162847,0.00537660,0.00012702
2009-03-05,-0.02157323,0.00363003,-0.00132446,0.00718010,0.00012702
2009-03-06,0.01012049,-0.01226962,0.00281817,0.01016005,0.00012487
2009-03-09,-0.01732927,0.00715961,0.00082266,0.00850526,0.00037467
2009-03-12,0.01057190,-0.00806389,0.00152816,-0.00253096,0.00037467
2009-03-13,0.03113990,-0.01316550,-0.00255347,-0.02413992,0.00012272
2009-03-16,0.02238093,0.00141826,-0.00326229,-0.02222097,0.00036822
2009-03-17,-0.00312235,0.00695035,0.00232524,-0.00528638,0.00012272
2009-03-18,0.01530304,0.00803039,-0.01133236,-0.02453402,0.00012272
2009-03-19,0.00425424,0.00436931,-0.00013987,-0.00309053,0.00012272
2009-03-20,-0.00164165,0.00203731,-0.00203480,-0.00340579,0.00013024
2009-03-23,0.03578864,-0.02083886,-0.00511007,-0.00350167,0.00039077
2009-03-24,-0.00448806,-0.00086094,-0.00002772,0.00771873,0.00013024
2009-03-25,0.01183638,-0.00712547,-0.00496597,-0.01899939,0.00013024
2009-03-26,0.02335585,-0.01566479,-0.00100975,-0.00499357,0.00013238
2009-03-27,0.01139389,-0.00577473,-0.00229360,-0.02980656,0.00013238
2009-03-30,-0.02836549,0.02652871,-0.00479349,0.03141223,0.00039720
2009-03-31,0.01545935,0.00178576,-0.01148642,-0.00972901,0.00013238
2009-04-01,0.01229051,0.01117675,0.00753889,-0.03357696,0.00013238
2009-04-02,0.04261793,-0.02022800,0.00318038,-0.04052559,0.00013238
2009-04-06,0.01716976,0.00938864,0.01012287,-0.05663113,0.00051783
2009-04-08,0.02988984,0.01212420,0.00536298,-0.02722253,0.00024117
2009-04-09,0.00385783,0.00526639,0.00510685,-0.02156299,0.00010982
2009-04-13,0.01870972,0.01923390,0.00983287,-0.03925880,0.00043934
2009-04-15,0.03295980,0.02046785,-0.00057608,-0.04233187,0.00021965
2009-04-16,-0.03706536,0.00050770,0.00215962,0.03770924,0.00010982
2009-04-17,0.00434446,-0.00014663,-0.00389576,0.00301617,0.00010228
2009-04-20,0.00455232,0.00525350,-0.00490179,-0.00996440,0.00030686
2009-04-21,-0.00150091,0.00524242,-0.00350577,-0.00118266,0.00010228
2009-04-22,-0.01218449,-0.00112566,-0.00605138,0.01127794,0.00010228
2009-04-23,0.02258822,-0.01681148,0.00014203,-0.01029483,0.00010228
2009-04-24,0.01362263,0.00234626,0.00229413,-0.01311000,0.00009040
2009-04-27,-0.00685873,0.00167705,0.00802218,0.01490128,0.00027124
2009-04-28,-0.03020051,-0.00026406,0.00495048,0.03558644,0.00009040
2009-04-29,0.02629443,-0.01277516,0.00521060,-0.00218291,0.00008932
2009-05-04,0.04012264,-0.01540894,0.00498638,-0.02091580,0.00044670
2009-05-05,0.00729294,0.00620482,-0.00064781,-0.03261254,0.00008932
2009-05-06,-0.00744026,0.00903891,0.00062960,0.00432691,0.00008932
2009-05-07,0.01856113,-0.00640089,-0.00268191,-0.02331396,0.00008932
2009-05-08,-0.01011031,0.01059973,0.00256621,-0.00476842,0.00008500
2009-05-11,-0.01729199,0.00283589,-0.00023091,0.01463795,0.00025502
2009-05-12,0.02314367,-0.01270649,0.00028889,-0.00329817,0.00008500
2009-05-13,-0.00982200,0.00800981,-0.00060339,0.00096924,0.00008500
2009-05-14,-0.00518558,0.01370849,-0.00494825,-0.01000777,0.00008500
2009-05-15,0.01505823,-0.00228738,-0.00268467,-0.00984333,0.00008824
2009-05-18,0.15833449,-0.04147139,-0.00541309,-0.02047750,0.00026475
2009-05-19,-0.00433775,0.04728578,-0.00560553,-0.05585401,0.00008824
2009-05-20,0.01534572,0.05173054,0.00324072,-0.05211068,0.00008824
2009-05-21,0.00178289,0.01382611,0.01909579,-0.01483558,0.00008824
2009-05-22,0.00888224,0.02626733,0.00319953,-0.00774441,0.00008824
2009-05-25,0.01544138,0.02696623,0.01932046,-0.02310372,0.00026475
2009-05-26,-0.02489495,-0.00397540,-0.00131742,0.00987049,0.00008824
2009-05-27,0.03692623,-0.00464416,0.01224385,-0.01896978,0.00008824
2009-05-28,0.01323001,-0.00559623,0.00957797,0.00032400,0.00008824
2009-05-29,0.02905491,-0.00626661,0.00087286,-0.01474049,0.00008932
2009-06-01,0.02271995,0.00292295,0.00383849,-0.03365572,0.00026799
2009-06-02,-0.00200939,0.00960719,-0.00450567,-0.01917303,0.00008932
2009-06-03,0.00645386,0.01319003,0.01010805,-0.03451750,0.00008932
2009-06-04,0.01440130,0.01452893,-0.00253287,-0.00608500,0.00008932
2009-06-05,0.00193493,-0.00868229,0.00314641,0.00334385,0.00009040
2009-06-08,-0.03860590,-0.00355494,-0.01148988,0.02709755,0.00027124
2009-06-09,0.02610076,-0.00570853,-0.01049022,-0.01342978,0.00009040
2009-06-10,0.01820412,-0.01570195,-0.01332226,0.00177503,0.00009040
2009-06-11,-0.00688375,-0.00546328,0.00385644,-0.00203510,0.00009040
2009-06-12,-0.01028943,-0.01069007,-0.00459412,0.00920504,0.00009040
2009-06-15,-0.02240012,0.00124743,0.00040741,0.00991167,0.00027124
2009-06-16,0.01104598,0.00173449,-0.00773007,-0.02221169,0.00009040
2009-06-17,-0.03765241,0.00700087,0.00440911,0.01317638,0.00009040
2009-06-18,-0.02918510,0.00093845,-0.00795247,0.01470633,0.00009040
2009-06-19,0.01220500,-0.00853105,-0.00409767,-0.00789737,0.00009040
2009-06-22,-0.01714539,0.01039794,0.00050718,-0.00218787,0.00027124
2009-06-23,0.00457554,-0.00297621,-0.00338295,0.01080356,0.00009040
2009-06-24,0.01523421,0.00278714,0.00317926,-0.00530219,0.00009040
2009-06-25,-0.01125264,0.01506042,-0.00196314,-0.00565734,0.00009040
2009-06-26,0.02389901,-0.00801963,-0.00398492,0.00336331,0.00008932
2009-06-29,0.00973267,0.00273011,-0.00109179,0.00153644,0.00026799
2009-06-30,-0.02411668,-0.00173010,-0.00374428,0.01595645,0.00008932
2009-07-01,0.00943489,-0.01451129,0.00192812,-0.00522974,0.00008932
2009-07-02,0.00726814,-0.00210749,0.00242132,0.00096709,0.00008932
2009-07-03,0.00899788,-0.00708844,0.00160762,0.00142993,0.00008392
2009-07-06,-0.04905184,0.01324078,0.00151911,0.01238544,0.00025177
2009-07-07,0.00216613,-0.00556771,-0.00637342,0.01757531,0.00008392
2009-07-08,-0.02361199,-0.00795241,-0.00153492,0.03160458,0.00008392
2009-07-09,0.00424063,-0.00732971,-0.00658647,0.00763294,0.00008392
2009-07-10,-0.01783351,0.00352325,-0.00261198,0.00623743,0.00008716
2009-07-13,-0.01626521,-0.01244412,-0.00798660,0.01655379,0.00026151
2009-07-14,0.03352531,0.00775817,0.00178756,-0.02297032,0.00008716
2009-07-15,0.03721790,0.00018757,0.00837732,-0.01649644,0.00008716
2009-07-16,0.00432352,0.00313878,-0.00084383,-0.00425355,0.00008716
2009-07-17,0.02627000,-0.00314498,-0.00527405,-0.00097727,0.00008824
2009-07-20,0.02452184,0.00019477,-0.00980648,-0.00971340,0.00026475
2009-07-21,-0.00695333,0.01028679,0.00607788,0.00113728,0.00008824
2009-07-22,-0.00809017,0.01308702,-0.00107344,0.00412203,0.00008824
2009-07-23,0.02284245,-0.00383482,-0.00151199,-0.02116463,0.00008824
2009-07-24,0.01450262,0.00279468,0.01039437,-0.01592059,0.00008824
2009-07-27,0.00458502,0.01008095,0.00158172,-0.00784853,0.00026475
2009-07-28,0.00633072,0.01020472,-0.00356119,-0.01855340,0.00008824
2009-07-29,-0.01138272,0.00257798,-0.00356179,0.02242792,0.00008824
2009-07-30,0.00688511,-0.00019568,0.00101745,0.00274565,0.00008824
2009-07-31,0.01033320,-0.00782700,-0.00131204,0.00357626,0.00008716
2009-08-03,0.01580271,-0.00420997,0.01370446,-0.00349338,0.00026151
2009-08-04,-0.00368968,0.00606825,0.00630814,-0.00465557,0.00008716
2009-08-05,0.00793520,0.00491192,0.00921388,-0.00626419,0.00008716
2009-08-06,-0.02103444,0.00604936,0.00564269,0.00042085,0.00008716
2009-08-07,-0.01987293,-0.00515939,0.00039180,0.01730556,0.00008824
2009-08-10,-0.01012686,-0.00435713,0.00941459,0.01020383,0.00026475
2009-08-11,0.00622138,-0.00379814,0.00193201,-0.01172521,0.00008824
2009-08-12,-0.00095602,0.01045164,0.00487571,-0.00436731,0.00008824
2009-08-13,0.03120868,0.00535559,0.00660078,-0.01194548,0.00008824
2009-08-14,0.00000901,-0.00270191,-0.00400542,-0.00616795,0.00009040
2009-08-17,-0.03753373,0.01145048,0.00280061,0.01075709,0.00027124
2009-08-18,0.01553976,-0.00083244,-0.00623455,-0.00108347,0.00009040
2009-08-19,-0.01605335,0.01158461,-0.00030629,0.00514321,0.00009040
2009-08-20,0.01193694,-0.00108586,-0.00404356,0.00183563,0.00009040
2009-08-21,0.01417459,0.00320390,0.00369913,-0.00279857,0.00009040
2009-08-24,0.02116240,0.00731066,-0.00297133,-0.01361900,0.00027124
2009-08-25,0.00608883,0.01004483,0.00243208,-0.01953665,0.00009040
2009-08-26,0.00801586,0.01174480,0.00606158,-0.01641137,0.00009040
2009-08-27,0.00449709,0.00715839,0.00944235,-0.00674829,0.00009040
2009-08-28,0.00801813,-0.00011507,-0.00231234,-0.00749029,0.00009149
2009-08-31,-0.00569264,0.00995764,0.01082119,-0.01737481,0.00027448
2009-09-01,-0.00922934,0.00096116,-0.00985095,0.00405111,0.00009149
2009-09-02,-0.00280707,-0.00026294,-0.01026903,-0.00137797,0.00009149
2009-09-03,-0.00072966,0.00125441,-0.00090703,-0.00788407,0.00009149
2009-09-04,0.01384176,-0.00529003,0.00554601,0.00144579,0.00009149
2009-09-07,0.02209779,-0.00990067,0.01368789,-0.00548023,0.00027448
2009-09-08,0.00259135,-0.00418042,0.00474763,-0.00205400,0.00009149
2009-09-09,-0.00092295,0.00392739,0.00037566,-0.00499982,0.00009149
2009-09-10,-0.00164541,-0.00761767,-0.00399192,0.00404042,0.00009149
2009-09-11,-0.00345569,0.00356499,-0.00408614,0.00441313,0.00009149
2009-09-14,-0.00133975,0.00398586,0.00053597,0.00554498,0.00027448
2009-09-15,0.01480357,-0.00706646,0.00449983,-0.00217459,0.00009149
2009-09-16,0.01022675,-0.01149072,0.00159072,-0.00210950,0.00009149
2009-09-17,-0.00009244,0.00045199,0.00222408,0.00693448,0.00009149
2009-09-18,0.00650317,0.00287809,0.00862193,0.00500678,0.00009149
2009-09-22,0.00485825,0.00456143,0.00156098,0.00285797,0.00036599
2009-09-23,-0.01103383,-0.00054921,-0.00174257,0.00303721,0.00009149
2009-09-24,0.00091580,0.00024340,-0.00013929,0.00067281,0.00009149
2009-09-25,0.00246363,0.01046358,0.00546943,-0.00916600,0.00009149
2009-09-29,0.00823175,0.00301800,0.00157384,0.00001047,0.00036599
2009-09-30,0.00853971,-0.00118992,-0.00356039,0.00246937,0.00009149
2009-10-01,-0.00034400,-0.00543870,0.00186568,-0.01182509,0.00008500
2009-10-05,-0.01773065,0.00411402,-0.00009329,0.00654917,0.00034004
2009-10-06,-0.00185267,0.00243376,-0.00473921,0.02874903,0.00008500
2009-10-07,-0.00132438,0.00272133,-0.00014218,0.00038448,0.00008500
2009-10-08,0.00335272,-0.00421531,0.00045991,0.01616041,0.00008500
2009-10-09,-0.00568862,0.00387215,-0.00474637,-0.01334641,0.00008716
2009-10-12,0.01385331,-0.00286164,0.00278134,0.00223125,0.00026151
2009-10-14,0.01337768,0.00023063,0.00434954,0.01975873,0.00017433
2009-10-15,-0.00000595,0.00672992,-0.00211277,0.01184202,0.00008716
2009-10-16,0.00461754,0.00248598,-0.00410871,-0.00378425,0.00008716
2009-10-17,0.00424089,0.00984582,0.00330095,0.00029932,0.00008716
2009-10-20,-0.00303387,0.00341583,0.00639616,0.01075134,0.00026151
2009-10-21,-0.00687981,0.01262336,0.00327033,0.00036910,0.00008716
2009-10-22,-0.01498025,0.00240210,-0.00530057,-0.01093363,0.00008716
2009-10-23,0.00171393,0.00511597,-0.00297958,0.00815619,0.00008716
2009-10-26,-0.00929480,0.00055134,-0.00421867,-0.00420202,0.00026151
2009-10-27,-0.02498000,-0.00461681,-0.00682629,0.00636926,0.00008716
2009-10-28,-0.00193585,0.00141701,-0.00615847,0.00357490,0.00008716
2009-10-29,-0.01618867,0.01424783,-0.00738224,0.00102979,0.00008716
2009-10-30,-0.00865144,0.00178586,-0.00618105,0.01275199,0.00008716
2009-11-03,-0.03408065,0.00410639,-0.00382294,-0.01269565,0.00034870
2009-11-04,0.02820393,-0.01659803,-0.00577998,0.00919591,0.00008716
2009-11-05,0.01779887,-0.00644259,0.00261887,0.00479068,0.00008716
2009-11-06,0.01292147,0.00636996,0.00478106,0.01822347,0.00008824
2009-11-09,0.01574848,0.00147694,0.00892466,0.01363220,0.00026475
2009-11-10,0.00162920,-0.00164158,0.00201596,0.02125775,0.00008824
2009-11-11,0.02487804,-0.01316057,0.00008641,0.01198648,0.00008824
2009-11-12,-0.00974443,0.00961707,-0.00817241,-0.01350281,0.00008824
2009-11-13,0.00646967,-0.00467674,0.00014067,0.00247030,0.00008824
2009-11-16,0.01062748,-0.00322551,0.00829443,0.00598502,0.00026475
2009-11-17,-0.00109437,0.00627013,0.00655981,0.00670846,0.00008824
2009-11-18,0.00123894,0.00175020,0.00373368,0.00267394,0.00008824
2009-11-19,-0.01275517,0.00579092,0.00016762,-0.00470125,0.00008824
2009-11-20,0.00708333,-0.00473515,0.00103229,0.00315885,0.00008824
2009-11-23,0.00767507,-0.00289130,0.00144213,0.00962875,0.00026475
2009-11-24,-0.00001441,0.00522680,0.00181185,-0.00230722,0.00008824
2009-11-25,0.00130195,-0.00058648,0.00278943,0.00150161,0.00008824
2009-11-26,-0.01322767,0.00825683,-0.00401147,-0.00359289,0.00008824
2009-11-27,-0.01385235,-0.00727204,-0.00452052,-0.00782648,0.00008824
2009-11-30,0.01936765,-0.00743171,0.00621008,0.00363640,0.00026475
2009-12-01,0.01640681,-0.00085080,0.00960444,0.00127597,0.00008824
2009-12-02,0.00066292,0.00477247,-0.00195810,-0.00013274,0.00008824
2009-12-03,0.00612896,0.00140454,0.00218636,-0.00186542,0.00008824
2009-12-04,-0.00107980,0.00555329,0.00042950,-0.00303016,0.00008932
2009-12-07,-0.00923487,0.01097015,-0.00039247,-0.00693744,0.00026799
2009-12-08,0.01289999,-0.00532557,0.00662872,-0.00537295,0.00008932
2009-12-09,-0.00111880,0.00940850,0.00467204,-0.00264327,0.00008932
2009-12-10,0.00444503,0.00394637,0.00040455,-0.00775347,0.00008932
2009-12-11,-0.00237609,-0.00065829,-0.00231024,0.00490051,0.00009149
2009-12-14,-0.00110981,-0.00230189,-0.00031850,0.00870587,0.00027448
2009-12-15,-0.01235803,0.00167169,-0.00002418,0.00108344,0.00009149
2009-12-16,0.00265380,-0.00374437,0.00432893,0.00253105,0.00009149
2009-12-17,0.00339938,0.00500000,0.00087682,0.00570665,0.00009149
2009-12-18,-0.00772227,0.00327207,-0.00236842,0.00152769,0.00009904
2009-12-21,-0.00520255,0.00519890,-0.00007751,-0.00122138,0.00029715
2009-12-22,0.00929719,-0.00499000,0.00061900,-0.00383143,0.00009904
2009-12-23,0.02535068,-0.01469257,0.00293228,-0.00154591,0.00009904
2009-12-24,0.00548494,-0.00469580,0.00246258,0.00469850,0.00010120
2009-12-29,0.00103782,0.00847555,0.00397491,-0.00414327,0.00050609
2009-12-30,-0.00037429,0.01061737,0.00214492,-0.00014808,0.00010120
2009-12-31,0.00537030,0.00259580,0.00095371,0.00153400,0.00010120
2010-01-04,0.00936246,0.00379808,0.00157767,0.00121796,0.00039622
2010-01-05,0.01165504,-0.00606531,0.00408751,0.00363821,0.00009904
2010-01-06,0.00168072,0.00362178,0.00273305,-0.00589578,0.00009904
2010-01-07,-0.00102742,0.00732248,0.00520992,-0.00560816,0.00009904
2010-01-08,0.00005958,0.00468717,0.00729669,-0.00707771,0.00009111
2010-01-11,0.00667374,0.00893592,0.00611896,-0.00249683,0.00027334
2010-01-12,-0.00811600,0.00385456,-0.00254976,0.01103225,0.00009111
2010-01-13,0.00679355,0.00029548,-0.00020505,0.00004113,0.00009111
2010-01-14,0.00901825,0.00130769,0.00547177,-0.00193473,0.00009111
2010-01-15,0.00553474,-0.00102186,-0.00394656,0.00242309,0.00010228
2010-01-18,0.00670264,0.00519481,-0.00395428,0.00523366,0.00030686
2010-01-19,-0.00553311,0.00435667,-0.00247714,0.00727020,0.00010228
2010-01-20,-0.00390096,0.00145815,-0.00088331,0.00213805,0.00010228
2010-01-21,-0.02599402,0.00108905,-0.00911234,-0.00360992,0.00010228
2010-01-22,-0.00575571,0.00164010,-0.00827754,0.00197839,0.00010551
2010-01-25,-0.00669203,0.00276132,-0.00274399,-0.00859331,0.00031657
2010-01-27,-0.03543274,0.00028808,-0.01246940,-0.01307926,0.00021103
2010-01-28,0.00172947,-0.00704467,-0.00780915,0.00703893,0.00010551
2010-01-29,0.00150048,0.01044515,-0.00113721,0.00455179,0.00010767
2010-02-01,0.01165245,0.00893695,0.00185493,0.00346757,0.00032303
2010-02-02,-0.01289453,0.00693728,0.00351131,-0.00304072,0.00010767
2010-02-03,0.01708867,-0.01126867,-0.00257734,0.00423223,0.00010767
2010-02-04,-0.01653973,0.00881940,-0.00847964,-0.01255583,0.00010767
2010-02-05,-0.02958996,0.00403870,-0.00687375,-0.00636809,0.00010982
2010-02-06,0.01067682,-0.00002940,0.00592563,0.00420326,0.00010982
2010-02-08,-0.00068796,0.00216524,-0.00236582,-0.00672452,0.00021965
2010-02-09,0.01120225,-0.00127175,-0.00600725,0.01521036,0.00010982
2010-02-10,-0.00473890,0.00382563,0.00728388,0.00306653,0.00010982
2010-02-11,0.01012697,-0.00593270,0.00486943,-0.00005578,0.00010982
2010-02-15,-0.00759958,0.00278265,0.00226680,0.00751147,0.00043934
2010-02-16,0.00925467,-0.00909418,0.00459129,0.00617958,0.00010982
2010-02-17,0.00730167,-0.00663859,0.00111233,0.00097039,0.00010982
2010-02-18,-0.00731770,0.00249015,0.00010691,-0.00318323,0.00010982
2010-02-19,-0.00989863,0.00143189,-0.00264788,-0.00327476,0.00011090
2010-02-22,-0.00492610,-0.00687273,-0.00500337,-0.00160304,0.00033273
2010-02-23,-0.00263849,-0.00719616,-0.00280249,0.00069538,0.00011090
2010-02-24,-0.00329634,-0.00095227,-0.00335317,-0.00307459,0.00011090
2010-02-25,-0.00299675,0.00249304,0.00251786,-0.00021640,0.00011090
2010-02-26,0.01130710,-0.00368330,0.00614212,0.00594384,0.00011090
2010-03-02,0.01401658,-0.00390007,-0.00099080,0.01388990,0.00044366
2010-03-03,0.01325783,-0.00183758,0.00521424,0.00014164,0.00011090
2010-03-04,0.00344779,0.00079026,0.00535961,0.00533310,0.00011090
2010-03-05,0.00292664,0.00387095,0.00024357,-0.00287410,0.00011305
2010-03-08,0.00312770,0.00649908,0.00095591,0.00448141,0.00033918
2010-03-09,-0.00847157,0.00453916,-0.00436475,-0.00135666,0.00011305
2010-03-10,-0.00004238,-0.00252888,0.00356871,-0.00229273,0.00011305
2010-03-11,-0.00065749,-0.00204609,-0.00271749,-0.00266316,0.00011305
2010-03-12,0.00039476,-0.00165841,-0.00504888,0.00055752,0.00011628
2010-03-15,-0.00410196,-0.00579647,-0.00114781,0.00274598,0.00034887
2010-03-16,0.01022266,-0.00293876,0.00336683,0.00135574,0.00011628
2010-03-17,0.00797204,-0.00494875,-0.00415201,0.01025723,0.00011628
2010-03-18,-0.00021232,-0.00150500,0.00396081,0.00020594,0.00011628
2010-03-19,0.00434386,0.00034973,0.00283775,-0.00135482,0.00011843
2010-03-22,-0.01104612,0.00451388,-0.00260831,-0.00161461,0.00035532
2010-03-23,0.00215070,0.00134945,0.00404403,0.00431619,0.00011843
2010-03-25,-0.00026726,0.00059938,0.00104926,0.00184620,0.00023687
2010-03-26,0.00201454,-0.00534868,-0.00110412,0.00200377,0.00011843
2010-03-29,-0.00129989,-0.00319504,-0.00292504,-0.00620321,0.00035532
2010-03-30,-0.00008790,0.00968106,0.00216777,-0.00100499,0.00011843
2010-03-31,0.00122234,0.00521946,0.00195486,-0.00082342,0.00011735
2010-04-01,0.00794744,0.00989451,0.00770136,0.00654698,0.00011735
2010-04-05,0.01265957,-0.00095928,0.01172386,-0.00653157,0.00046949
2010-04-06,0.00041616,0.00148933,0.00402037,-0.00412084,0.00011735
2010-04-07,0.00484448,0.00290810,0.00491056,-0.00200045,0.00011735
2010-04-08,-0.00866795,0.00657443,-0.00234840,0.00102422,0.00011735
2010-04-09,0.00495747,0.00308343,0.00354677,-0.00027406,0.00010659
2010-04-12,-0.00227295,0.00747409,0.00357000,0.00263901,0.00031980
2010-04-13,-0.00121911,-0.00015079,-0.00110307,0.00678821,0.00010659
2010-04-15,-0.00405424,0.00070065,0.00129713,0.00408889,0.00021319
2010-04-16,-0.00462550,-0.00049612,0.00277996,0.00254946,0.00011412
2010-04-19,-0.01343689,0.00392228,-0.00554850,0.00025778,0.00034241
2010-04-20,0.00640741,0.01041073,-0.00391978,0.00176692,0.00011412
2010-04-21,0.00453231,0.00727270,0.00256639,0.00076823,0.00011412
2010-04-22,0.00147279,0.00132992,0.00489764,-0.00399256,0.00011412
2010-04-23,-0.00015879,0.00468565,0.00206540,0.00005974,0.00011197
2010-04-26,0.00152758,0.00028197,0.00046937,0.00912332,0.00033595
2010-04-27,-0.00036921,0.00118127,-0.00400964,-0.00598093,0.00011197
2010-04-28,-0.01561116,0.00218082,-0.00647600,-0.00071682,0.00011197
2010-04-29,0.00430549,0.00348488,0.00632405,0.00465652,0.00011197
2010-04-30,0.00761990,-0.00440787,0.00044919,-0.00133338,0.00011197
2010-05-03,-0.00690211,0.00423884,-0.00406634,-0.00260824,0.00033595
2010-05-04,-0.01536680,0.00338397,-0.00218951,-0.00129692,0.00011197
2010-05-05,-0.00272684,0.00090580,-0.00534689,0.00202473,0.00011197
2010-05-06,-0.00272407,0.00608498,0.00390509,0.00171100,0.00011197
2010-05-07,-0.01629401,-0.00273786,-0.01010832,-0.00743099,0.00011090
2010-05-10,0.02642027,-0.01188472,0.00726564,0.01082440,0.00033273
2010-05-11,-0.01227469,0.00974124,-0.00028272,-0.00099505,0.00011090
2010-05-12,0.00120137,-0.00371989,-0.00459910,0.00489342,0.00011090
2010-05-13,0.00550400,0.00095911,-0.00106785,0.00186157,0.00011090
2010-05-14,-0.01228422,0.00494439,-0.00604624,0.00189530,0.00011197
2010-05-17,-0.00618962,0.00546194,-0.00655932,0.00636989,0.00033595
2010-05-18,0.00076788,0.00914006,-0.00356538,-0.00247040,0.00011197
2010-05-19,-0.02579980,0.01158051,-0.01917744,-0.00487874,0.00011197
2010-05-20,0.00372616,-0.00372767,-0.00672781,-0.00599943,0.00011197
2010-05-21,-0.00930389,-0.00531535,-0.00049204,0.00152815,0.00011305
2010-05-24,0.00366366,-0.00215599,0.00518299,-0.00665301,0.00033918
2010-05-25,-0.02851229,0.00450865,-0.00600388,-0.00758580,0.00011305
2010-05-26,0.01574984,-0.00239626,-0.00077253,0.01183058,0.00011305
2010-05-27,0.01191575,-0.00876422,0.00302430,-0.00214781,0.00011305
2010-05-28,0.01516401,-0.00697698,0.00585146,0.00053674,0.00013453
2010-05-31,0.00991116,-0.00145442,-0.00075560,-0.00146248,0.00040365
2010-06-01,-0.01695462,0.01416114,-0.00750705,0.00255283,0.00013453
2010-06-02,0.00995220,-0.01019296,0.00438244,-0.00000929,0.00013453
2010-06-03,0.01308281,-0.00399145,0.00176306,-0.00098772,0.00013453
2010-06-04,0.00139613,-0.00267873,-0.00141264,-0.00067532,0.00013882
2010-06-07,-0.01770671,0.00911892,-0.00810491,0.00015756,0.00041650
2010-06-08,-0.00882825,0.00680622,-0.00151131,0.00482032,0.00013882
2010-06-09,0.00484794,-0.00472737,-0.00304152,-0.00174941,0.00013882
2010-06-10,0.01330564,-0.00496190,0.00182561,0.00267273,0.00013882
2010-06-11,0.00301053,0.00299218,-0.00180404,-0.00030068,0.00013989
2010-06-14,0.01152868,-0.00322058,0.00021780,-0.00421813,0.00041972
2010-06-15,0.00568618,0.00604877,-0.01294356,-0.00301231,0.00013989
2010-06-16,0.00175652,0.00242063,-0.00392809,0.00396604,0.00013989
2010-06-17,0.00550848,-0.00032552,-0.00118114,0.00275401,0.00013989
2010-06-18,-0.00354326,0.00076004,0.00029094,0.00272944,0.00014310
2010-06-21,0.01309372,-0.00713453,0.00266826,0.00262267,0.00042936
2010-06-22,-0.00446740,0.00584348,0.00130470,0.00130221,0.00014310
2010-06-23,0.00404761,0.00456306,0.00421211,0.00145170,0.00014310
2010-06-24,-0.00166523,0.00472489,0.00147051,-0.00253763,0.00014310
2010-06-25,0.00112546,-0.00442019,-0.00004620,-0.00792177,0.00014310
2010-06-28,0.01394220,-0.01063722,0.00206157,-0.00356044,0.00042936
2010-06-29,-0.01026130,0.01054361,-0.00648654,0.00410366,0.00014310
2010-06-30,0.00788228,-0.00460898,-0.00501013,-0.00489625,0.00014310
2010-07-01,-0.00697163,0.01117672,0.00290465,-0.00247532,0.00014310
2010-07-02,-0.00082800,0.00398434,0.00124985,0.00194474,0.00014096
2010-07-05,-0.00179495,0.00766804,0.00346221,0.00521623,0.00042294
2010-07-06,0.00708219,-0.00199556,-0.00168023,0.00184216,0.00014096
2010-07-07,-0.00569991,0.00275340,0.00089152,0.00172851,0.00014096
2010-07-08,0.00927073,-0.00515293,-0.00193371,0.00416991,0.00014096
2010-07-09,0.00734705,-0.00698700,0.00182022,-0.00680738,0.00014309
2010-07-12,0.00259999,0.00149127,0.00273939,-0.00038325,0.00042934
2010-07-13,0.00361844,-0.00084385,0.00142788,0.00059376,0.00014309
2010-07-14,-0.00336274,0.00320929,0.00052862,0.00601350,0.00014309
2010-07-15,-0.00251443,0.00434908,-0.00026450,0.00115731,0.00014309
2010-07-16,0.00467233,-0.00112622,0.00210163,0.00110603,0.00014416
2010-07-19,-0.00123119,0.00088456,0.00390677,0.00117006,0.00043253
2010-07-20,-0.00247744,0.00142106,-0.00087730,0.00036457,0.00014416
2010-07-21,0.00706593,-0.00734240,0.00256470,-0.00133006,0.00014416
2010-07-22,0.00562245,-0.00347974,-0.00059547,0.00120100,0.00014416
2010-07-23,-0.00209202,-0.00006666,-0.00007811,-0.00039013,0.00015272
2010-07-26,-0.00609595,0.00109464,-0.00306427,0.00462454,0.00045822
2010-07-27,0.00208706,-0.00362611,0.00150909,0.00652598,0.00015272
2010-07-28,-0.00315789,-0.00189870,-0.00130504,0.00918459,0.00015272
2010-07-29,-0.00276879,0.00559545,-0.00082409,0.00609743,0.00015272
2010-07-30,-0.00330841,0.00446179,-0.00158462,0.00232478,0.00015272
2010-08-02,0.00781915,-0.00223530,0.00301447,0.00381202,0.00045822
2010-08-03,0.00281186,0.00305471,-0.00018641,-0.00114323,0.00015272
2010-08-04,0.00384339,0.00252675,-0.00008557,0.00290055,0.00015272
2010-08-05,-0.00247563,0.00431234,0.00471861,0.00179914,0.00015272
2010-08-06,-0.00052606,0.00030610,0.00083215,0.00390501,0.00015913
2010-08-09,0.00769477,-0.00205561,0.00761343,-0.00274991,0.00047748
2010-08-10,-0.00513403,-0.00079148,-0.00490450,0.00281689,0.00015913
2010-08-11,-0.00445323,0.00066526,-0.00211882,0.00365337,0.00015913
2010-08-12,-0.00185319,-0.00362351,-0.00045918,0.00275613,0.00015913
2010-08-13,0.00568250,0.00165509,-0.00458561,0.00330436,0.00016340
2010-08-16,-0.00590669,0.00353211,-0.00107337,-0.00556621,0.00049029
2010-08-17,-0.00112780,0.00297834,0.00210160,0.00668293,0.00016340
2010-08-18,0.00932278,-0.00517058,0.00155951,0.00541923,0.00016340
2010-08-19,0.00563009,0.00698551,0.00041604,-0.00216714,0.00016340
2010-08-20,0.00035573,0.00167679,0.00204403,-0.00376711,0.00016660
2010-08-23,0.00525868,0.00047366,0.00570511,0.00287973,0.00049988
2010-08-24,-0.00597995,0.00342188,0.00021194,0.00614044,0.00016660
2010-08-25,-0.01037494,-0.00140238,0.00243772,-0.00110114,0.00016660
2010-08-26,0.00227090,0.00166487,-0.00142610,0.00075346,0.00016660
2010-08-27,-0.00882042,-0.00269338,-0.00217504,0.00662213,0.00016447
2010-08-30,0.00120330,-0.00435666,-0.00010334,0.00113014,0.00049349
2010-08-31,-0.00490706,-0.00446342,-0.00087813,0.01080775,0.00016447
2010-09-01,0.01696952,-0.00151999,0.00088536,-0.00272888,0.00016447
2010-09-02,0.00039386,0.00763902,0.00526629,-0.00251885,0.00016447
2010-09-03,0.00322311,0.00906751,-0.00162114,0.00422219,0.00016127
2010-09-06,0.01417919,-0.00063298,0.00345123,0.00259767,0.00048389
2010-09-07,0.00586049,0.00361580,0.00439817,-0.00940396,0.00016127
2010-09-08,0.00147366,0.00290278,0.00383643,-0.00226384,0.00016127
2010-09-09,0.00263763,0.00270828,0.00179139,-0.00142060,0.00016020
2010-09-13,0.01094534,-0.00887404,-0.00446594,0.00228161,0.00064096
2010-09-14,0.00211897,-0.01217620,-0.00187268,0.00002582,0.00016020
2010-09-15,0.00660864,-0.00855420,-0.00041063,-0.00668767,0.00016020
2010-09-16,-0.00963284,0.00418878,0.00185982,-0.00243807,0.00016020
2010-09-17,0.01268629,-0.00227082,0.00258920,-0.00262395,0.00016340
2010-09-20,0.00971457,-0.00741572,0.00657722,-0.00590470,0.00049029
2010-09-21,-0.00011564,-0.00795854,-0.00787281,-0.00126895,0.00016340
2010-09-22,-0.00436801,0.00324298,0.00097383,-0.00202362,0.00016340
2010-09-23,-0.00201471,0.00089860,0.00706505,0.00675018,0.00016340
2010-09-24,0.00816937,-0.00223693,0.00501647,0.00065822,0.00016447
2010-09-27,0.00424704,-0.00862547,0.00198570,-0.00359117,0.00049349
2010-09-28,0.00031690,-0.00106922,0.00210898,-0.00035819,0.00016447
2010-09-29,-0.00811282,0.00758094,-0.00351708,0.01222450,0.00016447
2010-09-30,-0.00116308,0.00389436,0.00085237,0.00245454,0.00016447
2010-10-01,0.01894716,-0.00415066,0.00004612,-0.00149028,0.00016660
2010-10-04,0.00192796,-0.00202756,-0.00315756,0.00306479,0.00049988
2010-10-05,0.00213478,0.00407968,-0.00088620,-0.00381614,0.00016660
2010-10-06,0.00920406,-0.00260584,0.00515872,-0.00696110,0.00016660
2010-10-07,-0.00833642,0.00174860,-0.00089875,0.00665664,0.00016660
2010-10-08,-0.00481733,0.00274519,-0.00067351,-0.00074256,0.00016980
2010-10-11,0.00547522,0.00667737,0.01082844,0.00475198,0.00050948
2010-10-12,-0.00600606,0.00502609,0.00327781,0.00359328,0.00016980
2010-10-13,0.01436136,-0.00459275,0.00667688,-0.00174903,0.00016980
2010-10-14,-0.00785805,0.00323411,0.01121432,0.00504879,0.00016980
2010-10-15,-0.01492465,0.00723729,0.00118660,0.00032402,0.00017406
2010-10-18,0.00107657,-0.00679635,-0.00024860,-0.00094619,0.00052227
2010-10-19,-0.00406910,0.00868353,0.00293698,0.00672766,0.00017406
2010-10-20,-0.00531902,0.00271936,-0.00476971,0.00057261,0.00017406
2010-10-21,0.01520824,-0.00602190,0.00154504,-0.00185634,0.00017406
2010-10-22,-0.00253693,0.00312111,0.00368484,0.00123436,0.00017938
2010-10-25,0.00481561,0.00158900,0.01755935,-0.00097959,0.00053823
2010-10-26,-0.00362528,0.00657323,0.00848737,0.00177019,0.00017938
2010-10-27,-0.00870439,0.00424802,0.00429010,0.00508472,0.00017938
2010-10-28,-0.00493284,0.00353600,-0.00115811,0.01056703,0.00017938
2010-10-29,-0.00371623,-0.00770470,-0.00799660,-0.00110372,0.00018151
2010-11-01,0.01009008,-0.00347057,0.00443843,0.00952898,0.00054462
2010-11-02,0.00141648,-0.00055527,-0.00479522,0.00934510,0.00018151
2010-11-03,0.00484583,0.00078150,0.00304574,0.00309507,0.00018151
2010-11-04,0.01290706,-0.00651349,0.00355089,-0.00033166,0.00017938
2010-11-05,0.00613191,0.00716259,-0.00096700,0.00199834,0.00017938
2010-11-08,-0.00434792,0.00424872,0.01116862,-0.00149401,0.00053823
2010-11-09,0.00609471,0.00364995,0.00434611,0.00414058,0.00017938
2010-11-10,-0.00047297,0.00847158,0.00494793,0.00223913,0.00017938
2010-11-11,-0.01323026,0.00655788,0.00510378,0.00494350,0.00017938
2010-11-12,-0.01905975,-0.00127665,-0.01455457,0.00879700,0.00018151
2010-11-15,-0.00009253,-0.00329526,-0.01391241,0.00759630,0.00054462
2010-11-16,-0.02092830,-0.00329416,-0.01326465,0.00232855,0.00018151
2010-11-18,0.00103187,-0.01452431,-0.00059477,0.00396208,0.00036305
2010-11-19,-0.01856873,0.00267560,-0.00400768,0.00409619,0.00018044
2010-11-22,0.01342161,-0.00161851,0.00264674,0.00508054,0.00054143
2010-11-23,-0.01325825,0.00176288,-0.00591442,0.00573363,0.00018044
2010-11-24,-0.00855389,0.00284423,0.00129689,-0.00029626,0.00018044
2010-11-25,-0.01816849,0.01008556,-0.01118831,0.00977068,0.00018044
2010-11-26,-0.01856877,-0.02204306,-0.01779228,-0.01250814,0.00018151
2010-11-29,0.01128711,-0.00978999,0.00692820,0.00019102,0.00054462
2010-11-30,0.01156646,0.00617905,-0.00412499,0.00001278,0.00018151
2010-12-01,0.01881427,-0.00215120,0.01270507,-0.00880190,0.00018151
2010-12-02,0.00715049,0.00429897,0.00719203,-0.00205256,0.00018151
2010-12-03,-0.00830233,-0.01406265,-0.01273216,0.00143395,0.00018363
2010-12-06,0.00098676,-0.00849759,-0.00457865,-0.00463307,0.00055100
2010-12-07,-0.00117998,-0.01309926,-0.01181629,-0.00646956,0.00018363
2010-12-08,-0.01101394,-0.01611756,-0.01186213,-0.00170307,0.00018363
2010-12-09,-0.03004339,-0.01997378,-0.01391955,-0.00262261,0.00018363
2010-12-10,0.01389097,0.00629529,0.00422674,-0.00409658,0.00019107
2010-12-13,0.01038035,0.00715864,0.01145464,-0.00132710,0.00057332
2010-12-14,0.00885858,0.00324362,0.01140458,-0.00405082,0.00019107
2010-12-15,-0.00654158,-0.00635145,-0.00131270,-0.00059747,0.00019107
2010-12-16,0.00493304,-0.00360989,0.01355584,-0.00641687,0.00019001
2010-12-20,0.00068506,0.00743450,-0.00202938,0.00308169,0.00076025
2010-12-21,0.00576711,0.00078815,0.00265254,-0.00359975,0.00019001
2010-12-22,-0.00048503,0.00117242,0.00310435,-0.00163017,0.00019001
2010-12-23,-0.00270768,0.00501878,0.00303120,-0.00183691,0.00019001
2010-12-24,0.00339514,-0.00097711,0.00081848,-0.00587661,0.00019001
2010-12-27,-0.00291184,0.00775685,-0.00157903,0.00307804,0.00057013
2010-12-28,0.00007929,0.00442467,0.00002839,-0.00304996,0.00019001
2010-12-29,0.00756628,0.00193908,0.00132028,0.00046976,0.00019001
2010-12-30,0.00530101,0.00317629,0.00175207,-0.00021199,0.00019001
2010-12-31,0.00634498,0.00395543,0.00058786,0.00010510,0.00019001
2011-01-03,0.00558944,0.00335409,0.00404833,-0.00956805,0.00057013
2011-01-04,0.00210688,0.00129779,0.00026101,-0.00164909,0.00019001
2011-01-05,-0.00731114,-0.00167259,-0.00351395,0.00614397,0.00019001
2011-01-06,-0.00784271,-0.00142567,-0.00248124,0.00537041,0.00019001
2011-01-07,-0.02362488,-0.00088523,-0.00737140,0.00031660,0.00018788
2011-01-10,-0.02374751,-0.00096268,-0.00551588,0.00617660,0.00056376
2011-01-11,-0.00510919,-0.00412501,0.00001636,0.00348673,0.00018788
2011-01-12,0.01409181,-0.00165662,0.00602950,0.00255026,0.00018788
2011-01-13,-0.00770443,0.00362016,-0.00095600,-0.00114047,0.00018788
2011-01-14,-0.01301184,0.00292858,-0.00738785,0.00884864,0.00018895
2011-01-17,-0.00601000,-0.00798046,-0.00425917,0.01434514,0.00056695
2011-01-18,0.00921251,-0.00694602,-0.00039431,0.00940616,0.00018895
2011-01-19,-0.00171641,0.00158337,-0.00181536,-0.00803553,0.00018895
2011-01-20,-0.00075152,0.00184675,-0.00071981,0.00077739,0.00018895
2011-01-21,-0.00250426,0.00205647,0.00599214,-0.00203207,0.00019001
2011-01-24,0.00415536,-0.00019047,0.00198178,0.00451396,0.00057013
2011-01-25,-0.00443450,-0.00291364,-0.00630023,0.00162358,0.00019001
2011-01-27,-0.01545234,0.00385649,0.00177587,0.00693053,0.00038005
2011-01-28,-0.01947440,-0.01272860,-0.01019940,0.00129274,0.00019107
2011-01-31,-0.00158396,-0.00855431,-0.00068469,-0.00005082,0.00057332
2011-02-01,-0.01589843,0.00552542,0.00292980,-0.00166306,0.00019107
2011-02-02,0.00437461,-0.00374772,-0.00018932,-0.00039065,0.00019107
2011-02-03,0.01280806,-0.00176127,0.00238486,-0.00917405,0.00019107
2011-02-04,-0.01695915,0.00320545,-0.00292573,-0.00207095,0.00019001
2011-02-07,-0.00251017,-0.00763253,0.00164974,-0.00292052,0.00057013
2011-02-08,-0.01865165,-0.00822062,-0.00962293,0.00695998,0.00019001
2011-02-09,-0.02511898,-0.01118712,-0.01808105,0.02916650,0.00019001
2011-02-10,-0.00342636,-0.00730144,-0.00397923,-0.00318682,0.00019001
2011-02-11,0.01343991,0.01293933,0.01300900,-0.00262849,0.00018895
2011-02-14,0.02647749,0.00880839,0.01674805,-0.00873030,0.00056695
2011-02-15,0.00291607,0.00434657,-0.00383858,-0.01015784,0.00018895
2011-02-16,0.00359638,0.00161213,0.00344388,-0.00473832,0.00018895
2011-02-17,0.00566555,0.00362357,-0.00531050,0.00250238,0.00018895
2011-02-18,-0.01582147,0.00108973,-0.00722882,0.00716403,0.00018895
2011-02-21,0.00780397,-0.00708464,-0.00415976,0.00425828,0.00056695
2011-02-22,-0.00630787,0.00202208,0.00381851,0.00047981,0.00018895
2011-02-23,-0.00433324,-0.00087750,-0.00304233,0.00103518,0.00018895
2011-02-24,-0.02466290,-0.00015662,-0.00482473,0.00809533,0.00018895
2011-02-25,0.00115691,-0.00501932,-0.00135604,0.00517673,0.00018895
2011-02-28,0.00338558,-0.00429071,0.00304988,0.01143296,0.00056695
2011-03-01,0.02848726,-0.00793475,0.00411336,-0.01114008,0.00018895
2011-03-03,-0.00088451,0.00231112,-0.00433473,0.00116345,0.00037793
2011-03-04,-0.00122161,-0.00015715,-0.00266966,0.00368736,0.00018895
2011-03-07,-0.01202254,-0.00085565,-0.00402367,0.00666712,0.00056695
2011-03-08,0.00989511,-0.00149332,0.00468469,-0.00262821,0.00018895
2011-03-09,0.00285679,0.00610610,0.00423132,-0.00794938,0.00018895
2011-03-10,-0.00223226,0.00259734,-0.00451266,-0.00371389,0.00018895
2011-03-11,-0.00843897,0.00066107,-0.00650791,0.00979167,0.00018895
2011-03-14,0.01092419,-0.00851715,-0.00242378,-0.00109623,0.00056695
2011-03-15,-0.01473068,0.00118379,-0.00711880,0.00506648,0.00018895
2011-03-16,0.01024815,0.00035724,0.00176872,-0.00042183,0.00018895
2011-03-17,-0.00758734,0.00337557,0.00064757,-0.00679278,0.00018895
2011-03-18,-0.00834132,0.00219676,-0.00455969,0.00445332,0.00019107
2011-03-21,-0.00374636,0.00318234,-0.00407494,0.00065616,0.00057332
2011-03-22,0.00740968,-0.00168028,0.00032132,-0.00322975,0.00019107
2011-03-23,0.00780004,0.00148561,0.00245750,-0.00577884,0.00019107
2011-03-24,0.00679159,-0.00122550,-0.00095367,-0.00104093,0.00019107
2011-03-25,0.01536705,-0.00459543,-0.00214481,0.00078230,0.00019319
2011-03-28,0.00236088,-0.00345896,-0.00312236,0.00230690,0.00057969
2011-03-29,0.00758757,-0.00863095,-0.00679782,0.00277682,0.00019319
2011-03-30,0.00878271,0.00700136,0.01364368,-0.00349148,0.00019319
2011-03-31,0.00974142,-0.00707240,0.00099572,0.00965080,0.00019319
2011-04-01,0.00592351,0.01239609,0.01077279,-0.02246076,0.00019319
2011-04-04,0.01384506,0.01345901,0.01388811,-0.01014392,0.00057969
2011-04-05,0.00568812,0.00870979,0.01287690,-0.01699470,0.00019319
2011-04-06,0.00036223,0.00820328,0.00069240,-0.01995791,0.00019319
2011-04-07,0.00064168,0.01011961,-0.00173298,-0.00636083,0.00019319
2011-04-08,-0.00838602,-0.00142373,-0.00696440,0.01358066,0.00018895
2011-04-11,-0.00964795,0.00290691,-0.00264274,0.00680806,0.00056695
2011-04-13,0.01558153,-0.00346307,0.00079488,-0.00472505,0.00037793
2011-04-15,-0.00922305,0.00549679,0.00819841,-0.00438949,0.00037899
2011-04-18,-0.01312479,0.00501781,0.00265455,0.00337366,0.00057013
2011-04-19,0.00171841,-0.00609539,0.00328918,0.00143060,0.00019001
2011-04-20,0.01675583,-0.00568771,-0.00077467,0.00342018,0.00019001
2011-04-21,0.00176525,-0.00235435,0.00432074,-0.00155433,0.00019637
2011-04-25,-0.00122051,0.00384446,-0.00590251,0.00694368,0.00078573
2011-04-26,-0.00050456,0.00002399,0.00235216,0.00477956,0.00019637
2011-04-27,-0.00244524,0.00083727,-0.00226620,0.00675582,0.00019637
2011-04-28,-0.00738930,0.00060260,0.00538930,0.01108512,0.00019637
2011-04-29,-0.00560821,-0.00633384,-0.00484904,0.00720844,0.00019850
2011-05-02,-0.00634364,-0.00748099,0.00759027,0.00148458,0.00059561
2011-05-03,-0.01885745,0.00071820,-0.00743982,0.01094748,0.00019850
2011-05-04,-0.00218273,-0.00568487,0.00246769,0.00295314,0.00019850
2011-05-05,-0.01170974,0.00498930,-0.00290326,0.00406812,0.00019850
2011-05-06,0.00844907,-0.00284699,0.00063570,0.00069640,0.00020803
2011-05-09,0.00101167,-0.00059349,-0.00231989,0.00604218,0.00062422
2011-05-10,0.00104181,0.00004260,-0.00019986,0.00145493,0.00020803
2011-05-11,0.00410381,0.00111895,0.00067502,-0.00204553,0.00020803
2011-05-12,-0.01033364,0.00396525,-0.00467690,-0.00070204,0.00020803
2011-05-13,0.00866506,-0.00219020,-0.00196217,0.00534086,0.00021226
2011-05-16,-0.00726925,0.00337993,0.00007638,0.00426377,0.00063692
2011-05-17,-0.00961880,0.00451027,0.00014805,0.00520181,0.00021226
2011-05-18,-0.00469178,-0.00118080,-0.00204340,0.00955278,0.00021226
2011-05-19,-0.00088652,-0.00110926,-0.00027328,-0.00167755,0.00021226
2011-05-20,0.00728375,-0.00770726,0.00979824,0.00544851,0.00021332
2011-05-23,-0.01546323,0.00295615,-0.00227656,0.00688186,0.00064010
2011-05-24,-0.00077357,0.00028867,0.00003870,0.00066582,0.00021332
2011-05-25,-0.00580998,0.00560452,-0.00020794,0.00216431,0.00021332
2011-05-26,0.00917081,-0.00739423,-0.00389458,0.00186762,0.00021332
2011-05-27,0.01032633,-0.00891155,0.00195195,-0.00804922,0.00021438
2011-05-30,0.00205986,0.00641471,0.00140881,-0.00177072,0.00064327
2011-05-31,0.01320998,-0.00477042,-0.00137318,-0.00249042,0.00021438
2011-06-01,0.00665039,0.00145273,0.00444500,-0.00764320,0.00021438
2011-06-02,-0.00627389,0.00135306,-0.00347717,0.00988785,0.00021438
2011-06-03,-0.00517880,0.00429874,0.00450359,-0.00074224,0.00021543
2011-06-06,-0.00128225,0.00443247,-0.00110098,0.00571678,0.00064644
2011-06-07,0.00534935,-0.00029010,-0.00602565,-0.00369128,0.00021543
2011-06-08,-0.00133723,0.00337773,-0.00435414,0.00166379,0.00021543
2011-06-09,-0.00029747,0.00379709,-0.00307176,0.00423406,0.00021543
2011-06-10,-0.00441662,0.00374190,-0.00568493,0.00147920,0.00021649
2011-06-13,0.00134703,0.00008884,0.00055957,-0.00032825,0.00064962
2011-06-14,0.00333343,0.00450185,-0.00411082,-0.00071521,0.00021649
2011-06-15,-0.00780924,-0.00123944,-0.00005011,0.00265260,0.00021649
2011-06-16,-0.00835043,0.00080792,0.00062822,0.00016088,0.00021649
2011-06-17,-0.00737495,-0.00614712,-0.00072860,-0.00002749,0.00021755
2011-06-20,-0.02534256,-0.00415779,-0.00939629,0.02030467,0.00065278
2011-06-21,0.00136037,-0.00000867,-0.00269928,0.01038590,0.00021755
2011-06-22,-0.00337711,-0.00394226,-0.00242904,0.00930721,0.00021755
2011-06-23,0.00411233,-0.00763288,0.00124772,0.00324808,0.00021755
2011-06-24,0.02335393,-0.00507110,-0.00217843,0.00026378,0.00021543
2011-06-27,0.00865920,-0.00602894,-0.00262218,0.00053106,0.00064644
2011-06-28,0.00314231,0.00432624,-0.00323544,-0.00221383,0.00021543
2011-06-29,0.00705606,0.00386736,-0.00343003,-0.00189188,0.00021543
2011-06-30,0.00341056,0.00426938,-0.00056364,-0.00300933,0.00021543
2011-07-01,0.00220527,0.00035314,0.00315751,-0.00617212,0.00021543
2011-07-04,0.00426173,0.00413519,0.00038635,-0.01319549,0.00064644
2011-07-05,-0.00492687,0.00846009,-0.00551172,0.00039672,0.00021543
2011-07-06,0.00019628,0.00519505,-0.00545635,0.00465936,0.00021543
2011-07-07,0.01514344,-0.00482175,-0.00359255,0.00503111,0.00021543
2011-07-08,-0.00924320,0.00108078,0.00168344,-0.00086584,0.00021543
2011-07-11,-0.00537316,0.00509079,-0.00214702,0.00569298,0.00064644
2011-07-12,-0.01156932,0.00168838,-0.00177718,0.00359391,0.00021543
2011-07-13,0.01078547,-0.00029652,0.00355201,-0.00144010,0.00021543
2011-07-14,0.00075741,0.00355336,-0.00199626,-0.00492470,0.00021543
2011-07-15,-0.00133998,0.00551485,-0.00585876,0.00412371,0.00021438
2011-07-18,-0.00281208,0.00495931,-0.00224021,-0.00147511,0.00064327
2011-07-19,0.00547410,0.00139614,-0.00093849,-0.00276625,0.00021438
2011-07-20,-0.00890394,0.00583359,0.00385323,0.00360370,0.00021438
2011-07-21,-0.00378305,0.00078244,-0.00062519,0.01148091,0.00021438
2011-07-22,0.01188039,-0.00409767,-0.00310802,0.00208552,0.00021332
2011-07-25,0.00702432,-0.00476028,0.00005446,-0.00496735,0.00064010
2011-07-26,-0.01228872,0.00854084,0.00368305,0.01149190,0.00021332
2011-07-27,-0.00239305,0.00685454,-0.00171306,0.00956477,0.00021332
2011-07-28,-0.00911928,0.00389741,0.00245593,0.00747249,0.00021332
2011-07-29,-0.00961954,0.00110346,-0.00171508,0.00430549,0.00022072
2011-08-01,0.00140680,-0.00483410,-0.00433772,0.00984019,0.00066230
2011-08-02,-0.00725128,-0.00479905,0.00107899,0.01033654,0.00022072
2011-08-03,-0.00595521,-0.00493214,-0.00266249,-0.00324662,0.00022072
2011-08-04,-0.01030248,0.00003411,-0.00175747,-0.00410657,0.00022072
2011-08-05,-0.02159723,-0.00601870,-0.00631064,0.01668590,0.00022072
2011-08-08,-0.01654227,-0.00400414,-0.00575378,0.01381626,0.00066230
2011-08-09,-0.01216427,-0.00242124,-0.00676887,0.00932008,0.00022072
2011-08-10,0.01491996,0.01638561,0.00312786,-0.00946211,0.00022072
2011-08-11,-0.00482203,0.00254634,0.00006523,0.00093527,0.00022072
2011-08-12,-0.00656166,0.00402629,0.00382998,0.00254798,0.00021860
2011-08-16,-0.00933717,-0.00051778,-0.01060273,0.03709898,0.00087470
2011-08-17,-0.00093258,-0.00936300,-0.00621308,0.02160237,0.00021860
2011-08-18,-0.01676199,-0.00715968,-0.00661738,0.00758623,0.00021966
2011-08-19,-0.01419914,-0.00736613,0.00485813,-0.00531439,0.00021966
2011-08-22,0.01315389,-0.00096000,0.00411488,-0.01275699,0.00065913
2011-08-23,0.00889519,0.00327283,0.00283248,-0.00044903,0.00021966
2011-08-24,-0.00757308,0.00379372,0.00399466,-0.00134673,0.00021966
2011-08-25,-0.00649432,0.00241979,0.00097063,0.01285880,0.00021966
2011-08-26,-0.02063869,-0.00058690,0.00345207,0.01890751,0.00021966
2011-08-29,0.02688533,-0.00548371,0.00130384,-0.00783943,0.00065913
2011-08-30,0.01171687,-0.00285277,0.00370307,-0.00583023,0.00021966
2011-09-02,0.00768379,-0.01860793,0.02126812,-0.00960497,0.00066018
2011-09-05,-0.00310395,-0.00382318,0.01636826,-0.01210805,0.00066230
2011-09-06,0.00672327,0.00952323,-0.00896064,-0.00402491,0.00022072
2011-09-07,0.01247754,0.00240395,0.00717950,-0.02297220,0.00022072
2011-09-08,0.00373099,0.00538647,0.00714246,-0.00218502,0.00022072
2011-09-09,-0.01378851,0.01585301,-0.01143235,0.01642104,0.00022072
2011-09-12,-0.01879931,0.00094243,-0.00482897,0.01921745,0.00066230
2011-09-13,0.00049349,0.00043303,0.00386838,-0.00171030,0.00022072
2011-09-14,0.00979839,-0.00704939,-0.00161037,-0.00912845,0.00022072
2011-09-15,0.00988611,-0.00939751,0.00593798,-0.01110725,0.00022072
2011-09-16,0.00285659,0.00056742,-0.00879940,-0.00268556,0.00022072
2011-09-19,-0.00656405,0.00320426,0.00014990,0.00148316,0.00066230
2011-09-20,0.01387508,-0.00371094,0.00252549,-0.00523517,0.00022072
2011-09-21,0.00102632,0.00533758,0.00908847,-0.00483539,0.00022072
2011-09-22,-0.03468666,0.00835409,-0.01226462,0.02384218,0.00022072
2011-09-23,-0.00791445,-0.00758024,0.00460798,0.00561404,0.00022177
2011-09-26,-0.01256632,-0.00414599,-0.00144060,-0.00108962,0.00066547
2011-09-27,0.02189290,-0.00621517,-0.00046341,-0.01849014,0.00022177
2011-09-28,-0.00387756,0.00433649,-0.01043742,0.01399842,0.00022177
2011-09-29,0.00532084,-0.00154960,-0.00668733,-0.00199181,0.00022177
2011-09-30,-0.00881948,0.01268389,-0.01530329,0.01185134,0.00022177
2011-10-03,-0.01583803,-0.00008526,-0.00329136,0.01409864,0.00066547
2011-10-04,-0.01043267,0.00131557,-0.00155560,0.00773153,0.00022177
2011-10-05,-0.00479556,-0.00485297,0.00591575,-0.00140078,0.00022177
2011-10-07,0.01721666,-0.00161716,-0.00585969,-0.01123283,0.00044360
2011-10-10,0.01411569,-0.00676870,0.00042360,-0.00486990,0.00066547
2011-10-11,0.00090437,0.00351514,-0.00000701,-0.00396686,0.00022177
2011-10-12,0.01757786,-0.00843923,0.00232054,-0.00505809,0.00022177
2011-10-13,-0.00378344,0.00308290,0.00122885,-0.00200528,0.00022177
2011-10-14,0.00826285,-0.00056075,-0.00003712,0.00643581,0.00022283
2011-10-17,-0.00475277,0.00714587,-0.00772408,0.00183944,0.00066863
2011-10-18,-0.01707162,0.00618354,-0.00457583,0.00218208,0.00022283
2011-10-19,0.01555874,-0.00922181,0.00552942,0.00089815,0.00022283
2011-10-20,-0.00687535,0.00353891,0.00010920,0.00855392,0.00022283
2011-10-21,-0.00653985,0.00133430,-0.00026670,0.00711048,0.00022705
2011-10-24,0.00655409,-0.00687671,-0.00724313,0.00777079,0.00068131
2011-10-25,0.01177889,-0.01420268,0.00089688,-0.00010267,0.00022705
2011-10-26,0.00525925,0.01214170,0.00027010,-0.00595921,0.00022705
2011-10-28,0.02070270,-0.01755880,0.01176727,-0.02294871,0.00045415
2011-10-31,-0.00704591,0.00589501,0.00862575,-0.00412061,0.00068131
2011-11-01,-0.00806998,0.00595990,-0.00853526,0.00912696,0.00022705
2011-11-02,0.00002447,-0.00877318,0.01414885,-0.00343540,0.00022705
2011-11-03,0.00253374,-0.00479536,0.00185034,-0.00362032,0.00022705
2011-11-04,0.00540732,-0.00131061,0.00091513,-0.00692531,0.00022705
2011-11-08,-0.00147849,-0.00311890,0.00544460,-0.00248043,0.00090851
2011-11-09,-0.01116108,0.01007337,-0.01078109,0.01582157,0.00022705
2011-11-11,-0.00708309,-0.00594913,0.00135912,0.01609754,0.00045943
2011-11-14,-0.00860227,-0.00611661,-0.01168903,0.02122339,0.00069713
2011-11-15,-0.01933451,-0.00452737,-0.01180862,0.02114810,0.00023232
2011-11-16,-0.00985028,-0.01059510,0.00440223,0.00413201,0.00023232
2011-11-17,-0.01736682,0.00573747,-0.00361644,0.00330564,0.00023232
2011-11-18,-0.00749138,0.00014099,-0.01720924,0.00299651,0.00023338
2011-11-21,-0.02259407,0.00562076,-0.00413661,0.01450881,0.00070030
2011-11-22,0.00295900,0.00232965,-0.00465488,-0.00773760,0.00023338
2011-11-23,-0.02159273,0.00125752,0.00567577,0.00534188,0.00023338
2011-11-24,0.01081678,-0.00249270,-0.00410091,-0.01109257,0.00023338
2011-11-25,-0.00426052,0.01601802,-0.00525872,-0.00857261,0.00023232
2011-11-28,0.02081591,-0.00661277,0.01058217,-0.01257530,0.00069713
2011-11-29,-0.00763919,0.00029362,0.00843514,0.00812588,0.00023232
2011-11-30,0.00382630,-0.01118373,-0.00210884,0.01277085,0.00023232
2011-12-01,0.01163868,-0.00400870,0.00347736,-0.01356671,0.00023232
2011-12-02,0.01883085,-0.01329721,0.00117481,-0.01313248,0.00023127
2011-12-05,-0.00159472,0.00133943,0.00292385,-0.00159175,0.00069397
2011-12-07,0.00044019,-0.00253188,0.01155513,-0.00590635,0.00046259
2011-12-08,-0.01842701,0.00914500,-0.01391679,0.01496399,0.00023127
2011-12-09,-0.01289079,0.00065013,0.00578887,0.01164383,0.00022600
2011-12-12,-0.01987546,0.00464032,-0.00020060,0.01779030,0.00067815
2011-12-13,0.00390550,-0.01125836,-0.00181574,-0.00433982,0.00022600
2011-12-14,-0.00849106,0.00519073,-0.00397509,0.01511193,0.00022600
2011-12-15,-0.00585669,-0.00850671,-0.00326916,0.00806835,0.00022600
2011-12-16,-0.01683640,0.00303460,-0.01020646,0.01925065,0.00022283
2011-12-19,-0.00977681,-0.00761726,-0.01305182,0.00744323,0.00066863
2011-12-20,-0.01608116,0.00554266,-0.00561126,0.00741525,0.00022283
2011-12-21,0.02132683,-0.02345221,0.01490290,-0.00477126,0.00022283
2011-12-22,0.00741456,-0.00439056,0.00409590,-0.00807624,0.00022283
2011-12-23,-0.00116867,0.01361924,-0.00540447,-0.00858983,0.00022072
2011-12-26,0.01038516,0.00025785,0.00477574,-0.00394217,0.00066230
2011-12-27,-0.00580892,-0.00365222,0.01397135,0.00800657,0.00022072
2011-12-28,-0.00826160,0.00168789,-0.00489456,0.00378826,0.00022072
2011-12-29,-0.00878443,0.00930174,-0.01167632,0.00641007,0.00022072
2011-12-30,-0.00003594,-0.00686340,0.00749243,0.00577950,0.00022283
2012-01-02,-0.00109235,-0.00237649,0.01230656,0.00035797,0.00066863
2012-01-03,0.02421004,-0.00336941,0.00953261,-0.02057741,0.00022283
2012-01-04,-0.00028704,0.00475312,-0.00223364,-0.01265691,0.00022283
2012-01-05,-0.00274188,0.00163662,0.00660589,0.00405411,0.00022283
2012-01-06,-0.00140918,-0.00682267,0.01669945,-0.00443583,0.00022389
2012-01-07,0.00339828,0.00715759,0.00628730,-0.01001449,0.00022389
2012-01-09,0.00149881,0.00848276,0.00627324,-0.01618950,0.00044782
2012-01-10,0.01821164,-0.00037511,0.01499779,-0.02616629,0.00022389
2012-01-11,0.00472434,0.00417887,0.01032028,-0.03847999,0.00022389
2012-01-12,-0.00390450,-0.00141779,0.00952251,-0.01824098,0.00022389
2012-01-13,0.00859088,-0.00807667,0.02017528,-0.01124856,0.00022494
2012-01-16,0.00053241,0.00473177,-0.00747839,-0.00805167,0.00067497
2012-01-17,0.01814337,-0.00969346,0.00239033,-0.00913063,0.00022494
2012-01-18,-0.00693628,-0.00342072,-0.00499442,0.00963985,0.00022494
2012-01-19,0.01105117,-0.00256326,0.00635802,-0.02104155,0.00022494
2012-01-20,0.00135542,-0.00102037,-0.00253633,0.01150530,0.00022705
2012-01-23,-0.00008103,0.00200782,0.00406808,0.00251664,0.00068131
2012-01-24,0.01027836,-0.00950082,0.01008847,-0.01383578,0.00022705
2012-01-25,0.00818132,-0.00711449,0.01708034,-0.01523579,0.00022705
2012-01-27,0.01209672,0.00702965,-0.00975884,-0.01192898,0.00045626
2012-01-30,-0.01985467,0.00714178,-0.00954127,0.02568130,0.00068764
2012-01-31,0.01757113,-0.01664266,0.01682873,-0.01146124,0.00022916
2012-02-01,0.00865085,0.01035346,0.00073379,-0.01719360,0.00022916
2012-02-02,0.01031255,0.00658833,-0.02096943,-0.00100955,0.00022916
2012-02-03,0.00831367,0.01137406,-0.00814521,-0.00012817,0.00023127
2012-02-06,0.00855629,0.00446618,-0.00269987,-0.00830921,0.00069397
2012-02-07,-0.00916758,0.00850106,-0.00995566,0.02096494,0.00023127
2012-02-08,0.00758139,-0.00310365,0.00724528,-0.00301268,0.00023127
2012-02-09,0.00758392,0.00206673,0.00740478,-0.00313986,0.00023127
2012-02-10,-0.00177788,-0.00102560,-0.00120672,0.00406690,0.00023338
2012-02-13,-0.00095005,0.00298807,-0.00168380,0.01068296,0.00070030
2012-02-14,0.00263538,-0.00658170,0.01636735,-0.00393469,0.00023338
2012-02-15,0.01628140,-0.00877940,0.00680183,-0.01954758,0.00023338
2012-02-16,0.00201140,0.01010103,0.00376895,-0.02271228,0.00023338
2012-02-17,0.00366627,-0.00092977,0.00328112,-0.01912234,0.00023443
2012-02-21,0.00773779,-0.00574477,0.00634947,-0.01920322,0.00093806
2012-02-22,-0.02054668,0.00546842,-0.02688606,0.04058984,0.00023443
2012-02-23,-0.00511445,-0.00273804,-0.00373727,0.00447392,0.00023443
2012-02-24,-0.00502459,0.00090438,-0.01089971,0.01475391,0.00023654
2012-02-27,-0.02483669,-0.00062069,-0.02057001,0.03550961,0.00070979
2012-02-28,0.01850199,-0.00267242,0.01951450,-0.02905780,0.00023654
2012-02-29,0.00893099,-0.00311336,-0.00223902,-0.00063717,0.00023654
2012-03-01,-0.00661971,0.00197405,0.00455080,-0.00138858,0.00023654
2012-03-02,-0.00140308,0.00228871,-0.00388964,0.00301111,0.00023759
2012-03-03,0.00128306,0.00190548,0.00157572,-0.00035975,0.00023759
2012-03-05,-0.01227183,-0.00086360,0.00629379,0.01387633,0.00047524
2012-03-06,-0.01059844,0.00884134,-0.01721460,0.01916885,0.00023759
2012-03-07,-0.00610489,-0.00168198,0.00329225,0.01071125,0.00023759
2012-03-09,0.01561177,-0.01012483,0.01029701,-0.01160056,0.00047524
2012-03-12,0.00269065,-0.00398203,0.00796508,-0.00527499,0.00071295
2012-03-13,0.01383083,-0.00605562,0.00543784,-0.00929953,0.00023759
2012-03-14,0.00090527,-0.00086923,-0.00687286,0.00326752,0.00023759
2012-03-15,-0.01123887,0.00932161,-0.01692350,0.01322799,0.00023759
2012-03-16,-0.01471294,0.00440908,-0.00684189,0.01984943,0.00023548
2012-03-19,-0.00906449,0.00392614,-0.01044202,0.01430007,0.00070662
2012-03-20,0.00422945,-0.00566731,0.00857943,0.00152060,0.00023548
2012-03-21,0.01413157,-0.00248009,0.00496281,-0.00940437,0.00023548
2012-03-22,-0.02105243,0.00895382,-0.01084780,0.01847786,0.00023548
2012-03-23,0.00777289,-0.00190353,-0.00111596,-0.00619772,0.00023548
2012-03-26,-0.01721171,0.00515141,-0.00539473,0.00998266,0.00070662
2012-03-27,0.00647015,-0.00732229,0.00018535,-0.00142882,0.00023548
2012-03-28,-0.00910831,0.00053636,-0.00911434,0.01156106,0.00023548
2012-03-29,-0.00032300,0.00964972,-0.00777091,0.00310208,0.00023548
2012-03-30,0.02205948,-0.00488379,-0.00143473,-0.00676198,0.00023654
2012-04-02,0.00659019,0.00772361,0.00991079,-0.01079419,0.00070979
2012-04-03,0.00826730,-0.00272387,0.00428000,-0.02177532,0.00023654
2012-04-04,-0.00370733,0.00862707,-0.00397338,0.00284488,0.00023654
2012-04-09,-0.01578339,0.01138732,-0.00717613,0.00683357,0.00117798
2012-04-10,-0.00203076,-0.00525038,0.01040111,0.00302530,0.00023127
2012-04-11,-0.00616767,0.00702556,-0.00638022,0.00432831,0.00023127
2012-04-12,0.00624467,-0.00653168,0.00937150,-0.00444238,0.00023127
2012-04-13,-0.00983294,0.00600674,-0.00615920,0.00320675,0.00023022
2012-04-16,0.00076853,0.00384178,-0.00331089,0.00333789,0.00069080
2012-04-17,0.01118696,-0.01040122,0.00921926,-0.00644951,0.00023022
2012-04-18,0.00495021,0.00562483,-0.01141996,-0.00206382,0.00023022
2012-04-19,0.00142775,0.00189209,-0.00061649,0.00550545,0.00023022
2012-04-20,-0.00746912,-0.00002335,0.00309873,0.01008169,0.00021860
2012-04-23,-0.01586098,0.01140125,-0.01126469,0.01867634,0.00065596
2012-04-24,0.00578595,-0.00350269,-0.00768791,0.00659909,0.00021860
2012-04-25,-0.00543693,0.00195542,-0.00300190,0.00146257,0.00021860
2012-04-26,-0.00473335,0.00549864,-0.00460755,0.00755757,0.00021860
2012-04-27,-0.00132088,0.00030848,-0.00939032,0.00300245,0.00022072
2012-04-28,0.00491127,0.00008432,0.00172772,-0.00719694,0.00022072
2012-04-30,0.00765231,-0.00365686,-0.00139666,-0.00291959,0.00044148
2012-05-02,-0.00186395,0.00216670,0.00117753,0.00344819,0.00044148
2012-05-03,-0.00780833,-0.00460113,0.00671153,0.00701086,0.00022072
2012-05-04,-0.01592779,0.00263248,-0.01162639,0.01485542,0.00022177
2012-05-07,0.00434677,-0.00915356,0.00184030,-0.01195145,0.00066547
2012-05-08,-0.01716914,0.01354855,-0.00894443,0.00718066,0.00022177
2012-05-09,-0.00594503,-0.00139271,-0.00789048,0.01552719,0.00022177
2012-05-10,0.00021007,0.00078841,-0.00744049,0.00678427,0.00022177
2012-05-11,-0.00913707,-0.00265668,0.00505615,0.00519585,0.00022177
2012-05-14,-0.00516410,-0.00590452,-0.00781070,0.01484708,0.00066547
2012-05-15,0.00433848,-0.00675243,0.00451783,-0.00445343,0.00022177
2012-05-16,-0.01341477,0.00243425,-0.00205896,0.00935493,0.00022177
2012-05-17,0.00192700,-0.00094719,-0.00144344,0.00838375,0.00022177
2012-05-18,-0.00035171,-0.00447466,-0.00091773,0.00047334,0.00022072
2012-05-21,0.00050248,0.00259737,0.00592007,-0.01121687,0.00066230
2012-05-22,-0.00714633,0.00660277,-0.01351621,0.00664534,0.00022072
2012-05-23,-0.00484400,0.00276980,-0.00657688,0.00500786,0.00022072
2012-05-24,0.01104325,-0.00598810,0.00370998,-0.00127695,0.00022072
2012-05-25,0.00184731,0.00216739,0.00579242,-0.00890645,0.00022072
2012-05-28,0.00842995,-0.00410459,0.00695938,-0.00787343,0.00066230
2012-05-29,0.00095313,0.00826756,-0.00757064,-0.00054914,0.00022072
2012-05-30,-0.00820656,0.00660304,-0.00869562,0.01056935,0.00022072
2012-05-31,-0.00124166,-0.00581095,0.00494189,0.00024778,0.00022072
2012-06-01,-0.01514742,0.00090303,-0.00190981,0.00758593,0.00022072
2012-06-04,-0.00340107,-0.00115827,-0.00363996,-0.00801586,0.00066230
2012-06-05,0.00123186,0.00357615,-0.00249776,-0.00510362,0.00022072
2012-06-06,0.02293909,-0.00977629,0.00580255,-0.01363554,0.00022072
2012-06-07,0.00608807,-0.00040192,0.00060530,-0.00908439,0.00022072
2012-06-08,0.00127304,0.00152348,-0.00139534,-0.00595672,0.00021755
2012-06-11,-0.00425353,0.00060628,0.00533721,0.00359441,0.00065278
2012-06-12,0.00721288,-0.00744707,0.00126524,-0.00680564,0.00021755
2012-06-13,0.00090948,-0.00326134,0.00411240,-0.00596411,0.00021755
2012-06-14,-0.00828721,0.00194664,-0.00113573,0.01423695,0.00021755
2012-06-15,0.00808740,-0.00630289,0.00472075,-0.00598735,0.00021438
2012-06-18,-0.01048413,0.00904227,-0.01121159,0.00955632,0.00064327
2012-06-19,0.00762803,-0.00037228,-0.01018061,0.00646243,0.00021438
2012-06-20,0.00681097,-0.00037021,-0.00188074,-0.01238466,0.00021438
2012-06-21,0.00420524,-0.00110887,0.00111124,-0.01613126,0.00021438
2012-06-22,-0.00035547,0.00722234,-0.00254252,0.00079308,0.00021860
2012-06-25,-0.00405716,0.00569122,0.00384462,0.00106304,0.00065596
2012-06-26,0.00307469,-0.00040325,-0.00273411,0.00283602,0.00021860
2012-06-27,0.00379375,0.00050545,-0.00015070,-0.00451513,0.00021860
2012-06-28,0.00210229,0.00334362,-0.00277978,0.00205123,0.00021860
2012-06-29,0.01885498,-0.00689132,0.00346456,-0.01579786,0.00021860
2012-07-02,0.00312165,0.00427103,0.00220174,-0.01684325,0.00065596
2012-07-03,0.00344669,-0.00387432,0.00895254,-0.00690899,0.00021860
2012-07-04,0.00427450,-0.00056417,0.01072910,-0.01118191,0.00021860
2012-07-05,0.00382389,0.00837424,0.01034065,-0.00940759,0.00021860
2012-07-06,-0.00453036,0.00035588,0.00196810,0.00016499,0.00021755
2012-07-09,-0.00938360,0.00332396,-0.01084742,0.01064379,0.00065278
2012-07-10,0.00944296,-0.00958915,0.01190028,-0.00311403,0.00021755
2012-07-11,-0.00730703,-0.00019065,0.00321817,0.00074756,0.00021755
2012-07-12,-0.00852559,0.00154536,0.00061081,0.00426468,0.00021755
2012-07-13,0.00001916,0.00372492,-0.00533075,0.00405502,0.00021649
2012-07-16,-0.00599089,0.00284285,-0.00580022,0.00970758,0.00064962
2012-07-17,-0.00465205,0.00150670,-0.00989967,0.01668313,0.00021649
2012-07-18,0.00398507,-0.00060520,-0.00503082,-0.00399593,0.00021649
2012-07-19,0.00415543,0.00164312,-0.00579646,0.00009333,0.00021649
2012-07-20,-0.00181329,-0.00124738,-0.00109441,0.00841752,0.00021543
2012-07-23,-0.01429748,0.00599600,-0.00371151,0.01424866,0.00064644
2012-07-24,0.00330392,0.00580655,-0.00809998,0.00479682,0.00021543
2012-07-25,-0.00540521,0.00153695,-0.00279486,0.01180510,0.00021543
2012-07-26,-0.01382703,0.00856746,-0.01871166,0.01199935,0.00021543
2012-07-27,0.00448185,-0.00441581,-0.01954650,0.01827386,0.00021438
2012-07-30,0.01470908,-0.00771883,0.00827420,-0.01417335,0.00064327
2012-07-31,0.00569639,-0.00194492,-0.00282767,-0.00113091,0.00021438
2012-08-01,0.00152653,0.00879611,0.00316933,-0.00286305,0.00021438
2012-08-02,0.00109862,0.00443465,0.00170685,-0.00307685,0.00021438
2012-08-03,-0.00061866,0.00517653,-0.00448565,0.00751205,0.00021649
2012-08-06,0.00715417,0.00071129,0.00318983,-0.00353994,0.00064962
2012-08-07,0.00588827,-0.00029499,-0.00384718,0.00466702,0.00021649
2012-08-08,-0.00026941,0.00035722,-0.01067112,0.02091208,0.00021649
2012-08-09,-0.00215324,0.00144061,-0.00600489,0.01820268,0.00021649
2012-08-10,0.00151103,-0.00167707,-0.00136480,0.00433222,0.00021649
2012-08-13,0.00609196,-0.00292368,0.00284740,-0.00523733,0.00064962
2012-08-14,0.00356549,-0.00157115,-0.00020889,0.00429256,0.00021649
2012-08-16,-0.00401609,0.00436179,0.00186059,0.00234495,0.00043409
2012-08-17,-0.00065079,-0.00055373,0.00012200,0.00090927,0.00021755
2012-08-21,0.00765486,-0.00121763,0.00271825,0.00364834,0.00087047
2012-08-22,-0.00264614,0.00880523,-0.01349441,0.00989017,0.00021755
2012-08-23,-0.00023943,0.00260971,0.00220417,0.00887963,0.00021755
2012-08-24,-0.00357588,-0.00043215,-0.00062016,0.00678331,0.00021649
2012-08-27,-0.00429318,0.00106833,-0.01151848,0.01142423,0.00064962
2012-08-28,-0.00395252,-0.00616844,-0.00880111,0.00715351,0.00021649
2012-08-29,-0.00910204,0.00743477,-0.00910344,0.01041112,0.00021649
2012-08-30,0.00315258,-0.00595148,-0.00241414,0.00435582,0.00021649
2012-08-31,-0.00782050,0.00701461,0.00099076,-0.00211231,0.00021649
2012-09-03,-0.00017141,0.00673737,-0.00112793,-0.00187130,0.00064962
2012-09-04,0.00552393,-0.00596905,0.00740168,-0.00689790,0.00021649
2012-09-05,-0.00429086,0.00625118,-0.00632059,0.00388483,0.00021649
2012-09-06,0.00387751,0.00260546,-0.00825824,0.00730033,0.00021649
2012-09-07,0.01325784,-0.00842803,0.00011916,-0.00232230,0.00021438
2012-09-08,0.00331175,0.00207061,0.00035148,0.00275603,0.00021438
2012-09-10,0.00222594,0.01188072,-0.01611055,-0.00061552,0.00042880
2012-09-11,0.00232878,-0.00309047,0.01228392,-0.00345840,0.00021438
2012-09-12,0.00556637,-0.00304240,0.00176134,0.00612198,0.00021438
2012-09-13,0.00011670,-0.00051013,-0.00668599,0.00639706,0.00021438
2012-09-14,0.01097652,-0.01667805,0.00971988,-0.01540741,0.00021438
2012-09-17,0.00126647,-0.01155700,0.02720924,-0.03688017,0.00064327
2012-09-18,-0.00168220,0.00030348,0.02255795,-0.01802053,0.00021438
2012-09-20,-0.00559214,0.00173028,0.00084995,0.01081608,0.00042880
2012-09-21,0.01756103,-0.01456107,0.01739680,-0.02035551,0.00021332
2012-09-24,-0.00218807,0.00507082,0.00958463,-0.01956024,0.00064010
2012-09-25,0.00029110,0.00483440,0.00696403,-0.00048222,0.00021332
2012-09-26,0.00078050,0.00160238,0.00202392,0.00695384,0.00021332
2012-09-27,-0.00203365,0.00629671,-0.00012404,0.00345842,0.00021332
2012-09-28,0.01211922,-0.00286244,-0.00141377,-0.00078867,0.00021438
2012-10-01,0.00470632,0.01103157,0.00119959,-0.00014981,0.00064327
2012-10-03,0.00434460,0.00871749,-0.00109112,0.00058337,0.00042880
2012-10-04,0.00679113,-0.00348922,0.01300924,-0.01333579,0.00021438
2012-10-05,-0.00469230,-0.00119775,-0.00893925,-0.00520328,0.00021226
2012-10-08,-0.00930265,0.00555869,0.00599664,-0.00318005,0.00063692
2012-10-09,0.00345798,0.00659744,-0.00368804,0.00911624,0.00021226
2012-10-10,-0.01011055,-0.00297336,-0.01020810,0.01045261,0.00021226
2012-10-11,0.00873728,-0.00346822,0.00751759,-0.00736196,0.00021226
2012-10-12,-0.00209090,-0.00215852,0.00341897,0.01048310,0.00021332
2012-10-15,0.00082500,0.00074400,0.00226941,-0.00120484,0.00064010
2012-10-16,-0.00579438,0.00896446,-0.01455420,0.00082943,0.00021332
2012-10-17,0.00118625,-0.00809760,0.01144759,-0.00401646,0.00021332
2012-10-18,0.00609718,0.00098859,0.00620036,0.00373822,0.00021332
2012-10-19,-0.00488190,0.00613227,-0.00926393,0.00285987,0.00021332
2012-10-22,0.00340739,0.00022636,-0.00091842,0.00531868,0.00064010
2012-10-23,-0.00398065,0.00706731,0.00035704,0.00672976,0.00021332
2012-10-25,-0.00086900,0.00523755,-0.01068793,0.00493940,0.00042669
2012-10-26,-0.00749753,0.00177077,-0.00847527,0.00345427,0.00021332
2012-10-29,-0.00143527,-0.00448520,-0.00594666,-0.00219066,0.00064010
2012-10-30,-0.00739546,0.00478334,-0.01378092,0.00523018,0.00021332
2012-10-31,0.00332102,-0.00231620,0.00516124,0.00126517,0.00021332
2012-11-01,0.00604602,-0.00050972,0.00777778,-0.00970036,0.00021332
2012-11-02,0.00661507,-0.00218122,0.00009976,0.00510287,0.00021438
2012-11-05,-0.00087852,-0.00101556,0.00134163,0.00410434,0.00064327
2012-11-06,0.00280328,-0.00115195,0.00862221,-0.00177958,0.00021438
2012-11-07,0.00352379,0.00243037,0.00430953,0.00301971,0.00021438
2012-11-08,-0.00115270,0.00198670,0.00765396,-0.00132794,0.00021438
2012-11-09,-0.00889057,0.00177714,-0.00210378,0.00111659,0.00021438
2012-11-12,-0.00137276,-0.00785648,0.01274628,0.00121929,0.00064327
2012-11-13,0.00156686,0.00588396,0.00458901,-0.00283832,0.00021438
2012-11-15,-0.00695458,-0.00268872,0.01209646,-0.00967874,0.00042880
2012-11-16,-0.00726875,0.00482151,-0.01549518,-0.00587472,0.00021543
2012-11-19,-0.00356437,-0.00690746,-0.00259311,-0.00449228,0.00064644
2012-11-20,-0.00379670,0.00303725,-0.01622097,0.00075098,0.00021543
2012-11-21,0.00372746,-0.00957870,0.01614192,0.00859486,0.00021543
2012-11-22,0.00211699,-0.00192367,0.00422784,0.00438344,0.00021543
2012-11-23,-0.00107680,-0.00113402,0.00183328,0.00098438,0.00021543
2012-11-26,0.00458522,-0.00517611,0.01109752,-0.00141399,0.00064644
2012-11-27,0.01024847,-0.02126866,0.02674731,-0.01118835,0.00021543
2012-11-29,0.00849503,-0.00297487,0.00367630,0.00010544,0.00043092
2012-11-30,0.00805227,-0.00547817,0.00297452,-0.01279009,0.00021543
2012-12-03,0.00339686,-0.00374875,0.01404873,-0.00444880,0.00064644
2012-12-04,0.00248707,-0.00241960,0.00335124,-0.00133673,0.00021543
2012-12-05,0.00123687,0.00240284,0.00755691,0.00362810,0.00021543
2012-12-06,0.00307542,-0.00370541,0.00718556,0.00040312,0.00021543
2012-12-07,-0.00349672,0.00523889,-0.00192078,-0.00127396,0.00021543
2012-12-10,-0.00346030,-0.00240666,0.00915096,-0.00315679,0.00064644
2012-12-11,-0.00444506,-0.00025845,-0.01000323,-0.00046529,0.00021543
2012-12-12,-0.00113017,-0.00585769,0.00738359,0.00270131,0.00021543
2012-12-13,-0.00708992,0.00536243,-0.01560622,0.00161031,0.00021543
2012-12-14,0.00470066,-0.00479368,0.00134249,0.00333059,0.00021543
2012-12-17,-0.00171345,0.00332407,0.00482503,0.00166607,0.00064644
2012-12-18,0.00595474,-0.00138947,0.00370514,0.00287151,0.00021543
2012-12-19,0.00845928,-0.00106342,-0.00082462,-0.00625641,0.00021543
2012-12-20,-0.00119105,0.00327013,-0.00686682,0.00334926,0.00021438
2012-12-21,-0.01236788,0.00387865,-0.01040189,-0.00422034,0.00021438
2012-12-24,0.00219579,0.00274271,-0.00356773,-0.00060909,0.00064327
2012-12-26,0.00574937,-0.00293747,0.00175622,0.00409440,0.00042880
2012-12-27,-0.00462466,-0.00012522,-0.00320423,0.00117669,0.00021543
2012-12-28,0.00800688,-0.00816989,-0.00087909,-0.00211321,0.00021543
2012-12-31,0.00191424,0.00256010,0.00104835,-0.00006512,0.00064644
2013-01-01,0.00694062,-0.00066924,0.00927812,-0.01049685,0.00021543
2013-01-02,0.00613096,-0.00172084,0.00157741,-0.00155123,0.00021543
2013-01-03,0.00448446,-0.00736993,0.01696872,-0.00383167,0.00021332
2013-01-04,0.00289320,-0.00385173,0.00587148,0.00242084,0.00021332
2013-01-07,0.00011464,0.00534537,0.00069253,-0.01166519,0.00064010
2013-01-08,-0.00017514,-0.00276126,0.00973468,0.00016833,0.00021332
2013-01-09,-0.00471430,0.00293938,0.00116211,0.00347153,0.00021332
2013-01-10,-0.00254423,-0.00136714,-0.00939116,0.00156405,0.00021226
2013-01-11,-0.00607466,0.00194909,-0.01883010,0.00627704,0.00021226
2013-01-14,0.01077111,-0.01349929,0.01441636,-0.00837489,0.00063692
2013-01-15,0.00420639,-0.00677028,0.00815616,0.00572659,0.00021226
2013-01-16,-0.00789388,0.00234107,-0.01905089,0.00955440,0.00021226
2013-01-17,0.00849009,-0.01486318,0.00147236,-0.00351366,0.00021015
2013-01-18,0.00407385,-0.00751550,-0.00274452,0.00303429,0.00021015
2013-01-21,0.00202183,-0.01508206,0.01677147,-0.00572525,0.00063057
2013-01-22,-0.00674860,0.00094328,-0.01090773,0.00507690,0.00021015
2013-01-23,-0.00507280,0.00011060,-0.01128766,0.00268460,0.00021015
2013-01-24,-0.01087349,0.01168424,-0.04805355,0.02058115,0.00021015
2013-01-25,0.01109730,-0.01745436,0.02523884,-0.00742004,0.00021015
2013-01-28,-0.00256293,0.01080282,-0.00239547,0.00704118,0.00063057
2013-01-29,-0.00578540,0.01059236,-0.01996246,0.00461940,0.00021015
2013-01-30,0.00175254,-0.00678565,-0.00167160,0.00677436,0.00021015
2013-01-31,0.00269795,-0.00238654,0.00096782,-0.00101316,0.00020909
2013-02-01,-0.00320416,-0.00315691,0.00803889,0.00083816,0.00020909
2013-02-04,-0.00531038,0.00557452,-0.01388524,0.00511557,0.00062740
2013-02-05,-0.00510204,-0.00159683,-0.00385790,0.00530283,0.00020909
2013-02-06,0.00165133,-0.00065209,0.00360662,-0.00271113,0.00020909
2013-02-07,-0.00703330,0.00395300,-0.01632924,0.00338525,0.00021015
2013-02-08,-0.00657733,-0.00123210,-0.00435942,0.00758333,0.00021015
2013-02-11,-0.00333284,-0.00322868,0.00074024,-0.00207248,0.00063057
2013-02-12,0.00296651,-0.00180870,-0.01881873,0.01035022,0.00021015
2013-02-13,-0.00148809,0.00858723,-0.01754576,0.00429833,0.00021015
2013-02-14,-0.00965459,0.00250736,-0.01842854,0.01298548,0.00021015
2013-02-15,-0.00109625,-0.01080797,0.00884779,0.00012463,0.00021015
2013-02-18,0.00149115,0.00039376,0.01149743,-0.00956966,0.00063057
2013-02-19,0.00995023,-0.00239388,0.00697363,-0.00020869,0.00021015
2013-02-20,0.00164540,0.00165504,-0.00136903,0.00573335,0.00021015
2013-02-21,-0.01448555,-0.00030884,-0.00832787,0.00553263,0.00021120
2013-02-22,0.00193748,-0.00192897,0.00277790,0.00149832,0.00021120
2013-02-25,-0.00535339,-0.00890656,-0.00699401,0.00635298,0.00063375
2013-02-26,-0.01477566,-0.00462947,-0.00658158,0.00640193,0.00021120
2013-02-27,0.00655110,-0.00694895,0.00106770,0.00135408,0.00021120
2013-02-28,-0.01471135,0.01880207,-0.03782857,0.01379998,0.00021332
2013-03-01,0.00346635,-0.00371418,-0.00700529,0.00068432,0.00021332
2013-03-04,-0.01141251,-0.01008578,-0.00436631,0.01076654,0.00064010
2013-03-05,0.01485311,-0.00847284,0.01091461,-0.00306533,0.00021332
2013-03-06,0.00718349,0.00501908,0.01264698,-0.01162217,0.00021332
2013-03-07,0.00556929,0.00368874,-0.00454758,-0.00421252,0.00021332
2013-03-08,0.01052899,-0.00217191,0.00123775,-0.00645708,0.00021332
2013-03-11,-0.00132215,0.00384013,0.00297392,-0.00931529,0.00064010
2013-03-12,-0.00435589,0.00485466,-0.00980761,0.00133294,0.00021332
2013-03-13,-0.00882090,-0.00795491,0.00527943,0.00729046,0.00021332
2013-03-14,0.00497529,-0.01512282,0.01434082,-0.00049042,0.00021332
2013-03-15,-0.00492698,0.00219209,-0.00912879,0.00249846,0.00021332
2013-03-18,-0.00571852,0.00306134,-0.00817387,0.00776614,0.00064010
2013-03-19,-0.01390260,0.00569831,-0.01680817,0.00958922,0.00021332
2013-03-20,-0.01225436,0.00569747,-0.03569842,0.01603116,0.00021332
2013-03-21,-0.00940411,0.00281837,-0.00753670,0.00865380,0.00021120
2013-03-22,-0.00447576,-0.00060295,-0.00966689,0.00542537,0.00021120
2013-03-25,-0.00209192,0.00007965,-0.00985198,0.00608111,0.00063375
2013-03-26,-0.00047857,0.00622357,-0.00688806,0.00760033,0.00021120
2013-03-28,0.00895693,-0.00783732,0.02598167,-0.00711886,0.00042668
2013-04-01,0.00548938,0.01054531,0.02171938,-0.03324556,0.00086202
2013-04-02,0.01232975,-0.00966799,0.03495317,-0.00999220,0.00021543
2013-04-03,-0.00956906,-0.00214320,0.00941955,-0.00283333,0.00021543
2013-04-04,-0.01720135,0.00778416,-0.01718163,0.00424834,0.00020697
2013-04-05,0.00067935,-0.00665468,0.00141957,0.00423177,0.00020697
2013-04-08,0.00112112,-0.01173294,0.01179336,0.00252276,0.00062105
2013-04-09,-0.01117974,0.00437870,-0.00227009,0.00418042,0.00020697
2013-04-10,0.00610837,-0.02564515,0.03013346,-0.00407567,0.00020697
2013-04-11,0.00260868,-0.00237823,0.00741372,0.00322314,0.00020697
2013-04-12,-0.00704035,-0.00940752,0.01696098,-0.00105146,0.00020591
2013-04-15,0.00102767,-0.00069049,0.00457186,-0.00025455,0.00061787
2013-04-16,0.01300513,-0.01864140,0.01468501,-0.00213643,0.00020591
2013-04-17,-0.00111773,0.00927530,-0.00547534,-0.00499050,0.00020591
2013-04-18,0.00950215,-0.01039804,0.01235617,-0.00372923,0.00020379
2013-04-22,0.00343579,-0.03124439,0.05597166,-0.01758125,0.00081543
2013-04-23,0.00053603,0.00800375,-0.00939170,-0.00107351,0.00020379
2013-04-25,0.00676333,-0.00733576,0.00193386,0.00695479,0.00040551
2013-04-26,-0.00682217,0.01090991,-0.01663032,0.00596476,0.00020168
2013-04-29,0.00716349,-0.01794993,0.02091999,0.00198172,0.00060515
2013-04-30,0.00700880,0.00649379,-0.01831782,0.01175115,0.00020168
2013-05-02,0.00933515,-0.02101504,0.02403325,0.00498732,0.00040127
2013-05-03,-0.00372903,-0.01051576,0.01882331,-0.00768961,0.00019956
2013-05-06,0.00691944,-0.00422933,0.00800360,-0.00259799,0.00059879
2013-05-07,0.00748316,0.00217568,-0.00117268,-0.00049688,0.00019956
2013-05-08,0.00063085,0.00913718,-0.00004714,0.00556880,0.00019956
2013-05-09,-0.00372684,0.00553689,-0.00931959,0.00325713,0.00019743
2013-05-10,0.00633839,-0.00621861,-0.00277433,0.00431860,0.00019743
2013-05-11,0.00274679,0.00018541,0.00121973,-0.00209217,0.00019743
2013-05-13,-0.01897376,0.01317421,-0.01415761,0.00530407,0.00039491
2013-05-14,0.00293983,-0.01353680,0.01589041,0.00611662,0.00019743
2013-05-15,0.01585616,-0.00742558,0.01229991,0.00440065,0.00019743
2013-05-16,0.00259379,-0.00175412,-0.00044229,0.00097419,0.00019319
2013-05-17,0.00327127,0.00106915,-0.00450137,-0.01290514,0.00019319
2013-05-20,-0.00584327,0.00606673,-0.00393391,-0.00104316,0.00057969
2013-05-21,-0.00732245,0.00144257,-0.00768062,0.00710449,0.00019319
2013-05-22,-0.00442769,0.00019135,-0.00876836,0.01457510,0.00019319
2013-05-23,-0.01893690,0.00621254,-0.01693067,0.01196737,0.00019213
2013-05-24,-0.00008400,-0.00214137,0.00958179,-0.00398428,0.00019213
2013-05-27,0.01446327,-0.01715190,0.01274670,-0.00276560,0.00057650
2013-05-28,0.00592082,0.00072365,-0.00638073,0.00440632,0.00019213
2013-05-29,-0.00107365,0.00389233,-0.01342396,0.00839418,0.00019213
2013-05-30,0.00181552,-0.00056430,-0.01082830,0.00946725,0.00019319
2013-05-31,-0.01517509,0.00278359,-0.00670993,0.01926865,0.00019319
2013-06-03,-0.00673858,-0.00630805,0.01492895,0.00275125,0.00057969
2013-06-04,0.00117192,0.00236818,-0.00333473,0.00329420,0.00019319
2013-06-05,0.00194939,-0.01326157,0.01671896,0.00055640,0.00019319
2013-06-06,-0.00261430,0.00335996,0.00410046,0.00504245,0.00019425
2013-06-07,-0.00553374,0.00420672,0.00016561,0.00544182,0.00019425
2013-06-10,-0.00388661,0.00513898,-0.02350163,0.01597446,0.00058287
2013-06-11,-0.01548296,0.00618575,-0.02020542,0.01483000,0.00019425
2013-06-12,-0.00547841,-0.00850078,0.01238885,0.00384769,0.00019425
2013-06-13,-0.01257522,-0.00256456,-0.00368372,0.00720037,0.00019743
2013-06-14,0.01406508,-0.00748598,0.00080716,-0.00169739,0.00019743
2013-06-17,0.00519106,-0.01087690,0.00869630,0.00729343,0.00059242
2013-06-18,-0.00257745,-0.02601445,0.04410123,-0.00349203,0.00019743
2013-06-19,0.00194307,-0.00391702,0.00979559,-0.00565901,0.00019743
2013-06-20,-0.02218966,0.00549810,-0.00565858,0.01569062,0.00019637
2013-06-21,-0.00069122,0.00469398,-0.01847240,0.01069768,0.00019637
2013-06-24,-0.01955205,0.00541923,-0.01987619,0.01232641,0.00058924
2013-06-25,-0.00009822,-0.00837904,0.00435411,0.01104601,0.00019637
2013-06-26,-0.00116826,0.00011718,-0.00942422,0.00753399,0.00019637
2013-06-27,0.01359612,-0.01070581,-0.00647926,0.00919845,0.00019743
2013-06-28,0.02273501,-0.00760556,-0.00254251,-0.01193287,0.00019743
2013-07-01,0.01342995,-0.02722277,0.05508918,-0.02152640,0.00059242
2013-07-02,-0.00406718,0.00725707,-0.00309828,0.00162761,0.00019743
2013-07-03,-0.01520459,0.00108402,-0.00402125,0.00861586,0.00019743
2013-07-04,0.01018586,-0.00763139,0.00009773,0.00824200,0.00019850
2013-07-05,0.00262296,-0.00418629,0.00182154,-0.00589454,0.00019850
2013-07-08,-0.00775935,-0.01190805,0.02595670,0.00139418,0.00059561
2013-07-09,0.00511684,0.00696825,-0.00750821,0.00383593,0.00019850
2013-07-10,-0.00585662,0.01323295,-0.00537517,-0.00750108,0.00019850
2013-07-11,0.01349946,-0.00456802,0.00051235,-0.00001414,0.00019743
2013-07-12,0.00826686,-0.00743662,-0.00428856,0.01344465,0.00019743
2013-07-15,0.00788728,-0.00671665,0.00845109,-0.00272962,0.00059242
2013-07-16,-0.00214249,-0.00601261,-0.00922409,0.01326513,0.00019743
2013-07-17,0.00490421,-0.00179831,-0.01576061,0.01609628,0.00019743
2013-07-18,0.00862052,-0.00743154,0.01092664,0.00364491,0.00019743
2013-07-19,0.00275799,-0.00046752,-0.01158481,0.00766573,0.00019743
2013-07-22,-0.00550674,0.00961163,-0.01110802,0.00031447,0.00059242
2013-07-23,0.00387540,0.00398848,-0.01001975,0.00434010,0.00019743
2013-07-24,-0.00580611,-0.01072561,0.00019896,0.01424386,0.00019743
2013-07-25,-0.01106796,0.00397635,-0.00112442,0.00840774,0.00028584
2013-07-26,-0.00439988,0.00038441,-0.01018214,0.00614738,0.00028584
2013-07-29,-0.00962130,0.00580732,-0.01473047,0.01229614,0.00085776
2013-07-30,-0.01950849,0.00896070,-0.01431297,0.01363204,0.00028584
2013-07-31,0.00344100,-0.04304478,0.03095592,0.01118683,0.00028584
2013-08-01,-0.01078724,0.01358536,-0.02754833,0.01125167,0.00029210
2013-08-02,-0.00764075,0.00486604,-0.02438206,0.01713960,0.00029210
2013-08-05,-0.00197146,0.00470644,-0.00946671,-0.00882044,0.00087657
2013-08-06,-0.01967063,-0.00407925,0.00060525,0.00896601,0.00029210
2013-08-07,0.00181910,-0.00372768,0.02194984,-0.02605963,0.00029210
2013-08-08,0.00908140,0.01295454,-0.00254863,-0.02800579,0.00028375
2013-08-12,0.01190827,0.00422967,0.00598772,-0.02322227,0.00113549
2013-08-13,0.01155128,-0.00441412,0.01677291,-0.00496630,0.00028375
2013-08-14,0.01033351,-0.00781689,0.00163323,-0.00494059,0.00028375
2013-08-16,-0.03302825,0.02882545,-0.03520292,0.01500322,0.00058011
2013-08-19,-0.01558548,-0.00443278,0.01129580,-0.00743111,0.00088910
2013-08-20,-0.00381740,-0.00126171,0.01220594,-0.02197445,0.00029628
2013-08-21,-0.02250897,0.02312685,-0.01509361,0.00736229,0.00029628
2013-08-22,0.02340056,-0.03210145,0.01613917,-0.01891758,0.00028689
2013-08-23,0.01009142,0.00933011,-0.01754660,-0.00229216,0.00028689
2013-08-26,0.00512412,0.00102318,0.00211235,-0.01102693,0.00086090
2013-08-27,-0.02337125,0.01004911,-0.00928258,0.01526166,0.00028689
2013-08-28,-0.00079464,-0.00911440,-0.00975586,-0.01480876,0.00028689
2013-08-29,0.02007106,-0.03679413,0.02078374,0.00110071,0.00031086
2013-08-30,0.00929687,-0.00516175,0.00099219,0.01682111,0.00031086
2013-09-02,0.01236810,-0.01065428,0.00546807,-0.01179694,0.00093286
2013-09-03,-0.02701455,0.02166874,-0.00463715,0.00361969,0.00031086
2013-09-04,0.01731797,-0.01071279,0.00235092,-0.00955427,0.00031086
2013-09-05,0.00794246,0.00184998,0.01129400,-0.02423489,0.00029210
2013-09-06,0.01226564,-0.00527635,0.00663581,-0.02161673,0.00029210
2013-09-10,0.02757550,-0.01564154,0.01197005,-0.00918553,0.00116893
2013-09-11,0.00354946,0.00404039,0.00451276,-0.02069117,0.00029210
2013-09-12,-0.00903435,0.01252264,0.00488530,0.00534742,0.00027748
2013-09-13,0.00075335,0.00297389,0.00443038,-0.02548440,0.00027748
2013-09-16,-0.00665225,0.00111088,-0.00407024,0.01286409,0.00083266
2013-09-17,0.00266750,-0.00419579,-0.00529768,0.00619016,0.00027748
2013-09-18,0.00540583,-0.00691639,0.00148080,0.01056702,0.00027748
2013-09-19,0.02414976,-0.01704941,0.00804501,-0.01392895,0.00027224
2013-09-20,-0.00816923,0.00008749,-0.01599881,0.00390311,0.00027224
2013-09-23,-0.01177965,0.00714982,0.00059018,0.01124916,0.00081695
2013-09-24,0.00071476,0.00011375,0.00427183,-0.00115643,0.00027224
2013-09-25,0.00235183,-0.00105009,0.00452046,-0.00770014,0.00027224
2013-09-26,-0.00078647,0.00828472,0.00663809,-0.01069035,0.00025337
2013-09-27,-0.00297321,0.00366325,0.00021863,0.01215384,0.00025337
2013-09-30,-0.01035024,0.00846560,-0.00752723,0.01188573,0.00076030
2013-10-01,0.00081331,0.00461000,-0.00095976,0.00029607,0.00025337
2013-10-03,0.01768311,-0.01531827,0.00307010,-0.00500808,0.00050365
2013-10-04,0.00045481,0.00197769,-0.00721495,0.00583018,0.00025022
2013-10-07,0.00434833,0.00153385,0.00131210,-0.00410657,0.00075084
2013-10-08,0.00228614,0.00343935,0.00372092,-0.00825802,0.00025022
2013-10-09,0.00929045,-0.00433051,0.01028082,-0.00805614,0.00025022
2013-10-10,0.00428610,0.00535594,0.00039236,-0.01250892,0.00023232
2013-10-11,0.00427334,0.00270656,0.00116550,0.00553041,0.00023232
2013-10-14,0.00354982,0.00150949,0.00123266,0.00365055,0.00069713
2013-10-15,-0.00075649,-0.00887976,-0.00700433,-0.00033109,0.00023232
2013-10-17,-0.00578290,0.00171534,0.00030020,-0.01147668,0.00046576
2013-10-18,0.01436324,-0.01544384,0.00166898,-0.00705427,0.00023338
2013-10-21,0.00371846,0.00276630,0.00367673,-0.01458552,0.00070030
2013-10-22,0.00356969,0.00852292,0.01380458,-0.01643218,0.00023338
2013-10-23,-0.00515486,0.00616713,0.00067588,-0.00971374,0.00023338
2013-10-24,-0.00509596,0.00683548,-0.00837572,0.00744202,0.00023022
2013-10-25,-0.00468533,0.00150457,-0.00352138,0.01006187,0.00023022
2013-10-28,-0.00749794,0.00154453,-0.00435917,0.01518332,0.00069080
2013-10-29,0.01063671,-0.00925184,-0.00532033,-0.01174760,0.00023022
2013-10-30,0.00488121,0.00321663,-0.00278458,0.00232185,0.00023022
2013-10-31,0.00728074,-0.00678282,0.00232779,0.00138441,0.00022600
2013-11-01,0.00006233,0.00665295,0.01349351,-0.01707334,0.00022600
2013-11-03,0.00526228,0.01013759,0.00672266,-0.00359833,0.00045205
2013-11-05,-0.00806288,0.01179025,0.01528297,-0.00985294,0.00045205
2013-11-06,0.00036151,0.00754516,0.00042153,0.00174775,0.00022600
2013-11-07,-0.00398322,-0.00470258,-0.00419417,0.01637924,0.00022494
2013-11-08,-0.00287813,-0.00205758,0.00540039,-0.00240499,0.00022494
2013-11-11,-0.01077207,0.00620510,-0.00661291,0.01097493,0.00067497
2013-11-12,-0.00833710,0.00233632,-0.00543386,0.01139577,0.00022494
2013-11-13,-0.00454721,-0.00198195,-0.00738481,0.00594390,0.00022494
2013-11-14,0.00828753,0.00204606,-0.00400066,-0.00845358,0.00023548
2013-11-18,0.01428318,-0.00996250,0.00386143,-0.00677349,0.00094227
2013-11-19,-0.00030180,0.00340323,0.00574591,-0.01324745,0.00023548
2013-11-20,-0.00708910,0.01360899,0.00459010,0.00174855,0.00023548
2013-11-21,-0.01630184,0.00970313,-0.00479471,0.00670896,0.00023443
2013-11-22,0.00123624,0.00009164,-0.00024779,0.00248694,0.00023443
2013-11-25,0.01291888,-0.00286661,0.00482225,-0.00895239,0.00070346
2013-11-26,-0.00621698,0.00141806,-0.01137685,0.00051339,0.00023443
2013-11-27,0.00012321,-0.00065351,-0.00096227,0.00203175,0.00023443
2013-11-28,0.00645479,0.00215423,0.00078021,-0.01118526,0.00023443
2013-11-29,0.01068891,-0.00284217,0.00435022,-0.01640010,0.00023443
2013-12-02,0.00483846,0.00724709,0.01027296,-0.01154561,0.00070346
2013-12-03,-0.00056247,0.00197683,0.00292344,-0.00947738,0.00023443
2013-12-04,-0.00545424,0.00464327,0.00410321,-0.00555741,0.00023443
2013-12-05,0.00207687,-0.00709540,0.00471743,-0.00813001,0.00022705
2013-12-06,0.00542249,-0.00156646,0.00240639,-0.00394811,0.00022705
2013-12-09,0.00967349,-0.00983099,0.00054007,0.01151744,0.00068131
2013-12-10,-0.00043782,-0.00753228,-0.01295204,0.01457132,0.00022705
2013-12-11,-0.00452910,0.00433128,0.00031560,0.00479318,0.00022705
2013-12-12,-0.00900972,0.00708593,-0.00356232,0.00121635,0.00023022
2013-12-13,-0.00924874,0.00121696,-0.00817740,0.01361004,0.00023022
2013-12-16,-0.00082857,0.00532380,-0.00877171,0.01660108,0.00069080
2013-12-17,0.00236596,0.00015257,-0.00497372,0.00199471,0.00023022
2013-12-18,0.01134702,-0.00231402,0.00116569,-0.00051474,0.00023022
2013-12-19,-0.00102229,0.00181994,0.00207594,0.00344311,0.00022705
2013-12-20,0.01507892,-0.00824644,0.00350057,-0.00454373,0.00022705
2013-12-23,0.00303464,0.00648030,0.01464005,-0.01833655,0.00068131
2013-12-24,-0.00022278,0.00892250,0.00863279,-0.00456510,0.00022705
2013-12-26,0.00334174,0.01015344,0.01275687,-0.01017299,0.00045521
2013-12-27,0.00519086,0.00255225,-0.00153247,0.00589765,0.00022811
2013-12-30,-0.00244927,0.00472811,0.00367487,0.00079607,0.00068448
2013-12-31,0.00376804,-0.00197650,0.00710889,-0.00143236,0.00022811
2014-01-01,0.00118129,0.01512399,0.01311052,-0.01119348,0.00022811
2014-01-02,-0.01400747,-0.00145394,-0.00575476,0.01084846,0.00022916
2014-01-03,0.00120389,0.00981277,-0.00493285,0.00712992,0.00022916
2014-01-06,0.00168172,0.00787884,0.00551670,-0.00057380,0.00068764
2014-01-07,-0.00688634,0.01539505,0.00161777,-0.00121875,0.00022916
2014-01-08,0.00289700,0.00437087,0.00176646,0.00500565,0.00022916
2014-01-09,-0.00117559,-0.01013119,-0.00751784,-0.00110882,0.00022916
2014-01-10,0.00054111,-0.00759793,-0.00226581,0.00913728,0.00022916
2014-01-13,0.00834673,-0.00856815,-0.00568850,0.00309344,0.00068764
2014-01-14,-0.00447758,0.00358776,-0.00254503,0.00415849,0.00022916
2014-01-15,0.00630669,-0.00448271,0.00060754,-0.00631907,0.00022916
2014-01-16,-0.00308973,-0.00350130,-0.00462332,-0.00123972,0.00022916
2014-01-17,-0.01054947,-0.00875880,-0.00991216,-0.00705693,0.00022916
2014-01-20,0.00929639,0.00248174,-0.00995166,0.01022640,0.00068764
2014-01-21,-0.00151922,0.00548450,0.00027380,-0.00362633,0.00022916
2014-01-22,0.00403987,-0.00327237,0.00434168,-0.00117105,0.00022916
2014-01-23,-0.00242962,0.00350028,-0.00351762,-0.00039010,0.00022811
2014-01-24,-0.01129488,-0.00531213,-0.00840490,0.00763236,0.00022811
2014-01-27,-0.02090404,0.00134961,-0.01895313,0.01858780,0.00068448
2014-01-28,-0.00276571,0.00104155,-0.00254568,-0.00380972,0.00022811
2014-01-29,0.00292059,-0.00032308,-0.00395927,-0.00600132,0.00022811
2014-01-30,-0.00735437,-0.00253794,-0.01616931,0.00734230,0.00023338
2014-01-31,0.01032560,0.00020208,0.00313865,-0.00040342,0.00023338
2014-02-03,-0.01259952,0.00940704,-0.00526823,0.00478839,0.00070030
2014-02-04,-0.00198534,0.00652936,0.00136154,0.00024075,0.00023338
2014-02-05,0.00457422,0.00573302,0.00351652,-0.00339636,0.00023338
2014-02-06,0.00227978,-0.00323327,0.00093119,0.00199665,0.00023548
2014-02-07,0.00362692,-0.00436495,0.00790802,-0.00699955,0.00023548
2014-02-10,-0.00290391,0.00192127,-0.00239234,0.00009624,0.00070662
2014-02-11,0.00051989,0.00112346,-0.00212175,0.00503420,0.00023548
2014-02-12,0.00182096,-0.00105543,-0.00189698,0.00487802,0.00023548
2014-02-13,-0.00945744,0.00389134,-0.01297994,0.00690279,0.00023865
2014-02-14,0.00606148,-0.00787583,0.00345929,0.00673681,0.00023865
2014-02-17,-0.00130218,0.00115288,-0.00853033,0.00812421,0.00071611
2014-02-18,0.00353397,0.00440381,-0.00269159,-0.00563552,0.00023865
2014-02-19,0.00507219,0.00515323,-0.00287118,0.00767991,0.00023865
2014-02-20,-0.00490863,0.00428679,-0.00471888,-0.00721262,0.00023865
2014-02-21,0.00790642,-0.00191789,0.00001758,0.00560973,0.00023865
2014-02-24,-0.00040718,0.00323298,0.00162597,0.00387378,0.00071611
2014-02-25,0.00281464,0.00118634,-0.00060230,0.00653321,0.00023865
2014-02-26,0.00348946,0.00083719,0.00604063,0.00282403,0.00023865
2014-02-28,0.00801471,-0.00310745,-0.00318697,0.00423906,0.00047840
2014-03-03,-0.00740289,0.00634504,-0.00658667,0.00228314,0.00071927
2014-03-04,0.00943327,-0.00160707,-0.00078416,-0.00473396,0.00023970
2014-03-05,0.00460215,0.00258320,0.00276109,-0.00311702,0.00023970
2014-03-06,0.01104741,-0.00296971,0.01466672,-0.01905502,0.00024075
2014-03-07,0.00698499,-0.02125916,0.01240726,-0.02958269,0.00024075
2014-03-10,-0.00266916,0.00449055,0.00674804,-0.01421363,0.00072243
2014-03-11,-0.00418390,0.00800229,0.00442587,-0.00243590,0.00024075
2014-03-12,0.00018500,0.00193571,-0.00320601,0.00210219,0.00024075
2014-03-13,-0.00558182,-0.00106738,-0.00235724,-0.00177287,0.00024285
2014-03-14,0.00055947,-0.00470650,-0.00043866,0.00172039,0.00024285
2014-03-18,0.00467877,0.00242344,0.00688074,0.00279069,0.00097177
2014-03-19,-0.00106170,0.00296265,-0.00118280,-0.00328569,0.00024285
2014-03-20,-0.00125940,0.00404215,-0.00508097,0.01643901,0.00024075
2014-03-21,0.00199332,0.01126124,0.00703596,-0.00396892,0.00024075
2014-03-22,0.00214286,0.00394191,-0.00035715,-0.00122897,0.00024075
2014-03-24,0.00609457,-0.01095649,0.00459929,-0.00136135,0.00048156
2014-03-25,0.00126954,0.00388428,0.00005551,-0.00539815,0.00024075
2014-03-26,0.00171969,-0.00892243,-0.00672551,-0.01036749,0.00024075
2014-03-27,0.00677747,0.00010658,0.00695711,-0.00288072,0.00023232
2014-03-28,0.01082222,-0.00238067,0.00295541,-0.01302533,0.00023232
2014-03-31,0.00522178,-0.00195303,0.01216551,-0.00917107,0.00069713
2014-04-01,0.00427012,0.00145587,0.01047178,-0.00472397,0.00023232
2014-04-02,0.00700542,0.00641364,0.00976127,-0.01423926,0.00023232
2014-04-03,-0.00265795,0.00289852,-0.00233218,-0.00031354,0.00023443
2014-04-04,-0.00276663,0.00876067,0.02120540,-0.01632643,0.00023443
2014-04-07,0.00103098,0.00204773,0.02079427,0.00119824,0.00070346
2014-04-09,0.00954365,0.00271652,0.01836271,-0.01666655,0.00046892
2014-04-10,0.00300826,-0.00085691,0.01533634,-0.01422809,0.00023338
2014-04-11,0.00006315,0.01015595,0.01508490,-0.00816200,0.00023338
2014-04-15,-0.00271559,0.00272818,-0.00679836,0.01084437,0.00093384
2014-04-16,-0.01072422,0.00059295,-0.02013519,0.01437083,0.00023338
2014-04-17,0.01355434,-0.00171463,0.00406665,-0.00098347,0.00023232
2014-04-21,0.00335403,0.00918086,0.00509889,-0.00357995,0.00092962
2014-04-22,-0.00065520,0.00067522,0.00456433,-0.00092027,0.00023232
2014-04-23,0.00058129,0.00066521,0.00148656,0.00678833,0.00023232
2014-04-25,-0.00800694,0.00723323,-0.00672319,0.00727035,0.00046470
2014-04-28,-0.00180495,0.00330151,-0.00169460,-0.00681560,0.00069713
2014-04-29,-0.00500133,0.00689662,0.00241696,-0.00294109,0.00023232
2014-04-30,-0.00737942,-0.00743845,-0.01519304,0.01650411,0.00023232
2014-05-02,0.00058187,0.00901437,-0.00412343,0.01039222,0.00046470
2014-05-05,-0.00103008,-0.00837927,-0.00383186,0.00286085,0.00069713
2014-05-06,0.00132045,-0.00026486,-0.00221413,-0.00017520,0.00023232
2014-05-07,-0.00692948,0.00336465,-0.00493731,-0.00347726,0.00023232
2014-05-08,0.00024612,0.00174512,0.00002354,0.00699622,0.00023127
2014-05-09,0.01737631,-0.01850816,0.01782286,-0.00568352,0.00023127
2014-05-12,0.01531862,-0.01620130,0.00592109,-0.00545358,0.00069397
2014-05-13,0.01798385,-0.01011443,0.01490744,-0.00596953,0.00023127
2014-05-14,0.00408628,0.00746104,0.01260970,-0.00706744,0.00023127
2014-05-15,-0.00115880,-0.01014808,-0.00601979,-0.00490311,0.00023232
2014-05-16,0.00932517,-0.00740563,-0.00164068,-0.01200805,0.00023232
2014-05-19,0.01844773,0.02179142,0.03996995,-0.04729492,0.00069713
2014-05-20,0.00836498,0.03128051,0.02196835,-0.00720230,0.00023232
2014-05-21,0.00358814,0.01841515,0.01713540,-0.00755402,0.00023232
2014-05-22,0.01041454,0.01455904,0.00695087,-0.02683273,0.00022705
2014-05-23,0.01437264,0.00088999,0.01081648,-0.00924925,0.00022705
2014-05-26,-0.00888061,-0.01529193,-0.01801177,0.02237790,0.00068131
2014-05-27,-0.00823426,0.00425328,-0.01390066,0.01109075,0.00022705
2014-05-28,0.00202487,0.01685367,0.00941107,0.00687342,0.00022705
2014-05-29,-0.01061697,0.00540751,-0.00135213,-0.00176336,0.00022705
2014-05-30,0.00819876,-0.00263918,-0.00191906,-0.00438929,0.00022705
2014-06-02,0.01354793,0.00194733,0.01011799,0.01596027,0.00068131
2014-06-03,0.01155238,-0.00065730,0.00638504,0.00479704,0.00022705
2014-06-04,0.00150250,0.01997145,0.01378331,0.01075830,0.00022705
2014-06-05,0.01481687,-0.00484296,0.01707311,0.00481890,0.00022389
2014-06-06,0.01776046,-0.00203596,0.01726330,-0.01032830,0.00022389
2014-06-09,0.00975799,0.01405184,0.01691028,-0.00020019,0.00067181
2014-06-10,0.00050037,0.00676445,-0.00347039,-0.01030379,0.00022389
2014-06-11,-0.00794853,0.01002896,-0.00587364,-0.00585497,0.00022389
2014-06-12,0.00200685,0.00398792,-0.00832214,-0.00504131,0.00022494
2014-06-13,-0.01893882,-0.00530423,-0.02316243,-0.00630938,0.00022494
2014-06-16,0.00262028,0.00258771,-0.00631648,-0.00163845,0.00067497
2014-06-17,0.01278493,0.00447758,0.00892875,0.00941305,0.00022494
2014-06-18,-0.00890344,0.00923460,-0.00648700,0.00026028,0.00022494
2014-06-19,-0.00466670,0.00596058,0.00021723,-0.00326090,0.00022494
2014-06-20,-0.00452327,0.00056095,-0.01087474,-0.00419887,0.00022494
2014-06-23,0.00132669,-0.00098853,0.01219092,0.01405192,0.00067497
2014-06-24,0.01207584,0.00037969,0.01421281,0.00585465,0.00022494
2014-06-25,0.00076219,0.00398069,0.00469823,0.00051147,0.00022494
2014-06-26,-0.00818046,0.01412011,-0.00430304,0.00034560,0.00022494
2014-06-27,0.00528995,0.00504623,-0.00095528,0.00040434,0.00022494
2014-06-30,0.01457345,0.00528985,0.00099012,0.00707874,0.00067497
2014-07-01,0.00442205,0.00902025,0.00205647,0.01061122,0.00022494
2014-07-02,0.01237575,-0.00010746,-0.00260857,0.00729691,0.00022494
2014-07-03,-0.00121113,0.00328359,-0.00717700,0.00111101,0.00022389
2014-07-04,0.00472877,0.00077354,-0.00544007,0.00034362,0.00022389
2014-07-07,0.00564016,0.00223757,-0.00149534,-0.00123150,0.00067181
2014-07-08,-0.03072423,-0.00421363,-0.01945942,-0.02337440,0.00022389
2014-07-09,-0.00752611,-0.01574468,-0.01493458,-0.00865331,0.00022389
2014-07-10,-0.00008507,0.00625757,0.00956392,0.00242214,0.00022494
2014-07-11,-0.01599018,-0.00664690,-0.01676404,-0.01863908,0.00022494
2014-07-14,-0.00089170,-0.00700391,-0.00780545,0.00319094,0.00067497
2014-07-15,0.01053742,0.00976598,-0.00148490,0.01542779,0.00022494
2014-07-16,0.01235811,0.00391602,0.00691396,0.00928655,0.00022494
2014-07-17,0.00633243,0.00806896,0.00047210,0.01339205,0.00022600
2014-07-18,-0.00191325,0.00699624,-0.00249186,0.00055160,0.00022600
2014-07-21,0.00195667,0.00830671,-0.00050377,-0.00077397,0.00067815
2014-07-22,0.00946370,-0.01074478,-0.00633519,-0.00778649,0.00022600
2014-07-23,0.00092080,-0.00602503,-0.00373962,-0.00803128,0.00022600
2014-07-24,0.00208236,-0.00059795,-0.00640123,0.00029575,0.00022600
2014-07-25,-0.00856181,-0.00387103,-0.01323236,-0.01266361,0.00022600
2014-07-28,-0.00462430,0.00117142,-0.00846986,-0.00182241,0.00067815
2014-07-30,0.00389963,-0.00285921,-0.00260193,0.00169780,0.00045205
2014-07-31,-0.00389659,0.00551545,0.00362046,0.00448327,0.00022705
2014-08-01,-0.01262352,0.00817911,-0.00761206,-0.00047724,0.00022705
2014-08-04,0.01127511,-0.00225532,0.00429329,0.00990098,0.00068131
2014-08-05,0.00832170,0.00473265,0.00904754,0.01065469,0.00022705
2014-08-06,-0.00662259,0.01033925,-0.00246045,0.00218972,0.00022705
2014-08-07,-0.00340169,-0.00293691,-0.00228926,0.00073341,0.00022705
2014-08-08,-0.01326303,-0.00191031,-0.01243773,-0.00966507,0.00022705
2014-08-11,0.00462858,0.00463830,-0.00346704,0.00912175,0.00068131
2014-08-12,0.00755353,-0.00110676,-0.00042262,0.00562068,0.00022705
2014-08-13,-0.00197975,-0.01998556,-0.02480864,-0.00935483,0.00022705
2014-08-14,0.00842997,0.00134145,-0.00324593,0.01136724,0.00022705
2014-08-18,0.01250883,0.00934408,0.01061566,0.01169504,0.00090851
2014-08-19,0.00662562,0.00571658,0.00309628,0.00824066,0.00022705
2014-08-20,0.00043038,0.00998689,0.00164102,0.00340440,0.00022705
2014-08-21,0.00196938,0.00537872,-0.00380419,-0.00021219,0.00022705
2014-08-22,0.00002357,0.00390348,-0.00615385,0.00187473,0.00022705
2014-08-25,-0.00281971,0.00444729,-0.00433542,-0.00546385,0.00068131
2014-08-26,-0.00188156,-0.00716945,-0.00723162,0.00263755,0.00022705
2014-08-27,0.00474089,0.00516239,-0.00055114,0.00103503,0.00022705
2014-08-28,0.00166372,-0.00226510,-0.00350264,-0.00009433,0.00022600
2014-09-01,0.01191316,-0.00373254,0.01185391,0.00566697,0.00090430
2014-09-02,0.00699386,0.00334556,0.00433320,0.00623539,0.00022600
2014-09-03,0.00632016,-0.00196018,0.00216132,0.00892721,0.00022600
2014-09-04,-0.00362795,0.00524361,-0.01973085,0.00476896,0.00022600
2014-09-05,0.00392091,0.00871311,-0.00537708,0.00696649,0.00022600
2014-09-08,0.01426032,0.00993119,0.00570367,0.00641356,0.00067815
2014-09-09,0.00072560,0.00520203,0.00736137,0.00348340,0.00022600
2014-09-10,-0.00564812,0.01288949,0.01015169,0.00685421,0.00022600
2014-09-11,0.00044604,0.01238084,0.01379046,0.00743988,0.00022600
2014-09-12,0.00178624,0.00668416,-0.00397220,-0.00157187,0.00022600
2014-09-15,-0.00470749,0.01032046,0.00663003,0.00137726,0.00067815
2014-09-16,-0.02147505,-0.01638757,-0.01660186,-0.02093416,0.00022600
2014-09-17,0.00481659,-0.00281840,-0.00165532,0.00154003,0.00022600
2014-09-18,0.01821371,0.00851332,0.01138093,0.01049642,0.00022600
2014-09-19,-0.00030128,0.01008221,-0.01090157,0.00078591,0.00022600
2014-09-22,0.00249509,0.00667563,0.00763619,0.00226788,0.00067815
2014-09-23,-0.01795029,-0.00353392,-0.00372148,-0.00610595,0.00022600
2014-09-24,-0.00316181,-0.01385776,-0.01666992,-0.00940656,0.00022600
2014-09-25,-0.01313453,-0.01308098,-0.02545464,-0.00242121,0.00022389
2014-09-26,0.00726608,-0.00442875,0.01294196,0.00696676,0.00022389
2014-09-29,0.00455202,0.01102670,0.00534318,0.01492993,0.00067181
2014-09-30,0.00136044,0.00230880,-0.00815271,0.00594861,0.00022389
2014-10-01,-0.00301141,0.00229096,-0.00661424,0.00114795,0.00022389
2014-10-07,-0.01222592,-0.00027459,0.00193328,-0.00212458,0.00134407
2014-10-08,-0.00320737,-0.00777610,0.00034436,0.00082967,0.00022389
2014-10-09,0.01243641,0.00177435,0.01442246,0.00085025,0.00022283
2014-10-10,-0.01258494,0.00075827,-0.00787796,-0.00404952,0.00022283
2014-10-13,0.00074019,0.00130347,0.00590605,0.00299610,0.00066863
2014-10-14,-0.00459938,0.00331161,-0.01135042,0.00054705,0.00022283
2014-10-16,-0.01950026,-0.00471964,-0.01056728,-0.01233506,0.00044571
2014-10-17,-0.00453414,-0.00345708,0.00017644,0.00303830,0.00022283
2014-10-20,0.01134387,-0.00805863,-0.00168527,0.00931145,0.00066863
2014-10-21,0.00508617,-0.00340317,0.00271337,0.00243979,0.00022283
2014-10-22,0.00985924,0.00214567,0.00108574,0.00284448,0.00022283
2014-10-23,0.00490053,0.00930844,0.00731396,0.00217094,0.00022283
2014-10-27,-0.00701349,0.00448805,-0.00295418,0.00423904,0.00089056
2014-10-28,0.00269005,0.00259173,0.00323399,0.00619688,0.00022177
2014-10-29,0.00875258,-0.00394728,0.00167714,0.00031692,0.00022177
2014-10-30,0.00790246,-0.00541264,0.00489101,0.00144931,0.00022177
2014-10-31,0.01484728,-0.00719390,0.01209245,0.00160248,0.00022177
2014-11-03,0.00105452,0.01096033,0.01487311,0.00501886,0.00066547
2014-11-05,-0.00192637,0.01191889,0.00001183,0.00882677,0.00044360
2014-11-07,0.00154792,-0.00094719,-0.00899771,0.00593240,0.00044043
2014-11-10,0.00016421,0.00155637,0.00480760,0.00165462,0.00065596
2014-11-11,0.00235994,0.00014147,0.00258412,0.00689259,0.00021860
2014-11-12,0.00014796,0.00617913,0.00068954,0.00702888,0.00021860
2014-11-13,-0.00295021,0.00322220,-0.00731395,-0.00048280,0.00021860
2014-11-14,0.00527376,-0.00201360,0.01274923,0.00409628,0.00021860
2014-11-17,0.00522122,0.00142962,0.00023596,0.00480842,0.00065596
2014-11-18,0.00188147,0.00478506,-0.00074919,0.00317854,0.00021860
2014-11-19,-0.00714844,0.00252937,-0.00608413,0.00452553,0.00021860
2014-11-20,0.00007590,0.00002823,-0.00955197,0.00133075,0.00021755
2014-11-21,0.00195565,-0.00523731,-0.00351611,-0.00419278,0.00021755
2014-11-24,0.00210238,-0.00391252,-0.00338469,0.00121911,0.00065278
2014-11-25,-0.00991567,-0.01379645,-0.01367352,0.00068099,0.00021755
2014-11-26,0.00308152,0.00538798,0.00518001,-0.00324097,0.00021755
2014-11-27,0.00306096,0.00072066,-0.00197583,0.00463809,0.00021755
2014-11-28,0.00472465,-0.00419881,0.00237879,0.00289417,0.00021755
2014-12-01,-0.00362684,0.00321300,-0.01109255,0.00360096,0.00065278
2014-12-02,0.00040455,0.00515035,-0.00349066,-0.00256296,0.00021755
2014-12-03,0.00874499,0.00934075,0.00635024,0.01000947,0.00021755
2014-12-04,0.00245332,0.00347673,-0.00275091,0.00138770,0.00021649
2014-12-05,-0.00436270,0.00534461,0.00496490,-0.00115138,0.00021649
2014-12-08,-0.01090886,0.00552874,-0.00948200,-0.00580209,0.00064962
2014-12-09,-0.01434678,-0.00121108,-0.00800188,0.00018310,0.00021649
2014-12-10,0.00225998,0.01071335,0.00175356,0.00483536,0.00021649
2014-12-11,-0.00890845,0.00328304,-0.00545695,0.00251093,0.00021649
2014-12-12,-0.01128446,0.00041040,-0.00836421,0.00733895,0.00021649
2014-12-15,-0.00815889,0.00205031,-0.00408592,-0.00084623,0.00064962
2014-12-16,-0.01687086,-0.01588049,-0.01719052,-0.00004773,0.00021649
2014-12-17,-0.00624618,-0.00584930,-0.00647001,-0.00381915,0.00021649
2014-12-18,0.02032984,0.00920310,0.01957206,0.01327739,0.00021966
2014-12-19,0.00571534,-0.00326187,0.00219174,0.00440581,0.00021966
2014-12-22,0.00759485,-0.00179276,-0.00584519,-0.00392222,0.00065913
2014-12-23,-0.00397295,-0.00141837,-0.00788607,-0.00020766,0.00021966
2014-12-24,-0.00733622,0.01139969,0.00777024,0.00366479,0.00021966
2014-12-26,0.00283440,-0.00208551,-0.00011396,-0.00085769,0.00043937
2014-12-29,0.00813063,-0.00308896,0.00062916,0.00346655,0.00065913
2014-12-30,0.00129131,0.00549604,-0.00009245,0.00488376,0.00021966
2014-12-31,0.00643405,0.00466797,-0.00641684,0.00679539,0.00021966
2015-01-01,0.00384791,0.00949141,0.00989379,-0.00409335,0.00021860
2015-01-02,0.00752701,0.00360871,0.00707771,0.00232009,0.00021860
2015-01-05,-0.00196628,0.00642663,-0.00062108,0.00574058,0.00065596
2015-01-06,-0.02790060,0.00092539,-0.01150708,0.00255355,0.00021860
2015-01-07,-0.00004624,0.00016475,-0.00824144,0.01137633,0.00021860
2015-01-08,0.01563107,0.00874840,0.00625191,0.00654424,0.00022072
2015-01-09,0.00617685,-0.00416047,-0.00518572,-0.00352845,0.00022072
2015-01-12,0.00272004,0.01144565,-0.00511519,0.00627450,0.00066230
2015-01-13,-0.00065571,0.00378236,-0.00812202,0.00270249,0.00022072
2015-01-14,-0.00032898,0.00098910,-0.00732770,0.00131970,0.00022072
2015-01-15,0.01260956,-0.00410321,0.00872925,-0.00329868,0.00022072
2015-01-16,0.00473756,-0.00434233,-0.00081788,0.00119709,0.00022072
2015-01-19,0.00395960,0.00098297,0.00469634,0.00052833,0.00066230
2015-01-20,0.00716495,-0.00633892,0.00001678,-0.00609453,0.00022072
2015-01-21,0.00181742,-0.00279585,-0.00454724,-0.00011645,0.00022072
2015-01-22,0.00475994,0.00280129,-0.00067116,0.00882004,0.00021543
2015-01-23,0.00625253,-0.01240650,0.00265861,-0.00501150,0.00021543
2015-01-27,0.00231629,-0.00062831,0.00091219,0.00954480,0.00086202
2015-01-28,0.00168966,-0.00739714,-0.00560790,0.00679969,0.00021543
2015-01-29,0.00354743,-0.00484338,0.00968907,-0.00558285,0.00021649
2015-01-30,-0.00423045,-0.00081201,0.01760421,-0.00407181,0.00021649
2015-02-02,0.00015997,0.01108779,0.00328269,0.00699332,0.00064962
2015-02-03,0.00219551,-0.00270321,-0.00635463,-0.01042572,0.00021649
2015-02-04,-0.00233841,0.00063519,0.00855179,-0.00931192,0.00021649
2015-02-05,-0.00594578,-0.00072254,-0.01416360,-0.00436317,0.00021755
2015-02-06,-0.00824252,-0.00825901,0.00405342,-0.01044654,0.00021755
2015-02-09,-0.01197271,-0.00075014,-0.01622855,-0.00954705,0.00065278
2015-02-10,0.00126281,0.00006565,-0.00751726,0.01045068,0.00021755
2015-02-11,0.01030778,-0.00038397,0.01053891,0.02001574,0.00021755
2015-02-12,0.00975067,0.00427132,0.00397451,0.01343766,0.00021755
2015-02-13,0.00805468,-0.00149135,-0.01182255,-0.00263321,0.00021755
2015-02-16,0.00115027,0.00101659,-0.00189056,-0.00127143,0.00065278
2015-02-18,0.00634558,0.00301076,0.01913845,0.00622026,0.00043514
2015-02-19,0.00342682,-0.00406678,0.00507050,-0.00637366,0.00021755
2015-02-20,-0.00392794,0.00898435,0.01127303,0.00256694,0.00021966
2015-02-23,-0.00759851,0.00309297,-0.00291435,-0.00128123,0.00065913
2015-02-24,-0.00178256,-0.00407383,-0.00304821,0.00586614,0.00021966
2015-02-25,-0.00028709,-0.00165898,-0.00187253,-0.00395304,0.00021966
2015-02-26,-0.00893709,-0.00250068,-0.00317328,-0.00598567,0.00022072
2015-02-27,0.01624066,-0.00585296,0.01158472,0.00940604,0.00022072
2015-02-28,-0.00208749,-0.00255887,-0.00660857,0.00139433,0.00022072
2015-03-02,0.00667590,0.00172201,0.00799919,0.02060736,0.00044148
2015-03-03,0.00902267,0.00314915,-0.00179698,0.00057184,0.00022072
2015-03-04,-0.00545409,-0.00201510,-0.01434012,0.00193196,0.00022072
2015-03-05,0.00208876,0.00425311,-0.00514689,0.01097510,0.00021649
2015-03-09,-0.01351888,0.00683378,-0.00383765,0.00877296,0.00086625
2015-03-10,-0.00288382,0.00200070,0.00090721,0.00339668,0.00021649
2015-03-11,-0.00240209,-0.00147673,-0.00054871,-0.00333695,0.00021649
2015-03-12,0.01156387,-0.00360887,0.00888099,0.00062054,0.00021860
2015-03-13,-0.01213821,-0.00007207,-0.00985363,-0.00234460,0.00021860
2015-03-16,-0.00484999,-0.00343507,-0.00604991,0.01070990,0.00065596
2015-03-17,0.00941247,-0.01128437,-0.00177784,0.00328210,0.00021860
2015-03-18,-0.00298906,0.00539605,-0.00827667,0.01357947,0.00021860
2015-03-19,-0.00254880,-0.00253263,-0.00798967,-0.00081575,0.00021860
2015-03-20,-0.01175485,-0.00680276,-0.01597164,-0.00556599,0.00021860
2015-03-23,-0.00510964,-0.00852700,-0.00571938,-0.00244935,0.00065596
2015-03-24,-0.00080194,-0.00626672,-0.00517267,-0.00203728,0.00021860
2015-03-25,-0.00128649,-0.00554696,-0.00516937,0.00212135,0.00021860
2015-03-26,-0.01349866,0.00423412,0.00068299,0.00135762,0.00021755
2015-03-27,-0.00366768,0.00369961,-0.00890589,0.01075021,0.00021755
2015-03-30,0.01691425,0.01875777,0.01276037,0.00717341,0.00065278
2015-03-31,0.00329196,0.00446817,0.00863251,0.00398451,0.00021755
2015-04-01,0.00961336,0.01303402,0.00946485,0.00054202,0.00021755
2015-04-06,0.01263653,0.00568330,0.02071930,-0.00313271,0.00108821
2015-04-07,0.00663709,0.00230223,0.00370277,-0.00761777,0.00020697
2015-04-08,0.00974842,0.00569203,0.00163984,-0.00297510,0.00020697
2015-04-09,0.00075696,0.00144915,-0.00653295,-0.00569739,0.00020697
2015-04-10,0.00466757,0.00142052,0.00625926,-0.00652281,0.00020697
2015-04-13,0.00645927,0.00055462,0.00608184,-0.00759682,0.00062105
2015-04-15,-0.00886536,0.00679751,-0.00090854,-0.01034240,0.00041399
2015-04-16,-0.00602655,-0.00654605,-0.01102301,-0.00829877,0.00020697
2015-04-17,-0.01395252,-0.00345068,0.00681893,-0.01436897,0.00020697
2015-04-20,-0.01957596,-0.00049079,-0.00791574,0.00622204,0.00062105
2015-04-21,-0.01045949,0.00815302,0.00388493,-0.00022689,0.00020697
2015-04-22,0.00061931,0.00019010,0.00056706,-0.00042806,0.00020697
2015-04-23,-0.00231702,0.00059377,0.00165913,0.00092708,0.00020803
2015-04-24,-0.01298424,-0.01813142,-0.00633952,-0.02071698,0.00020803
2015-04-27,-0.01734546,-0.01587471,-0.00942003,-0.01187051,0.00062422
2015-04-28,0.00792119,0.00741367,0.00101323,0.01655995,0.00020803
2015-04-29,-0.00014562,0.00806101,0.00688761,0.01073825,0.00020803
2015-04-30,-0.00347862,0.00093329,0.00348586,0.00874502,0.00020909
2015-05-04,0.02117744,-0.00116807,0.00683530,-0.01383808,0.00083662
2015-05-05,0.00451586,-0.00403504,0.00533600,-0.00895848,0.00020909
2015-05-06,-0.02736170,-0.00071674,-0.01456899,-0.00252856,0.00020909
2015-05-07,-0.00803450,-0.00956362,-0.00897408,-0.00668632,0.00021015
2015-05-08,0.01311880,0.00407316,0.00499592,0.00487510,0.00021015
2015-05-11,0.01339024,-0.00030663,0.00226134,0.00791061,0.00063057
2015-05-12,-0.01915833,0.00352271,-0.01361857,0.00780629,0.00021015
2015-05-13,0.00975609,-0.00090134,0.00673499,0.00352753,0.00021015
2015-05-14,0.00416782,0.00281428,0.00457386,0.00198674,0.00021015
2015-05-15,0.00397306,0.00499576,-0.00765058,0.00797609,0.00021015
2015-05-18,0.01077779,-0.00067677,-0.00616700,-0.00145518,0.00063057
2015-05-19,0.00054493,0.00059743,0.01260667,0.00113593,0.00021015
2015-05-20,0.00299693,0.00042910,-0.00237185,0.00131201,0.00021015
2015-05-21,-0.00016587,-0.00123590,0.00049462,0.00078076,0.00020803
2015-05-22,0.00378318,-0.00199149,-0.00466411,0.00408705,0.00020803
2015-05-25,-0.00511499,0.00226417,-0.00416616,0.00468910,0.00062422
2015-05-26,-0.00377179,0.00424317,-0.00255658,0.00870465,0.00020803
2015-05-27,-0.00206070,-0.00141271,-0.00618783,-0.00271161,0.00020803
2015-05-28,-0.00277934,0.00194499,-0.00686112,0.00015415,0.00020697
2015-05-29,0.01195896,0.00312654,-0.00892014,0.01589058,0.00020697
2015-06-01,-0.00336767,-0.00598729,-0.00254533,-0.00584294,0.00062105
2015-06-02,-0.01736335,-0.00092949,-0.00449719,-0.00025165,0.00020697
2015-06-03,-0.01751047,-0.01069440,-0.02553794,0.01757880,0.00020697
2015-06-04,-0.00012797,-0.00277875,0.00421826,0.00891811,0.00020273
2015-06-05,0.00251829,0.00413502,-0.00098942,-0.00195937,0.00020273
2015-06-08,-0.01160167,-0.00137742,-0.00645028,-0.00188203,0.00060832
2015-06-09,-0.00476692,-0.00187204,-0.00674653,-0.00011175,0.00020273
2015-06-10,0.01222507,-0.00020750,0.00850584,0.00050442,0.00020273
2015-06-11,-0.01546161,0.00234677,-0.00719705,0.00141307,0.00020273
2015-06-12,-0.00300562,-0.00391748,-0.00362175,0.00103034,0.00020273
2015-06-15,0.00479264,-0.00102439,0.00568302,-0.00034977,0.00060832
2015-06-16,0.00217222,-0.00126877,0.00180594,0.00483055,0.00020273
2015-06-17,0.01045819,0.00129118,0.00267196,0.00502900,0.00020273
2015-06-18,0.01056397,-0.00440119,0.00463190,-0.00250486,0.00020273
2015-06-19,0.00514109,-0.00264119,-0.00573345,-0.00305064,0.00020273
2015-06-22,0.01009789,0.00471374,0.01389281,-0.00233677,0.00060832
2015-06-23,0.00271654,0.00221369,0.00516776,-0.00331677,0.00020273
2015-06-24,-0.00354542,0.00328831,0.00133616,0.00426055,0.00020273
2015-06-25,0.00042974,-0.00179705,0.00598778,-0.00279720,0.00020273
2015-06-26,0.00153367,0.00026105,0.00192232,0.00549674,0.00020273
2015-06-29,-0.01017826,-0.00513188,-0.00766263,0.00570650,0.00060832
2015-06-30,0.00840810,0.00810825,0.00679392,0.00620238,0.00020273
2015-07-01,0.01067106,0.00415658,0.00710850,-0.00128431,0.00020273
2015-07-02,0.00329249,0.00319563,0.00061287,0.00865974,0.00020273
2015-07-03,0.00032882,0.00383757,0.00154178,0.00457033,0.00019956
2015-07-06,0.00616376,0.00922543,0.01383292,0.00420408,0.00059879
2015-07-07,0.00074407,0.00886019,0.01009282,-0.00230075,0.00019956
2015-07-08,-0.01183282,0.00170290,-0.00095691,0.01070822,0.00019956
2015-07-09,-0.00626187,0.00922995,0.01023409,-0.00340297,0.00019850
2015-07-10,-0.00095986,0.00438557,-0.00095790,0.00458308,0.00019850
2015-07-13,0.01149419,0.00262022,-0.00457783,0.01040352,0.00059561
2015-07-14,0.00206354,0.00654612,0.00001211,0.00189258,0.00019850
2015-07-15,0.00668657,0.00038921,0.00035015,-0.00103615,0.00019850
2015-07-16,0.00745950,-0.00281818,-0.00630505,0.00745013,0.00019850
2015-07-17,0.00403842,-0.00036962,-0.00335773,-0.00078759,0.00019850
2015-07-20,0.00248986,0.00462701,0.00316562,0.00430129,0.00059561
2015-07-21,-0.01406347,-0.00388797,-0.00676328,0.00830787,0.00019850
2015-07-22,0.00864221,-0.00091337,0.00627390,-0.00000243,0.00019850
2015-07-23,-0.00161932,0.00551327,0.00859110,-0.00445862,0.00019743
2015-07-24,-0.00701532,0.00344096,0.00472679,0.00220702,0.00019743
2015-07-27,-0.01454564,0.00484709,-0.00195467,0.01238711,0.00059242
2015-07-28,-0.00327006,0.00594886,0.00049451,0.01214378,0.00019743
2015-07-29,0.00693781,0.00711451,0.00405731,0.00911156,0.00019743
2015-07-30,0.00561844,0.00839620,0.00835199,-0.00036173,0.00019743
2015-07-31,0.00940881,0.00247611,-0.00020321,-0.00063562,0.00019743
2015-08-03,0.00270535,0.00841488,0.01610010,0.00370361,0.00059242
2015-08-04,0.00176994,0.00937814,0.00097181,0.00972470,0.00019743
2015-08-05,0.01126008,0.00080009,0.01485041,-0.00471379,0.00019743
2015-08-06,-0.00057805,-0.00330851,-0.00330061,-0.00524311,0.00019637
2015-08-07,-0.00136994,-0.00185348,0.00702827,-0.01172931,0.00019637
2015-08-10,-0.00450252,0.00466031,-0.00050482,0.00937838,0.00058924
2015-08-11,-0.00736062,-0.00388346,-0.00750838,0.00829718,0.00019637
2015-08-12,-0.01329594,-0.00976256,-0.01867629,0.00224867,0.00019637
2015-08-13,-0.00586775,-0.00859740,-0.01197400,0.01060917,0.00019213
2015-08-14,0.01568705,-0.00017690,0.01427505,0.00110426,0.00019213
2015-08-17,-0.00333475,0.00840140,-0.00678679,0.00307084,0.00057650
2015-08-18,0.00307211,0.01024875,0.00258104,0.01442552,0.00019213
2015-08-19,0.00462590,0.00492094,0.00127858,0.00480163,0.00019213
2015-08-20,-0.01462102,-0.00382831,-0.01064638,0.00610607,0.00019637
2015-08-21,-0.00728867,0.00177204,-0.00683782,0.00442580,0.00019637
2015-08-24,-0.07077076,-0.01505869,-0.02631127,0.00250867,0.00058924
2015-08-25,0.01094696,-0.01427103,0.00678254,0.00080104,0.00019637
2015-08-26,-0.00469652,0.00364887,-0.00639975,-0.00257130,0.00019637
2015-08-27,0.02021176,0.01286872,0.00782421,0.00498770,0.00019637
2015-08-28,0.00737463,-0.00457550,-0.00584312,-0.01002135,0.00019637
2015-08-31,-0.00368700,0.00559360,0.00068411,0.00151016,0.00058924
2015-09-01,-0.01784196,-0.00206922,-0.02122602,0.00325026,0.00019637
2015-09-02,-0.00401917,0.00332898,0.00889694,0.00646652,0.00019637
2015-09-03,0.01124431,-0.00587418,0.01087710,-0.00381404,0.00019637
2015-09-04,-0.01935517,-0.00637755,-0.01676949,0.00566583,0.00019637
2015-09-07,-0.01610578,-0.01312730,0.00655599,-0.01490153,0.00058924
2015-09-08,0.00727798,-0.01414030,0.01911017,-0.01229698,0.00019637
2015-09-09,0.01743606,-0.00813571,0.02928437,-0.00608859,0.00019637
2015-09-10,-0.00327464,-0.00206873,-0.00092883,0.00480873,0.00019637
2015-09-11,0.00112886,0.01526129,-0.01087424,0.00794775,0.00019637
2015-09-14,0.01009815,-0.00600960,0.01218999,-0.00630850,0.00058924
2015-09-15,-0.00472477,0.00872344,-0.01598905,0.00742183,0.00019637
2015-09-16,0.00073479,-0.00566191,0.00213787,-0.00314776,0.00019637
2015-09-18,0.00799150,0.00748368,0.00017538,0.00236544,0.00039385
2015-09-21,0.00021178,0.01570979,0.00809528,0.00026808,0.00059242
2015-09-22,-0.01325357,0.00618103,-0.01565773,0.01045174,0.00019743
2015-09-23,0.00103127,0.00620959,0.00762139,0.00278099,0.00019743
2015-09-24,0.00413761,0.00335876,-0.00497644,0.01409776,0.00019531
2015-09-28,-0.00710577,0.00659625,-0.00406164,0.00734209,0.00078148
2015-09-29,-0.00250919,0.00786461,-0.00301223,-0.00307057,0.00019531
2015-09-30,0.01792071,-0.01225723,0.01017259,-0.00141006,0.00019531
2015-10-01,0.00329637,-0.00029103,-0.00351138,-0.00263517,0.00018682
2015-10-05,0.01659666,-0.00575351,0.01718288,-0.00778019,0.00074750
2015-10-06,0.00636991,0.00143384,0.00803537,-0.01043328,0.00018682
2015-10-07,0.00237710,-0.00500432,0.03444749,-0.02551314,0.00018682
2015-10-08,-0.00496609,0.00387266,0.00548314,-0.00541050,0.00018682
2015-10-09,0.00403521,-0.00423817,0.00392988,-0.01181397,0.00018682
2015-10-12,-0.00355934,0.00187224,0.00363353,-0.01114335,0.00056057
2015-10-13,-0.00132785,0.00855612,0.00737309,0.00295560,0.00018682
2015-10-14,-0.00300743,0.00785920,0.00889412,0.00374668,0.00018682
2015-10-15,0.00514166,-0.00220042,0.00372186,-0.00956223,0.00018682
2015-10-16,0.00448498,-0.00331784,-0.00025367,-0.00047840,0.00018682
2015-10-19,0.00762147,0.00560712,-0.00144385,0.01207184,0.00056057
2015-10-20,0.00084902,0.00862833,-0.00713348,0.00603811,0.00018682
2015-10-21,-0.00021168,-0.00193955,0.00317191,-0.00239865,0.00018682
2015-10-23,-0.00183297,-0.00210815,-0.00120240,-0.00494611,0.00037474
2015-10-26,-0.00454094,-0.01022166,-0.00056075,-0.00258860,0.00056376
2015-10-27,-0.00047850,0.00510152,-0.00689055,0.00283896,0.00018788
2015-10-28,-0.00135921,0.00128492,-0.00132212,0.00040193,0.00018788
2015-10-29,-0.00556935,0.00534357,-0.00313183,-0.00151857,0.00018788
2015-10-30,-0.00605822,-0.00887382,0.00503930,0.00101328,0.00018788
2015-11-02,-0.00148372,-0.00185265,-0.00324885,0.00329656,0.00056376
2015-11-03,0.00312792,0.00406455,0.00007243,0.00571682,0.00018788
2015-11-04,-0.00151429,-0.00101296,-0.00188567,-0.00589496,0.00018788
2015-11-05,-0.01286538,0.00110452,-0.01437996,0.00218529,0.00018788
2015-11-06,-0.00296120,-0.00146253,-0.01233957,0.00384652,0.00018788
2015-11-09,0.00021053,0.00938677,-0.00134618,0.01001083,0.00056376
2015-11-10,-0.01677604,0.01899908,-0.01513480,0.00547590,0.00018788
2015-11-11,0.00781531,0.01148089,0.00421152,-0.00008552,0.00018788
2015-11-13,-0.01219063,0.00671598,0.00026664,0.00158005,0.00037687
2015-11-16,0.00053821,-0.00096962,0.01872943,-0.00720373,0.00056695
2015-11-17,0.00615418,-0.00060113,-0.00199874,-0.00639383,0.00018895
2015-11-18,-0.00753954,0.00858422,-0.01118010,0.00152537,0.00018895
2015-11-19,0.01129362,-0.00024082,0.00076381,0.00388544,0.00018895
2015-11-20,0.00525879,0.00109186,-0.00005287,0.00005134,0.00018895
2015-11-23,0.00107144,0.01122765,-0.00341668,0.00635515,0.00056695
2015-11-24,-0.00124026,0.00429402,0.01853828,-0.00455093,0.00018895
2015-11-26,0.00566083,-0.00461162,0.01583494,-0.01136533,0.00037793
2015-11-27,0.00142547,-0.00134380,0.00178309,0.00276777,0.00018895
2015-11-30,-0.00071796,0.01063545,0.00953398,0.00112618,0.00056695
2015-12-01,0.00508792,-0.00257055,0.01279393,-0.00516180,0.00018895
2015-12-02,0.00097345,-0.00251732,0.01060050,0.00051799,0.00018895
2015-12-03,-0.00810655,0.00160876,0.00975106,0.00100407,0.00018895
2015-12-04,-0.00692588,0.00216618,-0.00339298,-0.00074304,0.00018895
2015-12-07,-0.00083637,0.00337993,0.00303119,0.00169013,0.00056695
2015-12-08,-0.01077414,0.00218271,-0.02008589,0.01164968,0.00018895
2015-12-09,-0.01512834,-0.01450427,-0.01364402,-0.00730289,0.00018895
2015-12-10,0.01026908,0.00086174,0.01259212,0.00419583,0.00019001
2015-12-11,-0.00611999,-0.00339336,-0.00534836,0.00099638,0.00019001
2015-12-14,0.00428133,-0.00362218,0.01355409,-0.00009308,0.00057013
2015-12-15,0.00762776,0.00461042,-0.00395195,0.00319948,0.00019001
2015-12-16,0.00445220,-0.00621980,0.00400453,-0.00474875,0.00019001
2015-12-17,0.01273772,-0.00134989,0.01214192,0.00397083,0.00019107
2015-12-18,-0.00683733,0.00528616,0.00118558,0.00501605,0.00019107
2015-12-21,0.00671240,0.00388887,0.00832350,-0.00716294,0.00057332
2015-12-22,-0.00388854,0.00534996,0.00471104,0.00008660,0.00019107
2015-12-23,0.00904552,-0.00832447,0.00526905,-0.00481251,0.00019107
2015-12-24,0.00174257,-0.00046267,0.00778406,-0.00461355,0.00019107
2015-12-28,0.00554352,0.00626672,-0.01072969,-0.00049046,0.00076450
2015-12-29,-0.00022159,-0.00603931,0.00115068,0.00250325,0.00019107
2015-12-30,-0.00304864,0.00268304,0.00455697,-0.00164404,0.00019107
2015-12-31,0.00554749,-0.00227267,0.00739435,-0.00129847,0.00019107
2016-01-01,0.00389816,0.00563762,0.01739104,-0.00134593,0.00019107
2016-01-04,-0.01488745,0.01002789,0.00226134,0.00170792,0.00057332
2016-01-05,0.00448895,0.00010165,0.03171807,0.00197266,0.00019107
2016-01-06,-0.00446929,0.00426460,-0.00690552,0.00519620,0.00019107
2016-01-07,-0.02570529,-0.00159806,-0.02947718,0.00709554,0.00019107
2016-01-08,0.00827236,0.00670842,0.01114752,-0.00231920,0.00019107
2016-01-11,-0.00636799,0.00197803,0.00585114,0.00475101,0.00057332
2016-01-12,-0.00503742,-0.00227472,-0.01280787,0.00145485,0.00019107
2016-01-13,-0.00425433,-0.02390328,-0.01510472,-0.01348730,0.00019107
2016-01-14,-0.00560397,-0.00612114,-0.01452657,0.00500244,0.00019107
2016-01-15,-0.01954759,-0.01092622,-0.02733386,-0.00584803,0.00019107
2016-01-18,-0.02157944,-0.03698468,-0.00874742,-0.02122341,0.00057332
2016-01-19,0.01181492,0.00729718,0.01026670,0.00548582,0.00019107
2016-01-20,-0.01766058,-0.00388035,-0.02199314,0.00198599,0.00019107
2016-01-21,-0.00595626,0.01132889,0.00385372,0.01095822,0.00019319
2016-01-22,0.01851790,0.00760193,0.01236740,0.00329729,0.00019319
2016-01-25,0.00264347,0.01295490,0.00082749,0.00164919,0.00057969
2016-01-27,0.00285671,0.00251413,0.00050566,0.00239845,0.00038642
2016-01-28,0.00090319,0.00047955,-0.00352703,0.00390629,0.00019319
2016-01-29,0.01701530,0.00049067,-0.01074351,-0.00123660,0.00019319
2016-02-01,0.00157726,0.00475948,-0.00444024,-0.00124264,0.00057969
2016-02-02,-0.01470356,0.01212540,-0.02315723,0.00435939,0.00019319
2016-02-03,-0.01454982,-0.00685750,-0.01431354,0.00188419,0.00019319
2016-02-04,0.00204291,-0.01005778,-0.01067515,-0.01773682,0.00019425
2016-02-05,0.01101261,-0.01018100,0.02014904,0.00609045,0.00019425
2016-02-08,-0.00912207,0.00643850,0.00435823,-0.00341258,0.00058287
2016-02-09,-0.01168858,-0.00518968,0.00341739,-0.00069875,0.00019425
2016-02-10,-0.01038306,-0.01410001,-0.00450994,-0.00063525,0.00019425
2016-02-11,-0.03429011,-0.01765732,-0.03157776,-0.01534446,0.00019425
2016-02-12,-0.00340110,-0.00655680,-0.01773493,0.00690511,0.00019425
2016-02-15,0.02717228,-0.00331514,0.03350473,-0.00546932,0.00058287
2016-02-16,-0.01814348,-0.00772234,-0.01013410,-0.00885972,0.00019425
2016-02-17,0.00684319,-0.01534089,0.00804146,0.00679414,0.00019425
2016-02-18,0.01065526,-0.00003692,-0.00739366,-0.00143030,0.00019425
2016-02-19,0.00222726,-0.00196674,0.00394924,-0.00581940,0.00019425
2016-02-22,0.00545179,0.00052899,0.00421357,-0.00416147,0.00058287
2016-02-23,-0.01400536,-0.00508766,0.00174586,-0.00171045,0.00019425
2016-02-24,-0.01113666,-0.00457820,0.00281485,0.00041972,0.00019425
2016-02-25,-0.00641382,-0.00332019,-0.00005977,-0.00372344,0.00019425
2016-02-26,0.00121992,-0.00943241,-0.00323562,-0.00919422,0.00019425
2016-02-29,-0.01013452,0.00587946,0.00099841,0.01606014,0.00058287
2016-03-01,0.03150305,0.00643323,0.00040225,0.00130168,0.00019425
2016-03-02,0.01431688,0.00265857,0.01215019,-0.00691345,0.00019425
2016-03-03,0.01435171,-0.00986732,0.02056728,-0.01163365,0.00019213
2016-03-04,0.00086880,0.00710735,0.01447151,0.00041375,0.00019213
2016-03-08,0.00302071,-0.00578053,0.02001153,-0.00116450,0.00076874
2016-03-09,0.00363456,-0.00169463,0.00661619,0.00382746,0.00019213
2016-03-10,-0.00489257,0.00510424,-0.00204938,-0.00315252,0.00019213
2016-03-11,0.00325368,-0.00122783,-0.00935368,0.00157758,0.00019213
2016-03-14,0.00403480,-0.00034306,-0.00646116,0.00214196,0.00057650
2016-03-15,-0.00954039,-0.00408026,0.01463328,0.00075767,0.00019213
2016-03-16,-0.00008658,0.00389942,-0.00613418,-0.00328038,0.00019213
2016-03-17,0.00574882,-0.00469699,-0.00334949,-0.01145601,0.00019213
2016-03-18,0.00974005,-0.00848222,-0.00145833,-0.00312307,0.00019213
2016-03-21,0.01154301,-0.00016410,-0.00899727,-0.00341071,0.00057650
2016-03-22,0.00257697,-0.00259194,0.01071861,-0.00202225,0.00019213
2016-03-23,0.00140144,-0.00187374,0.00977503,-0.00253996,0.00019213
2016-03-28,-0.01370978,0.00311281,-0.02779811,0.00428683,0.00095996
2016-03-29,-0.00165204,-0.00489959,0.00071843,0.00869349,0.00019107
2016-03-30,0.01689955,-0.00522880,0.02261750,-0.00191039,0.00019107
2016-03-31,0.00301796,0.00388209,-0.00932673,0.00022899,0.00019213
2016-04-01,-0.00298903,0.01638254,0.01617857,-0.00111814,0.00019213
2016-04-04,0.00642125,0.00432562,0.00093824,0.00207510,0.00057650
2016-04-05,-0.01528872,0.00530937,-0.01264002,0.00854385,0.00019213
2016-04-06,0.00552013,0.00241214,0.02295903,0.00140286,0.00019213
2016-04-07,-0.00604036,0.00320233,-0.00491771,-0.00291550,0.00018151
2016-04-08,0.00313431,0.00679674,0.00301759,0.00063952,0.00018151
2016-04-11,0.01289105,-0.01334885,0.00935391,-0.00343549,0.00054462
2016-04-12,0.00770363,0.00548208,-0.01238862,-0.00166545,0.00018151
2016-04-13,0.01271701,-0.00693997,0.00222735,-0.00762373,0.00018044
2016-04-18,0.00912672,0.00247785,-0.00036093,0.00647955,0.00090254
2016-04-20,-0.00136860,-0.00392623,0.02289673,-0.01366837,0.00036092
2016-04-21,-0.00615002,0.00212341,-0.00081578,-0.00308823,0.00018044
2016-04-22,-0.00116961,-0.00223180,0.01028557,0.00154182,0.00018044
2016-04-25,-0.00550179,0.00685068,-0.00551408,0.00475914,0.00054143
2016-04-26,0.00839708,-0.00554208,0.00860852,-0.00512122,0.00018044
2016-04-27,0.00502683,-0.00054702,-0.00330806,-0.00397933,0.00018044
2016-04-28,-0.01310352,0.00663211,-0.00186572,-0.00190651,0.00018044
2016-04-29,-0.00058304,0.00004754,0.00001719,0.00141908,0.00018044
2016-05-02,0.00031072,0.00222346,-0.00041734,0.00059169,0.00054143
2016-05-03,-0.00699788,0.00408588,0.00320938,0.00082012,0.00018044
2016-05-04,-0.01047996,0.01407419,-0.02974450,0.00339059,0.00018044
2016-05-05,0.00080096,0.00125265,0.00070124,-0.00000837,0.00018151
2016-05-06,-0.00026479,-0.00060260,-0.00232177,0.00192327,0.00018151
2016-05-09,0.01059789,-0.00008809,0.00601215,0.00530731,0.00054462
2016-05-10,0.00008308,0.00422707,-0.00140212,0.00080762,0.00018151
2016-05-11,-0.00322454,0.00340500,-0.00296191,0.00185870,0.00018151
2016-05-12,0.00815295,0.00422846,0.00296316,-0.00237030,0.00018151
2016-05-13,-0.00685611,0.01001363,-0.01589132,-0.00294651,0.00018151
2016-05-16,0.00265276,0.00228941,0.00083524,-0.00204135,0.00054462
2016-05-17,0.00281520,0.00130217,-0.00036071,-0.00360189,0.00018151
2016-05-18,-0.00142526,0.00238719,0.01146077,0.00158943,0.00018151
2016-05-19,-0.01002549,0.00440881,-0.00590271,-0.00322580,0.00018151
2016-05-20,-0.00630065,-0.00485306,-0.00336704,-0.00146569,0.00018151
2016-05-23,-0.00258455,0.00128759,-0.00825310,0.00529109,0.00054462
2016-05-24,-0.00312930,-0.00828402,-0.00423464,-0.00091910,0.00018151
2016-05-25,0.01581015,-0.00829827,0.00473216,-0.00983884,0.00018151
2016-05-26,0.01025179,-0.00210880,-0.00197112,-0.00491787,0.00018151
2016-05-27,0.00929038,-0.01092629,0.01207000,-0.00053100,0.00018151
2016-05-30,0.00404440,-0.00052534,-0.00754089,-0.00038521,0.00054462
2016-05-31,-0.00629453,-0.00456051,0.00399094,0.00861897,0.00018151
2016-06-01,0.00547888,0.00442103,-0.00530833,0.00071382,0.00018151
2016-06-02,0.00285174,-0.00697717,0.00753282,0.00116305,0.00018151
2016-06-03,-0.00269426,0.00406661,-0.00755794,0.00255537,0.00018151
2016-06-06,-0.00267440,0.00484687,-0.00092104,0.00322470,0.00054462
2016-06-07,0.00650194,0.00142195,0.00136474,-0.00049985,0.00018151
2016-06-08,0.00296785,0.00699580,0.00459609,-0.01194166,0.00018151
2016-06-09,-0.00288492,-0.00440676,0.01433918,-0.01241930,0.00018044
2016-06-10,-0.00243720,0.00491382,0.00242995,-0.00107980,0.00018044
2016-06-13,-0.00442436,0.01284218,-0.01023311,0.00380429,0.00054143
2016-06-14,0.00156432,0.00518934,0.01712973,-0.00252942,0.00018044
2016-06-15,0.00908885,0.00146719,0.00003385,0.00252648,0.00018044
2016-06-16,-0.00474614,-0.00206105,-0.00470970,-0.00061971,0.00017938
2016-06-17,0.00228048,0.00465944,-0.00269943,-0.00162762,0.00017938
2016-06-20,0.00720822,-0.00983578,0.00904968,0.00040358,0.00053823
2016-06-21,0.00029337,0.00604267,-0.00426205,-0.00188348,0.00017938
2016-06-22,-0.00237930,-0.00400494,-0.00695903,-0.00280883,0.00017938
2016-06-23,0.00144224,-0.00601789,-0.00187618,0.00053267,0.00017938
2016-06-24,-0.01769601,0.00881606,-0.02709346,0.00694768,0.00017938
2016-06-27,0.00394068,0.01938867,0.00965117,-0.00270907,0.00053823
2016-06-28,0.00498454,0.00403666,0.00374200,-0.00308034,0.00017938
2016-06-29,0.01228117,0.00486789,0.00508872,-0.00142908,0.00017938
2016-06-30,0.01089006,-0.00730227,0.01306035,-0.00659192,0.00017832
2016-07-01,0.00633683,-0.00437337,0.00636018,-0.01087377,0.00017832
2016-07-04,0.00538016,0.00224199,0.00732048,-0.00377841,0.00053505
2016-07-05,-0.00289578,0.00088298,0.01339965,-0.00562404,0.00017832
2016-07-07,-0.00258662,0.01377071,-0.00650339,0.00328698,0.00035347
2016-07-08,-0.00124221,0.00027562,-0.00913116,0.00386936,0.00017512
2016-07-11,0.01228435,-0.00885952,0.00742982,0.00095045,0.00052546
2016-07-12,0.00317601,-0.01220040,0.01674772,-0.00055044,0.00017512
2016-07-13,-0.00197079,-0.01306676,0.00486774,-0.00678045,0.00017512
2016-07-14,0.00466985,0.00447616,0.00183441,0.00528046,0.00017406
2016-07-15,-0.00501229,-0.01066276,0.00822244,0.00395689,0.00017406
2016-07-18,-0.00638105,0.00874474,-0.00946260,0.00065211,0.00052227
2016-07-19,0.00341008,-0.00649373,0.00062053,0.00220601,0.00017406
2016-07-20,0.00791019,0.00440311,0.00314372,0.00347895,0.00017406
2016-07-21,-0.00233796,0.00706505,-0.00911284,0.00607007,0.00017406
2016-07-22,0.00518060,-0.00585323,0.00794295,-0.00049637,0.00017406
2016-07-25,0.01033005,0.00267000,0.00101913,0.00277568,0.00052227
2016-07-26,-0.00512991,-0.00433875,-0.00096786,-0.00130774,0.00017406
2016-07-27,0.00305285,0.00128965,-0.00333512,0.00456871,0.00017406
2016-07-28,0.00694127,0.00566509,-0.00985229,0.00089807,0.00017406
2016-07-29,0.00015297,-0.00499471,0.00247512,0.00584543,0.00017406
2016-08-01,0.00208507,-0.00956068,0.00254359,0.00654243,0.00052227
2016-08-02,-0.00340784,-0.00184699,-0.01167615,-0.00475709,0.00017406
2016-08-03,-0.01081194,-0.00175353,-0.00492699,-0.00370097,0.00017406
2016-08-04,0.00366634,-0.00831302,0.01393201,0.00384486,0.00017406
2016-08-05,0.01437836,-0.00550585,0.00703623,0.00687625,0.00017406
2016-08-08,0.00328074,0.00535172,-0.00621109,-0.00005317,0.00052227
2016-08-09,-0.00428103,0.00233400,-0.01084837,-0.00597465,0.00017406
2016-08-10,-0.01172444,-0.00006517,-0.01003833,-0.00446014,0.00017406
2016-08-11,0.00186385,-0.00165445,-0.00319154,-0.00320002,0.00017406
2016-08-12,0.00306922,-0.00956072,0.00314288,0.00104714,0.00017406
2016-08-16,-0.00266865,-0.00762876,0.00201644,0.01172110,0.00069642
2016-08-17,-0.00033157,-0.00077775,0.01069756,0.00085857,0.00017406
2016-08-18,0.00596196,0.00854810,0.00213828,0.00207504,0.00017406
2016-08-19,0.00131999,0.00131505,0.00621426,0.00693782,0.00017406
2016-08-22,-0.00555074,0.00660020,0.00171668,0.00299121,0.00052227
2016-08-23,-0.00116759,0.00362889,0.00184254,-0.00623865,0.00017406
2016-08-24,0.00463428,0.00416828,-0.00305735,-0.00411762,0.00017406
2016-08-25,-0.00581713,0.00978787,-0.00754930,0.00117834,0.00017406
2016-08-26,-0.00181601,-0.00428411,-0.00340709,0.00397219,0.00017406
2016-08-29,0.00152749,-0.00609192,0.00216534,0.00546485,0.00052227
2016-08-30,0.01280702,-0.00085691,-0.00504572,0.00330180,0.00017406
2016-08-31,-0.00051277,0.00731625,-0.00392492,0.00028664,0.00017406
2016-09-01,-0.00500089,0.00188730,-0.00327207,0.00511418,0.00017406
2016-09-02,0.00400832,0.00084593,0.00523138,-0.00047074,0.00017406
2016-09-06,0.01004705,-0.00261698,0.00330265,0.00702630,0.00069642
2016-09-07,0.00029430,0.00303401,0.00734953,-0.00618055,0.00017406
2016-09-08,0.00356148,0.00078348,0.01231540,-0.00230763,0.00017406
2016-09-09,-0.00575225,0.00477460,-0.00514297,-0.00934824,0.00017406
2016-09-12,-0.01965658,0.00633345,-0.02418251,-0.01159082,0.00052227
2016-09-14,0.00504331,0.00753522,0.01166836,0.01089784,0.00034815
2016-09-15,0.00204727,0.00406993,-0.00160826,-0.00182000,0.00017299
2016-09-16,0.00443401,0.00222337,-0.01104086,-0.00069447,0.00017299
2016-09-19,0.00462756,-0.00222838,0.00489651,0.00289954,0.00051907
2016-09-20,-0.00311778,-0.00080362,0.00109610,0.00423209,0.00017299
2016-09-21,0.00075264,0.00100765,0.00121077,-0.00149880,0.00017299
2016-09-22,0.00931808,-0.00472842,0.00657323,0.00406599,0.00017299
2016-09-23,-0.00054313,-0.00390661,0.00048107,0.00142084,0.00017299
2016-09-26,-0.00859569,0.00298758,-0.00247332,0.00269836,0.00051907
2016-09-27,-0.00066373,0.00302561,-0.00689487,-0.00140721,0.00017299
2016-09-28,0.00516483,-0.00119481,0.01715611,0.00675054,0.00017299
2016-09-29,-0.02524851,-0.02247532,-0.02731376,-0.00067129,0.00017299
2016-09-30,0.01036536,0.01141608,0.01269315,0.00744254,0.00017299
2016-10-03,0.01887124,0.00684168,0.01442306,0.01304037,0.00051907
2016-10-04,0.00671866,-0.00591125,0.01149085,0.00051757,0.00017299
2016-10-05,0.00146526,0.00720240,0.00725744,0.00782759,0.00017299
2016-10-06,-0.00065528,-0.00819975,0.00690398,0.00313197,0.00016873
2016-10-07,-0.00140019,0.00203570,0.00718056,0.00043179,0.00016873
2016-10-10,0.00268097,0.00146825,0.00712724,-0.00223070,0.00050628
2016-10-13,-0.01356135,-0.00098945,-0.00665351,0.00065876,0.00050628
2016-10-14,0.00548531,0.00553504,0.00098637,0.00596919,0.00016873
2016-10-17,-0.00881433,0.00924441,-0.00026194,0.00097996,0.00050628
2016-10-18,0.01284077,0.00117255,0.00459296,-0.00143140,0.00016873
2016-10-19,0.00242794,0.00473049,0.00645857,-0.00277404,0.00016873
2016-10-20,0.00215586,-0.00288535,0.01539704,-0.00087257,0.00016980
2016-10-21,0.00106551,0.00677766,-0.00359897,0.00059723,0.00016980
2016-10-24,0.00124185,0.00938641,0.00516624,0.00672383,0.00050948
2016-10-25,-0.00138936,0.00048568,-0.00076311,-0.00363293,0.00016980
2016-10-26,-0.00637424,0.00448903,-0.00228686,-0.00201610,0.00016980
2016-10-27,-0.00561392,0.00051216,-0.00341124,0.00163334,0.00016873
2016-10-28,0.00539064,-0.00146699,0.00869479,0.00340983,0.00016873
2016-10-30,0.00301776,0.00927778,0.00004899,-0.00085114,0.00033749
2016-11-01,0.00052565,-0.01243345,0.02787369,0.01234396,0.00033749
2016-11-02,-0.01565640,-0.00240068,-0.00512850,-0.00607123,0.00016873
2016-11-03,-0.00715980,-0.00539441,-0.00282518,-0.00476245,0.00016980
2016-11-04,-0.01126315,-0.01351388,-0.01153571,-0.00298319,0.00016980
2016-11-07,0.00554842,0.00328680,0.01363589,0.00608709,0.00050948
2016-11-08,0.00252572,-0.00624302,0.00015822,0.00001679,0.00016980
2016-11-09,-0.01850482,-0.01424177,-0.01358334,0.00238370,0.00016980
2016-11-10,0.01077413,-0.00498092,0.03147481,0.00213269,0.00016767
2016-11-11,-0.02917243,-0.00910369,0.00432459,-0.00598613,0.00016767
2016-11-15,-0.03126164,-0.01622238,-0.02562407,-0.03349597,0.00067084
2016-11-16,0.00124665,0.00064333,-0.01020783,0.00319283,0.00016767
2016-11-17,-0.00388287,-0.01415620,0.00620947,0.00544983,0.00015807
2016-11-18,0.00260193,0.00674171,-0.01308529,0.00011216,0.00015807
2016-11-21,-0.01969207,-0.01699426,-0.01278663,-0.01405132,0.00047427
2016-11-22,0.01108533,-0.00960214,0.01260151,0.01310181,0.00015807
2016-11-23,0.01129802,0.00634297,0.01696763,0.01096006,0.00015807
2016-11-24,-0.00216655,0.00304969,0.00727787,0.01065475,0.00015593
2016-11-25,0.01716564,0.00770584,0.00155072,-0.00044133,0.00015593
2016-11-28,0.00831342,-0.00029494,0.00591621,0.00683032,0.00046786
2016-11-29,0.00316995,0.00677785,-0.00158019,-0.00139047,0.00015593
2016-11-30,0.00822796,0.00413945,0.00524199,0.00435781,0.00015593
2016-12-01,-0.00562800,0.00302892,-0.00497286,-0.00080387,0.00015807
2016-12-02,-0.01243682,-0.00185725,-0.00428922,-0.00633799,0.00015807
2016-12-05,0.00500655,-0.00713698,0.00988770,0.00195230,0.00047427
2016-12-06,0.00173022,-0.00034634,0.00633062,0.00224089,0.00015807
2016-12-07,-0.00301839,-0.00492733,0.00442451,0.00030363,0.00015807
2016-12-08,0.01575696,-0.00708163,0.01125792,0.00481562,0.00015807
2016-12-09,0.00092425,0.00166302,0.00435348,-0.00447956,0.00015807
2016-12-12,-0.00789476,0.00010356,0.00659146,-0.00017331,0.00047427
2016-12-13,0.00186773,0.00594647,-0.01127568,-0.00186100,0.00015807
2016-12-14,-0.00563212,-0.00334572,-0.00242222,-0.00713661,0.00015807
2016-12-15,-0.00161047,0.00481319,-0.00240240,-0.00026007,0.00016447
2016-12-16,-0.00222944,0.00506741,-0.00998052,0.00051907,0.00016447
2016-12-19,-0.00470630,0.00036354,0.00364578,-0.00174522,0.00049349
2016-12-20,-0.00440821,-0.00167170,-0.00842870,0.00307292,0.00016447
2016-12-21,-0.00112828,-0.00320736,0.00789864,0.00319848,0.00016447
2016-12-22,-0.01177771,0.00334030,-0.01525300,-0.00517597,0.00016554
2016-12-23,-0.00175346,0.00215121,0.00101351,0.00257819,0.00016554
2016-12-26,-0.01495607,0.00068707,-0.01944450,-0.00537568,0.00049669
2016-12-27,0.01556083,-0.00769937,0.00606386,0.00488995,0.00016554
2016-12-28,0.00277914,0.01001989,-0.00507259,-0.00116302,0.00016554
2016-12-29,0.01087817,-0.00582389,0.00357490,0.00412683,0.00016660
2016-12-30,0.00984276,0.00307558,0.00122838,-0.00151218,0.00016660
2017-01-02,0.00814941,0.00577682,0.01264662,0.00558135,0.00049988
2017-01-03,0.00479737,0.01049444,0.00154604,0.00511486,0.00016660
2017-01-04,0.00230345,0.00956576,0.00298222,-0.00531964,0.00016660
2017-01-05,0.01057512,-0.00538431,0.01845587,0.00692822,0.00016447
2017-01-06,-0.00515690,-0.00028537,0.00197736,0.00460764,0.00016447
2017-01-09,-0.00020175,0.00808913,0.00455224,0.00295270,0.00049349
2017-01-10,0.00694630,-0.00016257,0.00576855,0.00373022,0.00016447
2017-01-11,0.00780593,-0.00650715,0.01531272,0.00578060,0.00016447
2017-01-12,0.00319490,-0.00809526,-0.00093421,0.00442467,0.00016660
2017-01-13,-0.00306858,0.00661149,-0.00190565,-0.00142266,0.00016660
2017-01-16,0.00067262,0.00223306,0.00971189,0.00420377,0.00049988
2017-01-17,-0.00000544,0.00707511,-0.00889369,-0.00227578,0.00016660
2017-01-18,0.00421865,-0.00354317,0.01250183,0.00254238,0.00016660
2017-01-19,0.00447027,0.00087922,-0.00136448,0.00499232,0.00016660
2017-01-20,-0.01100548,0.00237431,-0.01490327,-0.00844642,0.00016660
2017-01-23,0.00616741,-0.00811594,0.01629377,0.00812608,0.00049988
2017-01-24,0.01026910,-0.00841224,0.00398925,0.00507597,0.00016660
2017-01-25,0.00756567,-0.00350641,0.00414878,0.01126927,0.00016660
2017-01-27,0.00306871,-0.00411083,0.00160183,-0.00519172,0.00033216
2017-01-30,-0.00040949,-0.00598704,0.00456535,-0.00829978,0.00049669
2017-01-31,-0.01220641,0.00229198,-0.00361716,-0.00179466,0.00016554
2017-02-01,0.01181354,-0.00012223,0.01320002,0.01956226,0.00016554
2017-02-02,0.00545367,0.00285279,-0.00525945,-0.00015689,0.00016447
2017-02-03,0.00322252,0.01187576,-0.00661536,-0.00590593,0.00016447
2017-02-06,0.00699039,0.00812600,0.00314089,0.00088328,0.00049349
2017-02-07,-0.00440483,0.00411149,-0.00298720,0.00286547,0.00016447
2017-02-08,0.00371784,-0.00167109,0.00683466,0.00301364,0.00016447
2017-02-09,0.00365726,0.00294821,-0.00627067,-0.00708370,0.00016234
2017-02-10,-0.00024773,0.00236816,-0.00800227,-0.00807401,0.00016234
2017-02-13,-0.00173376,-0.01161577,0.00238685,-0.00061960,0.00048709
2017-02-14,-0.00425464,-0.00700149,-0.00053508,-0.00914980,0.00016234
2017-02-15,-0.01143329,-0.00779409,-0.01171235,-0.00689960,0.00016234
2017-02-16,0.01136733,-0.00584256,0.01421578,0.00623931,0.00016447
2017-02-17,0.00165503,0.00496790,0.00239366,0.00165660,0.00016447
2017-02-20,0.00898213,-0.00381399,0.00943438,0.00002940,0.00049349
2017-02-21,0.00267175,0.00229265,-0.00026636,0.00202437,0.00016447
2017-02-22,-0.00137799,-0.00547180,-0.00795475,-0.00986725,0.00016447
2017-02-23,0.00087701,-0.00159161,-0.00192331,-0.00330419,0.00016340
2017-02-27,-0.00073730,0.00439094,-0.00224209,-0.00615340,0.00065377
2017-02-28,0.00117635,0.00216435,0.00857066,0.00109663,0.00016340
2017-03-01,0.00440431,-0.00043654,0.01282742,0.00042551,0.00016340
2017-03-02,-0.00824687,-0.00663654,-0.00240266,-0.00254764,0.00016127
2017-03-03,0.00332020,-0.00320681,0.00348926,0.00337058,0.00016127
2017-03-06,0.00499353,-0.00235590,0.00001661,0.00403851,0.00048389
2017-03-07,-0.00137091,0.00727550,-0.01211096,-0.00509559,0.00016127
2017-03-08,-0.00488021,0.00613185,-0.01217427,-0.00378845,0.00016127
2017-03-09,-0.00161229,0.00101875,-0.00252574,-0.00093968,0.00015807
2017-03-10,-0.00030471,0.00022958,-0.00524700,-0.00623764,0.00015807
2017-03-14,0.01272966,-0.00417584,0.00408341,0.00226897,0.00063241
2017-03-15,0.00072258,0.00372733,0.00601715,0.00451562,0.00015807
2017-03-16,0.01072372,-0.00670214,0.01510482,0.00280980,0.00015807
2017-03-17,0.00038049,0.00080996,-0.00572740,-0.00360504,0.00015807
2017-03-20,-0.00293714,0.00486410,0.00048203,0.00584919,0.00047427
2017-03-21,-0.00076389,-0.00192837,-0.00149348,-0.00092595,0.00015807
2017-03-22,-0.00769921,0.00083695,-0.00292058,0.00013513,0.00015807
2017-03-23,0.00653004,0.00046217,0.00824029,0.00617619,0.00015593
2017-03-24,0.00007440,0.00244514,0.00181440,0.00094749,0.00015593
2017-03-27,-0.00645144,0.00955566,-0.00816446,0.00278757,0.00046786
2017-03-28,0.00536515,0.00112090,0.00037621,0.00252001,0.00015593
2017-03-29,0.00232457,-0.00307648,-0.00086970,-0.00254649,0.00015593
2017-03-30,0.00368371,0.00593770,0.00231753,0.00109509,0.00015486
2017-03-31,0.00593420,-0.00046851,0.00673945,0.00859218,0.00015486
2017-04-03,0.00524135,0.01253104,0.00196573,0.00163926,0.00046466
2017-04-05,0.00804034,0.00830255,0.00902142,0.00071820,0.00030975
2017-04-06,0.00090998,-0.00202189,0.00210989,-0.00106451,0.00015593
2017-04-07,-0.00456132,0.00108021,-0.00559020,0.00182354,0.00015593
2017-04-10,0.00083234,0.00639660,0.00814332,0.00784442,0.00046786
2017-04-11,0.00376989,0.00568908,-0.00189725,-0.00115342,0.00015593
2017-04-12,-0.00349897,-0.00197810,-0.00346238,-0.00110553,0.00015593
2017-04-13,-0.00547154,0.01727994,-0.01501862,0.00551087,0.00015913
2017-04-17,-0.00104996,0.01362697,0.00663103,0.00398596,0.00063669
2017-04-18,-0.00627540,-0.00308721,-0.00758740,0.00022381,0.00015913
2017-04-19,0.00412181,0.00364877,0.00317266,0.00297581,0.00015913
2017-04-20,0.00698637,0.00922732,0.00368309,0.00513054,0.00016234
2017-04-21,-0.00169082,0.00626524,0.00026038,-0.00146892,0.00016234
2017-04-24,0.00772307,0.00269930,-0.00063366,0.00171215,0.00048709
2017-04-25,0.00740876,-0.00505013,0.00094930,0.00097566,0.00016234
2017-04-26,-0.00221973,-0.00943611,-0.00358974,-0.00005013,0.00016234
2017-04-27,-0.00094817,0.00273349,0.00006233,0.00094602,0.00016447
2017-04-28,-0.00018220,-0.00348621,0.01032461,0.00683956,0.00016447
2017-05-02,0.00001188,0.00214797,-0.00323227,0.00661833,0.00065804
2017-05-03,-0.00025715,0.00390636,-0.00208110,-0.00342362,0.00016447
2017-05-04,0.00064930,0.00851101,-0.00592085,-0.00058672,0.00016554
2017-05-05,-0.00982768,0.00417737,-0.01807492,-0.00375432,0.00016554
2017-05-08,0.00415222,0.00528657,0.00539424,-0.00252809,0.00049669
2017-05-09,0.00437987,-0.00011707,0.00836769,0.00357092,0.00016554
2017-05-10,0.00856606,-0.00006630,0.00080976,0.00109904,0.00016554
2017-05-11,0.00115931,-0.00414998,0.00177901,0.00231881,0.00016660
2017-05-12,-0.00355194,-0.00219694,-0.00014827,-0.00213660,0.00016660
2017-05-15,0.00545854,-0.00258519,0.01036932,0.01399486,0.00049988
2017-05-16,0.00557171,0.00070946,-0.00689283,-0.00409526,0.00016660
2017-05-17,-0.00001099,-0.00646274,0.00861662,0.00062755,0.00016660
2017-05-18,-0.01392904,0.00258258,-0.01972624,-0.01156186,0.00016660
2017-05-19,-0.00309352,-0.00459724,0.00051391,-0.00012510,0.00016660
2017-05-22,-0.00434828,-0.00826617,-0.01148476,-0.00694111,0.00049988
2017-05-23,-0.01126095,-0.01567519,-0.00720607,0.00125136,0.00016660
2017-05-24,-0.00919362,-0.00657152,-0.01448770,-0.00195522,0.00016660
2017-05-25,0.01187419,0.00022600,0.00258290,0.00850489,0.00016660
2017-05-26,0.01139244,-0.00115697,0.01925626,0.01037609,0.00016660
2017-05-29,-0.00584515,-0.00974033,-0.01267401,-0.00092616,0.00049988
2017-05-30,0.00288328,-0.00353035,0.00195493,0.00417891,0.00016660
2017-05-31,0.00276276,0.01191633,-0.00945854,0.00799009,0.00016660
2017-06-01,0.00233795,0.01234166,-0.01196394,-0.00401209,0.00016767
2017-06-02,0.00452730,0.00317832,-0.00194369,-0.00586222,0.00016767
2017-06-05,0.00504047,0.00244757,-0.00445298,0.00380020,0.00050309
2017-06-06,-0.00447928,-0.00282886,-0.00775293,-0.00213150,0.00016767
2017-06-07,0.00242994,0.00029804,0.00492923,0.00821896,0.00016767
2017-06-08,-0.00225375,0.00316840,0.00347989,-0.00067764,0.00016660
2017-06-09,0.00043873,-0.00107600,0.01075910,0.01091279,0.00016660
2017-06-12,-0.00428640,-0.00286512,0.00100728,-0.00019204,0.00049988
2017-06-13,-0.00054043,0.00587035,-0.00045294,-0.00207902,0.00016660
2017-06-14,0.00171884,0.00166275,-0.00436905,0.00021223,0.00016660
2017-06-15,-0.00171304,0.00629616,0.00598144,-0.00736836,0.00016660
2017-06-16,0.00016830,0.00564667,0.00008869,0.00381659,0.00016660
2017-06-19,0.00277948,-0.00925827,0.00689211,0.00545097,0.00049988
2017-06-20,0.00183477,-0.00192370,0.00136155,-0.00004857,0.00016660
2017-06-21,-0.00169570,0.00711225,0.00126651,-0.00445539,0.00016660
2017-06-22,-0.00385596,0.00200229,-0.00943338,-0.00554358,0.00016660
2017-06-23,-0.00905603,-0.00479974,0.00016966,-0.00988641,0.00016660
2017-06-27,-0.00708911,-0.00930874,0.00353552,-0.00013299,0.00066657
2017-06-28,0.00001852,-0.00034509,0.01054473,-0.00071997,0.00016660
2017-06-29,0.00333504,0.00213403,0.01447635,0.00273665,0.00016660
2017-06-30,0.00508259,-0.00033778,-0.00728924,-0.00189821,0.00016660
2017-07-03,0.01120541,0.00208604,0.00467326,0.00642654,0.00049988
2017-07-04,-0.00027853,0.00208429,-0.00211621,-0.00102921,0.00016660
2017-07-05,0.00621143,0.00629262,0.00911204,0.00543698,0.00016660
2017-07-06,0.00142636,0.00432393,-0.00082658,0.00000673,0.00016767
2017-07-07,0.00052367,0.00453565,0.00105890,-0.00666644,0.00016767
2017-07-10,0.00865260,-0.00530810,0.00200381,-0.01025276,0.00050309
2017-07-11,-0.00068729,-0.00428566,-0.00686988,-0.00164094,0.00016767
2017-07-12,0.00518712,-0.00001802,0.00288271,0.00414154,0.00016767
2017-07-13,0.00428373,-0.00342404,0.00200173,-0.00155864,0.00016554
2017-07-14,-0.00163172,-0.00711737,0.00085974,-0.00171484,0.00016554
2017-07-17,0.00221412,-0.00528008,0.01122358,0.00036858,0.00049669
2017-07-18,-0.00735324,-0.00212821,0.00211041,-0.00162739,0.00016554
2017-07-19,0.00759569,0.00230266,0.01065685,0.00123043,0.00016554
2017-07-20,-0.00306415,0.00939330,0.00050606,0.00171693,0.00016234
2017-07-21,0.00374734,0.00292093,-0.00074295,-0.00182709,0.00016234
2017-07-24,0.00336186,0.00209233,0.00146980,-0.00516727,0.00048709
2017-07-25,-0.00005503,-0.00566801,0.01530777,-0.00316933,0.00016234
2017-07-26,0.00346442,-0.00228209,0.01220752,0.00181076,0.00016234
2017-07-27,-0.00811329,-0.00539699,-0.00397316,0.00702633,0.00016340
2017-07-28,-0.00036568,0.00776552,-0.00497254,0.00177671,0.00016340
2017-07-31,0.00336587,-0.00784343,0.00966528,0.00737958,0.00049029
2017-08-01,0.00146993,-0.00654836,0.00301965,0.00278851,0.00016340
2017-08-02,-0.00121111,-0.00323755,-0.00133120,0.00562996,0.00016340
2017-08-03,-0.00192385,-0.00651275,-0.01303919,0.00219244,0.00016340
2017-08-04,0.00537515,-0.00875153,0.01406892,0.00252471,0.00016340
2017-08-07,0.00369207,0.00455382,0.01207299,0.01212021,0.00049029
2017-08-08,-0.00932842,-0.01824182,-0.00095013,0.00071049,0.00016340
2017-08-09,-0.00954578,-0.01131460,0.00198308,-0.00204545,0.00016340
2017-08-10,-0.01984581,-0.02160270,-0.00969085,-0.00849065,0.00016340
2017-08-11,-0.00851406,0.01386497,-0.02136572,-0.00178180,0.00016340
2017-08-14,0.01610293,-0.00029618,0.01978886,0.01748629,0.00049029
2017-08-16,0.01040166,0.00139040,0.00874797,0.00570643,0.00032683
2017-08-17,0.00157152,0.00400196,0.01086883,-0.00160150,0.00016340
2017-08-18,-0.00179739,-0.00295413,-0.00515273,0.00622479,0.00016340
2017-08-21,-0.01018627,0.00401064,-0.00880665,0.00007639,0.00049029
2017-08-22,-0.00220927,-0.00709042,-0.00231167,0.00216761,0.00016340
2017-08-23,0.00666736,0.00257984,0.01341033,0.00628615,0.00016340
2017-08-24,0.00327514,0.00348595,0.00376043,-0.00004458,0.00016234
2017-08-28,0.00806121,0.00372710,0.00132045,0.00229616,0.00064950
2017-08-29,-0.01085276,0.00157049,-0.00570286,-0.00124357,0.00016234
2017-08-30,0.01253823,0.00032905,0.01176511,0.01069384,0.00016234
2017-08-31,0.00505843,0.00415447,0.00394398,0.00978954,0.00016234
2017-09-01,0.00713607,-0.00093933,0.00757829,-0.00739017,0.00016234
2017-09-04,-0.00633715,0.00101884,-0.00136364,-0.00464686,0.00048709
2017-09-05,0.00659929,0.00750027,0.00703310,0.00459593,0.00016234
2017-09-06,-0.00266053,0.00563709,0.00754610,0.00616131,0.00016234
2017-09-07,0.00300506,0.00002348,0.00665313,0.00116922,0.00016127
2017-09-08,-0.00128300,-0.00300512,0.00197770,0.00354423,0.00016127
2017-09-11,0.00526515,-0.00150067,0.00083035,0.00297176,0.00048389
2017-09-12,0.00959591,-0.00353636,0.00139860,0.00038212,0.00016127
2017-09-13,-0.00478890,-0.00126265,-0.00577834,-0.00751281,0.00016127
2017-09-14,0.00106180,0.00461680,-0.00381415,-0.00540423,0.00016234
2017-09-15,0.00182286,-0.00244573,-0.00491416,-0.00417996,0.00016234
2017-09-18,0.00581994,0.00433889,-0.00069628,0.00449699,0.00048709
2017-09-19,0.00196975,0.00346971,0.00193839,-0.00019817,0.00016234
2017-09-20,-0.00205540,0.00281660,0.00563238,-0.00130112,0.00016234
2017-09-21,-0.00300615,0.00169992,-0.00197933,-0.00921768,0.00016234
2017-09-22,-0.01984660,-0.00212179,-0.02016970,-0.00850455,0.00016234
2017-09-25,-0.01142236,-0.01118227,-0.00415906,-0.00188375,0.00048709
2017-09-26,0.00196119,-0.00051854,0.01284211,-0.00335122,0.00016234
2017-09-27,-0.01522381,-0.00705296,-0.00660249,-0.00127701,0.00016234
2017-09-28,0.00213747,0.00674915,0.00212927,-0.00224736,0.00016234
2017-09-29,0.00607838,0.00284760,0.00533674,0.00615376,0.00016234
2017-10-03,0.00738861,-0.00581510,0.00427074,0.00521746,0.00064950
2017-10-04,0.00670878,0.00383175,0.00087527,0.00082651,0.00016234
2017-10-05,0.00119275,0.00933899,0.00705175,0.00352649,0.00016127
2017-10-06,0.01142067,-0.00324640,0.01204304,0.00684145,0.00016127
2017-10-09,-0.00035039,0.01232830,0.00236905,0.00258041,0.00048389
2017-10-10,0.00443388,0.00388943,0.00344636,0.00348694,0.00016127
2017-10-11,-0.00224836,-0.00817938,-0.01332506,0.00282767,0.00016127
2017-10-12,0.01174438,-0.00427127,0.00633206,0.00404094,0.00016127
2017-10-13,0.00299662,-0.00415802,0.00702298,0.00520972,0.00016127
2017-10-16,0.00660636,-0.01043217,0.00372487,-0.00438161,0.00048389
2017-10-17,0.00313235,0.00108631,0.00164827,0.00496681,0.00016127
2017-10-18,0.00072754,0.00127622,0.00402579,0.00698890,0.00016234
2017-10-19,-0.00227776,0.00827624,-0.00108247,-0.00035889,0.00016234
2017-10-23,0.00461937,0.00089760,0.00776297,0.01026804,0.00064950
2017-10-24,0.00335861,0.00095510,0.00772300,0.00481936,0.00016234
2017-10-25,0.00503422,-0.00829736,0.00143749,0.00080533,0.00016234
2017-10-26,0.00537782,-0.00673244,0.01104064,0.00280209,0.00016234
2017-10-27,0.00113954,0.00717212,0.00060993,-0.01998807,0.00016234
2017-10-30,0.00716491,0.00390711,0.00379803,-0.00066293,0.00048709
2017-10-31,0.00036408,0.01213575,-0.00352384,-0.00051938,0.00016234
2017-11-01,0.00571714,-0.00587339,0.00690427,0.00280437,0.00016234
2017-11-02,0.00133048,0.00657747,-0.00643463,-0.00586158,0.00016234
2017-11-03,0.00137533,0.00279706,0.00528357,-0.00611096,0.00016234
2017-11-06,0.00356557,0.00294840,-0.00368883,-0.00179993,0.00048709
2017-11-07,-0.01114059,-0.00426616,-0.00868413,-0.00207046,0.00016234
2017-11-08,-0.00562262,-0.00168496,-0.01672775,-0.00837328,0.00016234
2017-11-09,0.00370392,-0.00029008,0.00345326,0.00784051,0.00016234
2017-11-10,-0.00106543,-0.00450256,0.00316524,0.00003468,0.00016234
2017-11-13,-0.00702030,0.00320606,-0.00704012,0.00478805,0.00048709
2017-11-14,-0.00430519,0.00647847,-0.00091853,0.00609899,0.00016234
2017-11-15,-0.00996288,-0.00330601,-0.02010078,-0.00142915,0.00016234
2017-11-16,0.00972703,0.00100995,0.00627843,-0.00108210,0.00016234
2017-11-17,0.00536464,0.00064933,0.00654738,0.00693055,0.00016234
2017-11-20,0.00376013,0.00603213,0.00828283,0.00132592,0.00048709
2017-11-21,0.00339401,0.00629313,-0.00045027,-0.00291891,0.00016234
2017-11-22,0.00121954,0.00451917,-0.00137816,0.00499400,0.00016234
2017-11-23,0.00239414,0.00567289,0.00060522,-0.00155355,0.00016234
2017-11-24,0.00352219,0.00405637,-0.00390275,-0.00280187,0.00016234
2017-11-27,0.00226954,0.00672657,0.00273708,0.00039882,0.00048709
2017-11-28,-0.00154609,0.00639355,0.00194927,0.00340191,0.00016234
2017-11-29,0.00078295,0.00130556,-0.00694173,-0.00405917,0.00016234
2017-11-30,-0.00653314,0.01103426,-0.00483394,-0.00080689,0.00016340
2017-12-01,-0.00979699,0.00099883,-0.00526062,-0.00271490,0.00016340
2017-12-04,-0.00064331,-0.00940652,-0.00098466,-0.00656416,0.00049029
2017-12-05,-0.00275002,0.00181075,-0.00353852,0.00446701,0.00016340
2017-12-06,-0.00614458,0.00508659,-0.00747164,0.00507873,0.00016340
2017-12-07,0.01437880,-0.00308919,0.00953012,0.00931528,0.00016340
2017-12-08,0.00873585,-0.00080107,0.00711840,-0.00142339,0.00016340
2017-12-11,0.00378590,0.00260570,-0.00556721,-0.00367267,0.00049029
2017-12-12,-0.00737351,0.00024721,0.00281260,-0.00479039,0.00016340
2017-12-13,-0.00490762,-0.00148030,-0.01197100,-0.00009255,0.00016340
2017-12-14,0.00071823,-0.00396759,-0.00288766,-0.00162790,0.00016340
2017-12-15,0.00757035,-0.00146309,0.01003764,0.00839976,0.00016340
2017-12-18,0.00570715,-0.00709982,-0.00118797,0.00482283,0.00049029
2017-12-19,0.01182146,0.00545699,0.00492289,0.00920608,0.00016340
2017-12-20,0.00308422,0.00521152,0.00582536,-0.00695691,0.00016340
2017-12-21,0.00335601,0.00303258,0.01175118,-0.00697657,0.00016447
2017-12-22,0.00662338,-0.00108784,0.00125308,-0.00255112,0.00016447
2017-12-26,0.00482037,0.00321575,0.01438763,-0.00384413,0.00065804
2017-12-27,-0.00333948,0.00210989,0.00296772,-0.01232109,0.00016447
2017-12-28,0.00103137,0.00043168,0.01571434,-0.00179192,0.00016447
2017-12-29,0.00721491,0.00474514,0.00372704,-0.00447895,0.00016447
2018-01-01,-0.00473039,0.00846361,0.00481141,-0.00346122,0.00049349
2018-01-02,-0.00304685,-0.00447039,0.00241198,-0.00699408,0.00016447
2018-01-03,0.00418836,0.00788172,0.01221980,0.00967947,0.00016447
2018-01-04,0.00846704,-0.00113679,0.01041088,0.00273470,0.00016660
2018-01-05,0.00657823,0.00426250,-0.00520993,0.00226723,0.00016660
2018-01-08,0.00593754,0.00604057,0.00468409,0.00182777,0.00049988
2018-01-09,-0.00084012,0.00372686,-0.00485077,-0.00179440,0.00016660
2018-01-10,0.00129685,-0.00052360,0.00125581,-0.00135953,0.00016660
2018-01-11,0.00156444,0.00258215,0.00307217,-0.00001436,0.00016767
2018-01-12,-0.00030100,0.00116615,0.00226157,0.00296991,0.00016767
2018-01-15,-0.00150431,0.00733764,0.00836188,0.00319485,0.00050309
2018-01-16,-0.00976234,-0.01279992,-0.02250356,-0.00411268,0.00016767
2018-01-17,0.00439864,-0.00319642,0.00341795,-0.00099450,0.00016767
2018-01-18,-0.01146090,-0.01127105,-0.02173181,-0.00623498,0.00016873
2018-01-19,0.00461290,-0.00304050,0.00463509,0.00579509,0.00016873
2018-01-22,0.00868212,0.00295551,-0.00527486,0.00614175,0.00050628
2018-01-23,0.00660994,-0.01356261,0.01358987,0.00474403,0.00016873
2018-01-24,-0.00396581,-0.00300651,-0.01353417,-0.01240881,0.00016873
2018-01-25,-0.00605686,-0.00457453,0.00783186,0.00225835,0.00016980
2018-01-29,-0.00189986,-0.01141653,-0.00835613,0.00367957,0.00067937
2018-01-30,-0.00663514,-0.00879543,-0.00073034,-0.00264072,0.00016980
2018-01-31,-0.00702668,0.00013435,-0.00519086,-0.00057346,0.00016980
2018-02-01,-0.00173311,-0.00131027,-0.00609448,0.00205860,0.00016980
2018-02-02,-0.02929162,-0.02171800,-0.02103611,-0.01534257,0.00016980
2018-02-05,-0.00421067,0.00216709,0.00083504,-0.00344622,0.00050948
2018-02-06,-0.01957445,-0.01219714,-0.00497326,-0.00109627,0.00016980
2018-02-07,0.00664070,0.02263678,0.00632667,0.00306523,0.00016980
2018-02-08,0.01451150,0.01615903,0.00538910,0.00836415,0.00016980
2018-02-09,-0.00191181,0.00345101,0.01227235,0.00606989,0.00016980
2018-02-12,0.01026373,0.00804449,0.00844746,0.00739449,0.00050948
2018-02-14,-0.00155464,0.00360336,-0.00054724,0.00854347,0.00033963
2018-02-15,-0.00252198,-0.01653829,-0.00326620,-0.00208930,0.00016873
2018-02-16,-0.00980652,-0.00448379,-0.00890034,-0.00280020,0.00016873
2018-02-19,-0.00917411,-0.00246250,-0.00687600,-0.00182048,0.00050628
2018-02-20,0.00122816,-0.00659441,0.00128708,-0.00314740,0.00016873
2018-02-21,0.00164816,-0.00098414,-0.00949356,0.00022133,0.00016873
2018-02-22,-0.00570076,-0.00147977,-0.00367937,0.00057159,0.00016873
2018-02-23,0.01338395,-0.00381098,0.01746991,0.00012643,0.00016873
2018-02-26,0.00587798,0.00179470,0.00156850,0.00764721,0.00050628
2018-02-27,-0.00042825,-0.00195351,-0.00668019,0.00200680,0.00016873
2018-02-28,-0.00215541,0.00362232,-0.00742459,0.00116711,0.00016873
2018-03-01,-0.00312081,0.00264943,-0.00843685,-0.00309261,0.00016873
2018-03-05,-0.01183799,0.00122090,-0.01535088,-0.00104581,0.00067510
2018-03-06,-0.00932377,-0.00641170,-0.00386535,0.00196900,0.00016873
2018-03-07,-0.01219486,-0.01141321,-0.01319169,0.00371929,0.00016873
2018-03-08,0.00338982,-0.00200621,-0.00385891,0.00493436,0.00016767
2018-03-09,-0.00197652,0.00046516,-0.01701683,0.00105014,0.00016767
2018-03-12,0.01345432,-0.01399249,0.00931691,0.00150578,0.00050309
2018-03-13,0.00322806,0.00743057,0.01246786,0.00228423,0.00016767
2018-03-14,-0.00180079,0.00534807,0.00030612,0.00313451,0.00016767
2018-03-15,-0.00156513,0.01601767,0.00454962,0.00532151,0.00016554
2018-03-16,-0.01353189,0.00677184,-0.00235982,0.00553254,0.00016554
2018-03-19,-0.01393544,-0.00501803,-0.00863130,-0.00155418,0.00049669
2018-03-20,0.00230135,-0.00938511,-0.00180878,-0.00185858,0.00016554
2018-03-21,0.00202333,0.00037313,0.00024314,0.00546180,0.00016554
2018-03-22,-0.00630816,-0.01132204,-0.00159703,-0.00031250,0.00016340
2018-03-23,-0.01015974,-0.00505080,-0.01664317,-0.00086164,0.00016340
2018-03-26,0.00778071,-0.00937335,0.00345125,0.00993083,0.00049029
2018-03-27,0.00796468,0.00568997,0.00697878,0.00648167,0.00016340
2018-03-28,-0.00757945,0.00119952,-0.01412947,0.00288033,0.00016234
2018-04-02,0.01540042,0.01330706,0.00742880,-0.01085425,0.00081194
2018-04-03,0.00640297,0.00852502,0.00582663,-0.00886912,0.00016234
2018-04-04,-0.00927660,0.00564031,-0.01367427,-0.00855368,0.00016234
2018-04-05,0.01536504,-0.00286712,0.01889133,0.00320888,0.00016234
2018-04-06,0.00217949,0.00686298,0.00044287,-0.00700930,0.00016234
2018-04-09,0.00251649,0.00269709,0.00151699,0.00224745,0.00048709
2018-04-10,0.00062623,-0.00556351,0.00607105,0.00210517,0.00016234
2018-04-11,0.00255919,-0.00663870,0.00070680,-0.00089647,0.00016234
2018-04-12,0.00116991,0.00242520,-0.01420169,0.00545738,0.00016234
2018-04-13,0.00176642,-0.00147939,0.00514049,0.00664031,0.00016234
2018-04-16,0.00336624,-0.00218564,0.00060142,0.00824236,0.00048709
2018-04-17,0.00216952,-0.00043310,-0.00010739,0.00510446,0.00016234
2018-04-18,0.00048969,-0.00473667,-0.00143007,0.00463128,0.00016234
2018-04-19,0.00657345,-0.00904198,0.02055095,0.00762925,0.00016234
2018-04-20,0.00343075,0.00256137,-0.01282126,0.01124798,0.00016234
2018-04-23,0.00341132,0.00381260,-0.00833973,0.00120042,0.00048709
2018-04-24,-0.00014505,0.00351237,-0.01227748,-0.00048708,0.00016234
2018-04-25,-0.00362979,-0.00654027,-0.00870264,0.01073511,0.00016234
2018-04-26,0.00189802,-0.00192272,-0.00600589,0.00704695,0.00016447
2018-04-27,0.00241941,-0.00234796,0.00341584,-0.00694979,0.00016447
2018-04-30,0.00464282,0.00248543,0.00211262,0.00613198,0.00049349
2018-05-02,-0.01005448,0.00447098,-0.01446976,-0.00524373,0.00032896
2018-05-03,-0.00874715,-0.00851961,0.00723887,0.00462743,0.00016554
2018-05-04,-0.00624740,0.00515348,-0.00367728,-0.00074997,0.00016554
2018-05-07,0.00671097,-0.00778052,0.01408447,-0.00308216,0.00049669
2018-05-08,-0.00005193,0.00033790,-0.00389796,0.00409561,0.00016554
2018-05-09,-0.00128487,-0.00054067,0.00402287,0.00321050,0.00016554
2018-05-10,-0.00768106,-0.00665018,-0.00836811,-0.00094012,0.00016660
2018-05-11,0.00323128,-0.00830051,0.00558557,0.00313008,0.00016660
2018-05-14,-0.00493892,-0.00936235,-0.00444870,0.00229223,0.00049988
2018-05-15,-0.00224508,-0.00761958,-0.00003822,0.00669373,0.00016660
2018-05-16,-0.00110974,-0.00090747,-0.00410760,0.01186095,0.00016660
2018-05-17,-0.00149123,0.00990200,0.00623563,-0.00038454,0.00016767
2018-05-18,-0.01174108,-0.00103467,-0.00949070,0.00357460,0.00016767
2018-05-21,-0.01248568,-0.01508868,-0.00915296,-0.00447850,0.00050309
2018-05-22,0.00456264,0.00275411,0.00636508,0.00012993,0.00016767
2018-05-23,-0.00867341,0.01354863,-0.01791713,0.00843844,0.00016767
2018-05-24,0.00187178,-0.00305480,-0.00409932,0.00810866,0.00016980
2018-05-25,0.01302831,-0.00704824,0.00995489,-0.00551876,0.00016980
2018-05-28,0.00824379,0.00833265,0.00938024,-0.01849757,0.00050948
2018-05-29,-0.00057358,-0.00142233,0.00373247,0.00149513,0.00016980
2018-05-30,-0.00208546,0.00067067,0.00154004,0.00313551,0.00016980
2018-05-31,0.00040038,-0.01040157,-0.00845884,0.00243852,0.00016980
2018-06-01,-0.00751777,-0.01071187,-0.00962526,-0.00191866,0.00016980
2018-06-04,-0.00884253,-0.02408873,-0.00309757,-0.00178212,0.00050948
2018-06-05,-0.01200910,-0.02633503,-0.00624654,-0.00081951,0.00016980
2018-06-06,0.01127764,0.00609679,0.00961405,-0.00399525,0.00016980
2018-06-07,0.01245854,0.01095552,0.01034647,0.00361480,0.00017299
2018-06-08,0.00421726,0.00568029,-0.00260101,-0.00626418,0.00017299
2018-06-11,0.00227943,0.00562186,-0.00243870,0.00171813,0.00051907
2018-06-12,0.00549479,0.00195593,-0.00281489,0.00136833,0.00017299
2018-06-13,0.00035475,-0.00063095,-0.00526156,-0.00053358,0.00017299
2018-06-14,-0.00262420,0.00468819,-0.00031191,-0.00696069,0.00017299
2018-06-15,-0.00006394,-0.00039987,-0.00987148,0.00019375,0.00017299
2018-06-18,-0.00443295,-0.00092386,-0.00923247,-0.00641838,0.00051907
2018-06-19,-0.01069850,-0.00070182,-0.01215645,-0.00172485,0.00017299
2018-06-20,0.00108947,-0.00123864,0.00776374,0.00443935,0.00017299
2018-06-21,-0.00505636,-0.00429195,-0.00668036,0.00037954,0.00017193
2018-06-22,0.00193873,-0.00418563,-0.00216475,-0.00110176,0.00017193
2018-06-25,-0.00724350,-0.00081157,0.00056402,0.00763598,0.00051588
2018-06-26,-0.00105875,-0.00971379,-0.00639153,0.00835748,0.00017193
2018-06-27,-0.01400790,-0.01084360,-0.01631174,0.00488981,0.00017193
2018-06-28,-0.01083312,-0.00562899,-0.00039556,0.00049592,0.00017299
2018-06-29,0.01667545,-0.00038591,0.01668621,0.00552793,0.00017299
2018-07-02,-0.00670104,-0.00013469,-0.00456068,0.00137653,0.00051907
2018-07-03,0.00565237,0.00077186,-0.00249664,0.00123045,0.00017299
2018-07-04,0.00385798,0.00014195,0.00117277,0.00867645,0.00017299
2018-07-05,-0.00364994,0.00353355,-0.01045720,0.00411534,0.00017193
2018-07-06,0.00373705,0.00207811,0.00199240,-0.00913819,0.00017193
2018-07-09,0.00905554,0.00442068,0.01054780,0.00456783,0.00051588
2018-07-10,0.00918625,0.00158040,0.00605783,-0.00218402,0.00017193
2018-07-11,0.00088842,0.00152158,-0.01705222,0.01976436,0.00017193
2018-07-12,0.00149494,-0.00158297,-0.00644337,0.01010316,0.00017299
2018-07-13,-0.00447467,-0.01152673,-0.00800561,0.00996634,0.00017299
2018-07-16,-0.01562741,-0.00786083,-0.01880718,0.02055803,0.00051907
2018-07-17,0.00830337,-0.00512998,0.01377506,-0.00834979,0.00017299
2018-07-18,-0.00629228,-0.00026048,-0.01301432,0.01248602,0.00017299
2018-07-19,-0.00408302,-0.00731960,-0.00668461,0.00468504,0.00017299
2018-07-20,0.00407439,-0.00084042,-0.00512167,-0.00492353,0.00017299
2018-07-23,0.00896722,-0.00202877,0.00248708,-0.01468361,0.00051907
2018-07-24,0.01276395,0.01122608,0.01684380,-0.01510402,0.00017299
2018-07-25,-0.00266432,0.00407697,0.00832556,0.00590812,0.00017299
2018-07-26,-0.00008473,0.00487210,0.00155196,-0.00523725,0.00017725
2018-07-27,0.00872925,-0.00173926,0.00722159,-0.01246701,0.00017725
2018-07-30,0.00566214,0.00314234,0.00162716,-0.01345184,0.00053185
2018-07-31,0.00755246,-0.00038871,0.00172318,0.00990475,0.00017725
2018-08-01,0.00298657,0.00657799,-0.00710171,-0.00395494,0.00017725
2018-08-02,-0.00397855,0.00491601,0.00254913,-0.00714804,0.00017832
2018-08-03,0.00865009,0.00520363,0.00270932,0.00153250,0.00017832
2018-08-06,0.00084232,0.00256862,0.00662075,-0.00306997,0.00053505
2018-08-07,-0.00130132,-0.00588460,0.00216182,0.00872047,0.00017832
2018-08-08,0.00408916,-0.00079745,0.00428157,0.00876470,0.00017832
2018-08-09,0.00047997,-0.00196706,0.00818980,-0.00449490,0.00017725
2018-08-10,-0.00358511,-0.00300514,-0.01217632,-0.00059564,0.00017725
2018-08-13,-0.00592431,-0.00371101,-0.00790916,0.01918854,0.00053185
2018-08-14,0.00662422,-0.00549725,-0.00291806,0.01010103,0.00017725
2018-08-16,-0.00228195,0.00330951,-0.01140177,0.00412651,0.00035666
2018-08-17,0.00828377,-0.00128025,0.00783149,-0.00074663,0.00017938
2018-08-20,0.00689714,-0.00879859,0.00621943,-0.00580373,0.00053823
2018-08-21,0.00247046,0.00303312,-0.00393540,0.00176887,0.00017938
2018-08-23,0.00451461,0.00000346,-0.01534161,0.01477629,0.00035986
2018-08-24,-0.00132442,-0.00360449,0.00415668,-0.00046359,0.00018044
2018-08-27,0.00886322,-0.00654496,0.00494766,0.00313568,0.00054143
2018-08-28,0.00257568,-0.00600505,0.00428276,0.01035319,0.00018044
2018-08-29,-0.00232659,0.00302494,0.00281228,-0.00526878,0.00018044
2018-08-30,0.00222582,-0.00023914,0.00716663,-0.00022715,0.00018044
2018-08-31,0.00379137,0.00475767,-0.00442933,-0.00404204,0.00018044
2018-09-03,-0.00710817,0.00828707,0.00148165,-0.01214458,0.00054143
2018-09-04,-0.01285895,-0.00583004,-0.01075244,0.01182359,0.00018044
2018-09-05,-0.00491071,-0.00290838,0.00444725,0.00726806,0.00018044
2018-09-06,0.00538875,0.00282540,0.00202181,0.00196324,0.00018044
2018-09-07,0.00755777,-0.00041666,0.00164211,-0.00538427,0.00018151
2018-09-10,-0.01294247,0.00612189,-0.00174486,-0.00245065,0.00054462
2018-09-11,-0.01388465,0.00067440,-0.00455702,0.00722215,0.00018151
2018-09-12,0.00542510,-0.00891282,-0.00195940,0.01117071,0.00018151
2018-09-14,0.01238676,-0.00004420,0.01210071,-0.00958500,0.00036624
2018-09-17,-0.00576533,0.01010473,0.00951031,-0.01269748,0.00055419
2018-09-18,-0.00831202,-0.00724265,-0.00774531,0.01774518,0.00018470
2018-09-19,-0.00427981,-0.00880976,0.00836149,0.00003060,0.00018470
2018-09-21,-0.00867768,-0.03355009,-0.00538766,0.00129538,0.00037155
2018-09-24,-0.01381413,-0.01917333,-0.00849309,0.02192012,0.00056057
2018-09-25,0.00215028,-0.01255120,-0.00092766,0.01036813,0.00018682
2018-09-26,-0.00116930,-0.00048284,0.00473417,-0.00722250,0.00018682
2018-09-27,-0.00728488,-0.00869618,-0.01470279,0.01491390,0.00019001
2018-09-28,-0.01469020,-0.03016283,-0.01558084,-0.00462438,0.00019001
2018-10-01,0.00189930,-0.01169869,0.00695153,-0.00214365,0.00057013
2018-10-03,-0.01165581,0.01861164,0.01884256,-0.01512459,0.00038005
2018-10-04,-0.02844429,0.01147687,0.00314287,0.00452283,0.00018895
2018-10-05,-0.02771103,0.02737505,-0.03621852,0.02444439,0.00018895
2018-10-08,-0.00355059,-0.01964191,-0.00395416,0.00248314,0.00056695
2018-10-09,-0.00820096,0.00312464,0.00743763,0.02206766,0.00018895
2018-10-10,0.01737258,0.01942358,0.01603159,-0.02107714,0.00018895
2018-10-11,-0.01582262,-0.00182115,0.00095510,-0.01484310,0.00018363
2018-10-12,0.02199840,0.00122930,0.01347561,-0.00783978,0.00018363
2018-10-15,0.00655848,0.00899526,0.00467079,-0.00176184,0.00055100
2018-10-16,0.01028882,0.00403799,0.00100771,-0.00141548,0.00018363
2018-10-17,-0.01491001,-0.00900179,-0.01002729,0.00946990,0.00018363
2018-10-19,-0.01064119,-0.00620946,0.00216835,0.00377614,0.00036730
2018-10-22,-0.01196775,-0.00250817,-0.00278508,0.00142029,0.00055100
2018-10-23,-0.01534697,-0.00391228,0.00855145,-0.01580367,0.00018363
2018-10-24,0.00579864,-0.00545078,0.00751984,-0.00480454,0.00018363
2018-10-25,-0.00694677,-0.00147093,-0.00676365,0.00678228,0.00018363
2018-10-26,-0.00519669,0.00467024,-0.00189053,-0.00453051,0.00018363
2018-10-29,0.02275380,-0.00270783,0.00771932,0.00136726,0.00055100
2018-10-30,0.00124736,0.01219053,-0.00422590,-0.00001836,0.00018363
2018-10-31,0.01389009,0.00209167,-0.01118835,0.00641075,0.00018363
2018-11-01,0.00229928,0.00838834,0.01102786,-0.01848723,0.00018363
2018-11-02,0.01306251,-0.00364336,0.00986475,-0.02250835,0.00018363
2018-11-05,-0.00283435,0.00234738,-0.00099298,-0.00566423,0.00055100
2018-11-06,-0.00039068,-0.00097973,0.00156708,-0.00057319,0.00018363
2018-11-07,0.00771535,0.00691988,0.00180476,-0.00421095,0.00018363
2018-11-09,0.00108315,0.00499542,0.00189731,-0.01499619,0.00036730
2018-11-12,-0.00950686,0.00394943,0.00107913,0.01545787,0.00055100
2018-11-13,0.00578605,-0.00753893,-0.00101716,0.00393893,0.00018363
2018-11-14,-0.00178180,-0.00666573,0.00422386,-0.00805405,0.00018363
2018-11-15,0.00074421,-0.00299252,-0.00879484,0.00659877,0.00018257
2018-11-16,0.00337833,-0.00680909,-0.00680572,-0.00608255,0.00018257
2018-11-19,0.00626986,-0.00215118,0.00054321,0.00020253,0.00054781
2018-11-20,-0.00999166,0.00074446,-0.00680668,-0.00470259,0.00018257
2018-11-21,-0.00417639,0.00712967,0.00164360,-0.01283650,0.00018257
2018-11-22,-0.00587242,0.00618192,-0.00394823,0.01025347,0.00018044
2018-11-26,0.00501251,-0.00443608,-0.01801887,0.00559036,0.00072197
2018-11-27,0.00386618,-0.00088181,-0.00462777,0.00813718,0.00018044
2018-11-28,-0.00032544,-0.00337089,-0.01183101,0.02384608,0.00018044
2018-11-29,0.00480651,-0.00504810,-0.00261698,-0.00128209,0.00017938
2018-11-30,0.00372767,0.00249447,-0.00476514,0.01563222,0.00017938
2018-12-03,0.00361143,-0.00366314,0.01065709,-0.00828153,0.00053823
2018-12-04,0.00083914,-0.00309516,0.00506778,0.00242578,0.00017938
2018-12-05,-0.01086523,0.00471467,-0.01501592,0.01671700,0.00017938
2018-12-06,-0.01726738,0.00561360,-0.00057062,0.00883579,0.00017832
2018-12-07,0.00227745,-0.00247017,-0.00973808,0.00910251,0.00017832
2018-12-10,-0.01787923,-0.00195457,-0.00702990,0.00558041,0.00053505
2018-12-11,0.01091978,0.00569969,0.00086939,-0.00345320,0.00017832
2018-12-12,0.01956346,0.00498792,0.00901463,-0.01039900,0.00017832
2018-12-13,0.00484173,0.00252280,-0.00350999,-0.01144569,0.00017725
2018-12-14,0.00228520,-0.00456894,0.00386087,-0.00050451,0.00017725
2018-12-17,0.00524498,-0.00351004,0.00501884,-0.00868908,0.00053185
2018-12-18,0.00218520,0.00115606,0.00310033,-0.00640048,0.00017725
2018-12-19,0.00663139,0.00375989,-0.00049372,-0.01250136,0.00017725
2018-12-20,-0.00306014,0.00625443,0.00124267,-0.01349760,0.00017512
2018-12-21,-0.01713071,0.00428501,0.00726479,-0.00699175,0.00017512
2018-12-24,-0.01001887,-0.00135473,-0.00010984,0.00838020,0.00052546
2018-12-26,0.00014929,-0.00432812,0.00054575,-0.00114143,0.00035028
2018-12-27,0.00531896,-0.00291912,-0.00344650,0.01088771,0.00017619
2018-12-28,0.00712851,-0.00225101,0.00476928,-0.00563935,0.00017619
2018-12-31,0.00216938,0.00357513,0.00361980,-0.00618806,0.00052865
2019-01-01,0.00017356,0.00625856,-0.00129328,-0.00269935,0.00017619
2019-01-02,-0.00929427,0.00589219,-0.00945489,0.00583842,0.00017619
2019-01-03,-0.00859292,0.00734864,-0.01098716,0.00512709,0.00017619
2019-01-04,0.00180991,-0.00512924,0.00981616,-0.00880689,0.00017619
2019-01-07,0.00364077,-0.00417165,0.00131495,-0.00763614,0.00052865
2019-01-08,0.00052509,0.00036520,0.00460218,-0.00790077,0.00017619
2019-01-09,0.00083467,0.00081455,-0.00615319,-0.00121846,0.00017619
2019-01-10,0.00115163,0.00423186,-0.00448085,-0.00082976,0.00017619
2019-01-11,-0.00372427,0.00024440,0.00218466,0.00384214,0.00017619
2019-01-14,-0.00606688,0.00266762,-0.00602640,0.00259791,0.00052865
2019-01-15,0.01212350,-0.00442227,0.00011378,0.00518045,0.00017619
2019-01-16,0.00051048,-0.00034301,0.00058132,-0.00350717,0.00017619
2019-01-17,-0.00029589,-0.00375239,-0.00319617,0.00353916,0.00017619
2019-01-18,-0.00250943,-0.00994740,0.00082971,0.01019184,0.00017619
2019-01-21,-0.00054505,-0.00696809,-0.00547787,0.01593443,0.00052865
2019-01-22,-0.00182098,-0.00644006,-0.00372718,0.00295517,0.00017619
2019-01-23,-0.00445100,0.00153262,0.00160319,0.00142450,0.00017619
2019-01-24,-0.00056019,-0.00761848,-0.00189891,0.00933460,0.00017512
2019-01-25,-0.01021121,-0.00876819,-0.00215818,0.01441428,0.00017512
2019-01-28,-0.01070200,-0.01116672,-0.01231805,0.01118870,0.00052546
2019-01-29,0.00115052,-0.00242752,-0.00121111,0.00398857,0.00017512
2019-01-30,0.00016006,0.00484890,0.00095412,-0.00791935,0.00017512
2019-01-31,0.01240641,-0.00405502,-0.00333817,0.00069970,0.00017406
2019-02-01,0.00782972,-0.00741607,-0.00950613,0.00395048,0.00017406
2019-02-04,-0.00366506,-0.01760456,-0.00890079,0.01954907,0.00052227
2019-02-05,-0.00277543,-0.00770085,-0.01667178,0.02031204,0.00017406
2019-02-06,0.00820872,-0.01716639,0.00511346,-0.00158001,0.00017406
2019-02-07,0.00367009,0.00382344,-0.00084478,-0.01766555,0.00017406
2019-02-08,-0.01299064,0.00958575,-0.00575385,0.03621453,0.00017406
2019-02-11,-0.00976796,-0.00416694,-0.00879724,-0.00406283,0.00052227
2019-02-12,-0.00409987,-0.00222070,0.00498128,-0.00784733,0.00017406
2019-02-13,-0.00566799,-0.00005654,-0.00795320,-0.00143909,0.00017406
2019-02-14,-0.00451522,0.00532789,0.00119393,-0.01858517,0.00016980
2019-02-15,-0.00434545,-0.00598307,0.00178341,-0.00203433,0.00016980
2019-02-18,-0.01035428,-0.00734210,0.01098902,-0.00961440,0.00050948
2019-02-19,-0.00170010,0.00356468,0.00934261,-0.00450077,0.00016980
2019-02-20,0.01271948,-0.01091054,0.01345963,-0.00604310,0.00016980
2019-02-21,0.00574498,0.00434018,0.00701011,-0.01134331,0.00016980
2019-02-22,0.00676591,0.00510963,0.00572495,-0.01264670,0.00016980
2019-02-25,0.00658599,0.00508506,-0.00657472,-0.00350919,0.00050948
2019-02-26,0.00024582,-0.00985448,-0.00219237,0.00013433,0.00016980
2019-02-27,0.00040974,0.00066767,-0.00326356,0.00402070,0.00016980
2019-02-28,0.00131182,0.00296241,0.00706245,-0.00542674,0.00016980
2019-03-01,0.00919927,0.01668935,0.00935133,-0.01710083,0.00016980
2019-03-05,0.01465329,0.02073232,0.01380486,-0.03601938,0.00067937
2019-03-06,0.00552860,0.00638918,0.00609447,-0.01166110,0.00016980
2019-03-07,-0.00199792,0.00435831,-0.00694870,0.00325872,0.00016980
2019-03-08,-0.00198546,0.00419923,-0.00976330,0.01180654,0.00016980
2019-03-11,0.01694309,-0.00539259,0.00562401,-0.01260932,0.00050948
2019-03-12,0.00870529,0.00428739,-0.00220945,-0.00421364,0.00016980
2019-03-13,-0.00501245,0.00090919,-0.00944292,0.00589468,0.00016980
2019-03-14,-0.00145538,-0.00192914,0.00327920,-0.00294823,0.00016873
2019-03-15,0.00212636,-0.01436331,0.00500023,-0.00077549,0.00016873
2019-03-18,-0.00014710,-0.00390409,-0.00064581,0.00607807,0.00050628
2019-03-19,0.00500227,-0.00414238,0.00433118,-0.00325731,0.00016873
2019-03-20,-0.00466540,0.00451756,-0.00722189,0.00643347,0.00016873
2019-03-22,-0.00462402,-0.00146702,-0.00253063,0.01423625,0.00033643
2019-03-25,-0.00815997,-0.01308836,0.00296720,0.01253294,0.00050309
2019-03-26,0.00802463,-0.00593407,0.00560399,0.00156294,0.00016767
2019-03-27,-0.00294655,0.00704130,-0.00479606,0.00813771,0.00016767
2019-03-28,0.00803815,0.00687806,-0.01331013,-0.00099428,0.00016767
2019-03-29,0.00718390,-0.00676410,0.01054943,-0.00580355,0.00016767
2019-04-01,0.00593034,0.00987208,0.00097286,-0.01370328,0.00050309
2019-04-02,0.00121063,-0.00135170,-0.00637797,-0.00518184,0.00016767
2019-04-03,-0.00670356,0.00010761,-0.00590717,0.01096155,0.00016767
2019-04-04,-0.00438275,0.00243852,-0.00263510,-0.00093618,0.00016554
2019-04-05,0.00560622,-0.00171684,0.01013034,-0.01005821,0.00016554
2019-04-08,-0.00465138,-0.00127839,0.00330604,-0.00520841,0.00049669
2019-04-09,0.00299737,-0.00267295,0.00051796,0.00139030,0.00016554
2019-04-10,-0.00303528,0.00606244,-0.00184087,-0.00658599,0.00016554
2019-04-11,0.00052918,-0.00022758,-0.00308756,-0.00282066,0.00016660
2019-04-12,0.00485478,0.00064472,-0.00575538,-0.00020111,0.00016660
2019-04-15,0.00701043,-0.00185239,0.00158236,-0.02166346,0.00049988
2019-04-16,0.00490540,-0.00615087,0.00670153,-0.00348442,0.00016660
2019-04-18,-0.00279377,-0.00686774,-0.00783096,0.01175799,0.00033430
2019-04-22,-0.01211730,0.00297840,-0.00859747,0.00459069,0.00067084
2019-04-23,-0.00048139,-0.00637169,0.00276667,0.00949771,0.00016767
2019-04-24,0.00794038,-0.00625266,0.00691117,0.00853369,0.00016767
2019-04-25,-0.00336322,0.00652251,-0.00304523,0.00507056,0.00016980
2019-04-26,0.00280686,-0.00761830,0.00374976,0.01926265,0.00016980
2019-04-30,-0.00190620,-0.01483469,-0.00814664,0.02667493,0.00067937
2019-05-02,-0.00613171,-0.00132284,0.00607532,-0.01385947,0.00034069
2019-05-03,-0.00563073,-0.00176115,0.00598308,-0.00177877,0.00017086
2019-05-06,-0.00813871,0.00120980,-0.00183484,-0.00257058,0.00051268
2019-05-07,-0.00749960,-0.00031250,-0.00408636,0.01847191,0.00017086
2019-05-08,-0.01133855,-0.00153323,-0.00742837,0.01579957,0.00017086
2019-05-09,-0.00409925,0.00373755,0.00040350,0.00163444,0.00017193
2019-05-10,-0.00426513,0.00943639,-0.00552034,-0.00253351,0.00017193
2019-05-13,-0.01542414,-0.00784958,-0.00850141,0.00986140,0.00051588
2019-05-14,0.00377015,-0.00322678,-0.00158393,0.01043529,0.00017193
2019-05-15,-0.00629650,0.00520093,-0.00609200,0.02433503,0.00017193
2019-05-16,0.00610387,-0.00937791,0.00444034,0.01104648,0.00016980
2019-05-17,0.00505314,0.00098821,-0.00416677,-0.00366600,0.00016980
2019-05-20,0.03117718,0.00100382,0.01723988,-0.02472974,0.00050948
2019-05-21,-0.00988240,0.00360260,-0.00584233,0.01567283,0.00016980
2019-05-22,0.00103266,0.00202923,0.00498531,-0.00607677,0.00016980
2019-05-23,-0.00314319,0.00340081,-0.00453779,-0.00537674,0.00016873
2019-05-24,0.01528498,0.01490766,0.01010141,-0.02037333,0.00016873
2019-05-27,0.00751276,0.01293906,0.00787167,-0.00888309,0.00050628
2019-05-28,0.00377136,-0.00138071,0.00283330,-0.01240901,0.00016873
2019-05-29,-0.00467528,0.00463738,-0.01217209,0.01220525,0.00016873
2019-05-30,0.00354046,-0.00380013,-0.00453596,0.00171002,0.00016447
2019-05-31,0.00056802,-0.01140073,-0.00247357,0.01134204,0.00016447
2019-06-03,0.01103100,-0.01215238,-0.00526617,0.00751151,0.00049349
2019-06-04,-0.00737287,0.00453553,0.00038838,-0.00235179,0.00016447
2019-06-06,-0.01205329,-0.00043136,-0.00975289,0.00923858,0.00032576
2019-06-07,-0.00215305,-0.00085221,-0.00514807,0.00687300,0.00016127
2019-06-10,0.00369411,-0.01011606,-0.01152791,0.01291746,0.00048389
2019-06-11,0.00350288,-0.01177286,0.00745292,-0.00844439,0.00016127
2019-06-12,-0.00365819,-0.00451224,0.00224818,0.00212465,0.00016127
2019-06-13,-0.00149993,-0.00447966,-0.00351866,0.00341564,0.00015807
2019-06-14,-0.00798225,-0.00019141,-0.00189394,0.00969287,0.00015807
2019-06-17,-0.01384373,0.00201195,-0.01360183,0.00743731,0.00047427
2019-06-18,0.00019686,-0.00965927,-0.00477534,0.01440518,0.00015807
2019-06-19,-0.00451780,-0.01641170,-0.00333637,0.01328072,0.00015807
2019-06-20,0.01145940,-0.00772380,0.01198982,-0.01131906,0.00015913
2019-06-21,-0.00561471,0.00637650,0.00644965,-0.00104235,0.00015913
2019-06-24,-0.00277524,0.00494079,-0.00793005,0.00873299,0.00047748
2019-06-25,0.00671889,-0.00869026,0.00103380,0.00307391,0.00015913
2019-06-26,0.00410178,-0.00150793,0.01195130,-0.00901507,0.00015913
2019-06-27,0.00048585,0.00433247,0.00230353,-0.00274492,0.00016020
2019-06-28,-0.00321682,0.00667917,-0.01258279,0.00679468,0.00016020
2019-07-01,0.00255012,0.00379371,-0.00617396,0.00027786,0.00048068
2019-07-02,0.00405169,-0.00987536,0.00617957,0.01110205,0.00016020
2019-07-03,-0.00049288,0.00209035,0.00392174,-0.00422589,0.00016020
2019-07-04,0.00117287,0.00151574,-0.00002932,0.00053734,0.00015913
2019-07-05,-0.01936227,0.01025936,-0.00628394,0.00468536,0.00015913
2019-07-08,-0.01782554,-0.00173494,-0.01769903,0.01723815,0.00047748
2019-07-09,0.00047751,-0.00618131,0.00860617,0.00104412,0.00015913
2019-07-10,-0.00749262,0.00246772,-0.00709958,0.00335641,0.00015913
2019-07-11,0.00630654,-0.00651994,0.00284047,-0.00843305,0.00015593
2019-07-12,-0.00006848,0.00402022,0.00209049,-0.00105726,0.00015593
2019-07-15,0.00155930,-0.01062283,-0.00534153,0.00235903,0.00046786
2019-07-16,0.00516044,-0.00833799,0.00267871,0.00427713,0.00015593
2019-07-17,0.00028421,0.00504366,-0.00372992,0.00326080,0.00015593
2019-07-18,-0.01224206,0.00310907,-0.01084334,0.01011065,0.00015273
2019-07-19,-0.01308172,-0.00620156,0.00178690,0.01278478,0.00015273
2019-07-22,0.00251018,-0.02533772,0.00435343,0.00142844,0.00045825
2019-07-23,0.00097244,0.00585221,-0.00386866,0.00221870,0.00015273
2019-07-24,-0.00809065,0.00195563,-0.00385622,0.01094745,0.00015273
2019-07-25,-0.00097720,-0.00173017,-0.00479685,0.00127128,0.00015273
2019-07-26,0.00153604,0.00267867,-0.00016360,-0.00744129,0.00015273
2019-07-29,-0.01079852,0.00623323,-0.01336211,0.02921586,0.00045825
2019-07-30,-0.01035500,-0.01544632,-0.01653085,0.02431510,0.00015273
2019-07-31,0.00509972,-0.00906476,-0.00074556,-0.00925604,0.00015273
2019-08-01,-0.00934350,-0.00142301,-0.00258104,0.00209938,0.00015059
2019-08-02,0.00144069,-0.00030699,-0.01127310,0.01128448,0.00015059
2019-08-05,-0.01070013,-0.00490986,-0.01447372,0.01682583,0.00045183
2019-08-06,0.00666800,0.01350362,0.00305204,-0.00458296,0.00015059
2019-08-07,-0.00516653,0.00757879,-0.01323048,0.00166077,0.00015059
2019-08-08,0.01360467,-0.00789132,-0.00694472,-0.00227531,0.00014524
2019-08-09,0.00514621,0.01180139,-0.00965321,-0.00473490,0.00014524
2019-08-13,-0.01092678,-0.00260464,-0.00677399,0.01549434,0.00058108
2019-08-14,0.00725781,-0.00681934,0.00590152,-0.01026663,0.00014524
2019-08-16,-0.00127592,-0.00354463,0.00335999,-0.00800146,0.00029157
2019-08-19,0.00146600,0.00510575,-0.00117917,0.00810754,0.00043899
2019-08-20,-0.00294805,-0.00145804,-0.00945304,0.01329262,0.00014631
2019-08-21,-0.00883333,-0.00466076,-0.01505137,0.01584149,0.00014631
2019-08-22,-0.01156024,-0.01071831,-0.01681550,0.03040661,0.00014524
2019-08-23,0.00962845,-0.01336115,0.01069470,-0.01522325,0.00014524
2019-08-26,0.01030292,0.01132726,-0.00915811,-0.00394931,0.00043578
2019-08-27,0.00601046,0.01198112,0.00690547,-0.01439319,0.00014524
2019-08-28,-0.00589917,0.00870081,-0.01647308,0.01610764,0.00014524
2019-08-29,-0.00190749,-0.00833578,0.00272281,0.01023839,0.00014417
2019-08-30,0.00833788,-0.00179555,-0.00038546,-0.00898259,0.00014417
2019-09-03,-0.01691663,0.01074046,-0.00667765,0.00602030,0.00057680
2019-09-04,0.00147123,-0.00299544,0.01075004,-0.00179894,0.00014417
2019-09-05,0.00608256,-0.00144140,0.01226246,-0.01827202,0.00014310
2019-09-06,0.00723022,0.00174866,0.01205071,-0.01432606,0.00014310
2019-09-09,0.00527753,0.01081892,0.00296377,-0.01142373,0.00042936
2019-09-11,0.00427469,0.01311652,0.02868843,-0.04191232,0.00028622
2019-09-12,-0.00586354,0.01240498,0.00161119,-0.00426125,0.00014203
2019-09-13,0.00865188,-0.00106747,0.00403730,-0.00260164,0.00014203
2019-09-16,-0.00098499,0.01628896,0.00090394,-0.01673418,0.00042614
2019-09-17,-0.01445325,-0.00244758,-0.00747543,0.01905245,0.00014203
2019-09-18,0.00439990,-0.00723035,0.00686121,0.00510739,0.00014203
2019-09-19,-0.01287093,-0.00360387,-0.00725440,0.00022967,0.00014096
2019-09-20,0.04243821,-0.02756498,0.00679492,-0.01597042,0.00014096
2019-09-23,0.01753252,0.01287171,-0.01847535,0.01670487,0.00042294
2019-09-24,0.00142842,0.00203988,-0.00737069,0.00384533,0.00014096
2019-09-25,-0.00924612,-0.00216346,-0.00888218,0.01952322,0.00014096
2019-09-26,0.00941264,-0.01527569,0.01294845,0.00382141,0.00014417
2019-09-27,-0.00576607,0.00239122,-0.01292144,0.01280604,0.00014417
2019-09-30,0.00093039,-0.02054625,-0.01117477,0.01669584,0.00043257
2019-10-01,-0.01365394,0.00082131,-0.01150436,0.03288745,0.00014417
2019-10-03,-0.00191005,-0.00070129,-0.01417868,-0.00543181,0.00028622
2019-10-04,-0.00778203,0.00014968,-0.00167309,0.00970734,0.00014203
2019-10-07,-0.00843763,-0.00521789,-0.00101683,-0.00380841,0.00042614
2019-10-09,0.00718666,-0.01346170,0.01037797,-0.00611486,0.00028408
2019-10-10,-0.00031312,-0.00611771,-0.00645688,0.00346620,0.00013882
2019-10-11,0.00423614,-0.00858358,0.00430094,0.00769724,0.00013882
2019-10-14,0.00649610,-0.00885875,0.00540852,-0.00297582,0.00041650
2019-10-15,0.00622622,-0.01293774,0.00386788,0.00290832,0.00013882
2019-10-16,0.00283155,0.00060286,-0.00799828,-0.01106681,0.00013882
2019-10-17,0.01031218,-0.00183653,-0.00436244,-0.00247527,0.00013667
2019-10-18,0.01142990,-0.00201831,0.01753126,-0.00050689,0.00013667
2019-10-22,-0.00556194,0.01736321,-0.00490554,-0.00449105,0.00054680
2019-10-23,0.00002316,0.00431073,-0.00198067,0.01684041,0.00013667
2019-10-24,0.00048577,0.00070160,-0.01300665,0.03248818,0.00013560
2019-10-25,-0.00104299,-0.00270676,-0.00770406,0.00809406,0.00013560
2019-10-27,0.00497775,0.00741865,0.00713494,-0.00687472,0.00027122
2019-10-29,0.01252723,-0.00907678,0.01069974,-0.00016696,0.00027122
2019-10-30,0.00658745,-0.00163250,0.00233934,0.00100542,0.00013560
2019-10-31,0.00540991,0.00893217,-0.01001946,-0.01632323,0.00013453
2019-11-01,-0.00238391,-0.00109050,0.02279519,-0.04683095,0.00013453
2019-11-04,0.00056839,-0.00219269,0.01589956,-0.00021089,0.00040365
2019-11-05,-0.00420746,-0.00238029,-0.00342812,0.01227653,0.00013453
2019-11-06,-0.00230883,0.00036673,-0.00032315,0.01173846,0.00013453
2019-11-07,0.00286759,-0.00224237,0.00180067,-0.00076092,0.00013448
2019-11-08,-0.01268697,0.01069609,-0.00289005,0.00171845,0.00013448
2019-11-11,-0.00235350,-0.00082481,0.00620746,-0.01310822,0.00040348
2019-11-13,-0.00315729,0.00004566,-0.01240582,0.02064630,0.00026897
2019-11-14,-0.00214701,0.00335503,-0.01824926,0.03599805,0.00013491
2019-11-15,-0.00054303,-0.00816618,0.00261851,-0.02517102,0.00013491
2019-11-18,0.00004915,-0.00926132,0.01066831,-0.03456944,0.00040477
2019-11-19,0.00305453,-0.00967065,0.00676839,-0.01845962,0.00013491
2019-11-20,0.00513794,-0.00729871,0.00618651,-0.02928824,0.00013491
2019-11-21,-0.00561278,0.01057774,-0.01033944,-0.01294329,0.00013410
2019-11-22,-0.00346463,-0.00653662,0.01480071,-0.01374802,0.00013410
2019-11-25,0.01070015,-0.00971219,0.01075433,0.00216630,0.00040235
2019-11-26,-0.00802968,0.00580666,-0.00534125,0.02094370,0.00013410
2019-11-27,0.00610814,-0.00542784,-0.00445595,0.00048218,0.00013410
2019-11-28,0.00513877,-0.00949011,0.00841766,-0.00257157,0.00013332
2019-11-29,-0.00524773,0.01078355,0.00087947,0.00274025,0.00013332
2019-12-02,-0.00123988,-0.01030342,0.00153922,-0.02329271,0.00040001
2019-12-03,-0.00640696,0.00676725,-0.01962177,0.02843237,0.00013332
2019-12-04,0.00317842,-0.01008947,0.01056521,-0.01992211,0.00013332
2019-12-05,-0.00223132,0.00787491,-0.00854682,0.00860802,0.00013072
2019-12-06,-0.00675847,-0.00460767,-0.00291709,0.01375147,0.00013072
2019-12-09,-0.00191066,-0.00561551,0.00183278,0.01169238,0.00039222
2019-12-10,-0.01052788,-0.00094589,-0.00432556,-0.00020451,0.00013072
2019-12-11,0.00273054,-0.00928577,-0.00444209,0.00034622,0.00013072
2019-12-12,0.00353092,-0.00293193,0.01215542,-0.01520628,0.00013354
2019-12-13,0.00879231,-0.00008693,0.00664975,0.00098167,0.00013354
2019-12-16,-0.00396160,0.00849794,-0.00835012,0.01010824,0.00040068
2019-12-17,0.00735942,-0.00749371,0.01102601,-0.00875421,0.00013354
2019-12-18,0.00190930,0.00027243,-0.00502581,0.01578101,0.00013354
2019-12-19,0.00652989,-0.00516443,-0.00592676,-0.00137183,0.00013378
2019-12-20,-0.00010421,-0.00042427,-0.00083994,0.00493566,0.00013378
2019-12-23,-0.00138020,-0.00009270,-0.00453438,0.00530465,0.00040139
2019-12-24,-0.00301884,0.00026745,-0.00138441,0.00184347,0.00013378
2019-12-26,-0.00393409,0.00938999,0.00771591,-0.00278566,0.00026806
2019-12-27,0.00664186,0.00182327,-0.00104542,0.01314412,0.00013426
2019-12-30,0.00266143,0.00116330,0.00887313,-0.01335987,0.00040284
2019-12-31,-0.00442341,0.00993888,0.00654503,-0.00909066,0.00013426
2020-01-01,0.00237735,0.00858781,0.00471134,-0.00003830,0.00013426
2020-01-02,0.00857135,0.00807730,0.01961698,-0.01359096,0.00013199
2020-01-03,-0.00039982,0.00439472,0.00009654,-0.00273354,0.00013199
2020-01-06,-0.01617611,-0.00650392,-0.01214705,0.01371302,0.00039601
2020-01-07,0.00607858,0.00570190,0.00784042,-0.00268423,0.00013199
2020-01-08,0.00003782,-0.00498138,0.00377937,-0.00553045,0.00013199
2020-01-09,0.01226455,0.00863956,0.00592092,0.00142516,0.00013496
2020-01-10,0.00440864,0.00136328,0.00196369,-0.00082598,0.00013496
2020-01-13,0.00677680,0.00789249,0.00407628,-0.00144032,0.00040493
2020-01-14,0.00495314,0.00358170,0.00211892,-0.00748856,0.00013496
2020-01-15,0.00387604,0.00817892,0.00614097,-0.00101505,0.00013496
2020-01-16,0.00377282,0.01255736,-0.00334496,0.00450433,0.00013719
2020-01-17,0.00486956,0.00602941,-0.01354228,0.02582253,0.00013719
2020-01-20,-0.00736051,-0.00617958,0.00200759,-0.00605597,0.00041162
2020-01-21,-0.00418391,0.00225832,-0.00318816,-0.02682354,0.00013719
2020-01-22,-0.00170874,0.00571041,-0.00882119,0.00546903,0.00013719
2020-01-23,0.00645357,-0.00224687,0.00362056,-0.00284033,0.00013663
2020-01-24,0.00499672,-0.00554999,0.00332604,-0.00889289,0.00013663
2020-01-27,-0.00591085,0.01213415,-0.01711010,0.00186407,0.00040995
2020-01-28,-0.00753190,0.00970155,-0.01880551,0.01602409,0.00013663
2020-01-29,0.00459546,-0.00042813,-0.00359730,0.00865851,0.00013663
2020-01-30,-0.01064149,-0.00192505,-0.00430041,0.01748571,0.00013689
2020-01-31,-0.01053656,0.00877409,-0.01017443,-0.00579639,0.00013689
2020-02-01,-0.01615399,-0.00370680,-0.01270499,0.01287512,0.00013689
2020-02-03,0.00526890,-0.01561589,-0.00971943,0.01715430,0.00027380
2020-02-04,0.01661969,-0.00699842,0.00515666,-0.00150324,0.00013689
2020-02-05,0.00914487,-0.01027923,0.01026660,0.00450924,0.00013689
2020-02-06,0.00208030,0.00434453,0.00753634,-0.00826810,0.00013682
2020-02-07,0.00116347,0.00439266,-0.00350041,-0.00708919,0.00013682
2020-02-10,-0.00525873,0.01182976,-0.02055173,0.02049884,0.00041053
2020-02-11,0.00168749,-0.00325466,0.00030048,-0.00097398,0.00013682
2020-02-12,0.00506865,-0.00698611,-0.00430094,0.01351156,0.00013682
2020-02-13,0.00126810,-0.00172335,-0.01067252,0.00910618,0.00013606
2020-02-14,-0.00508944,0.00558787,-0.01244348,0.01933095,0.00013606
2020-02-17,-0.00665133,-0.00549076,-0.00193058,0.01245229,0.00040824
2020-02-18,-0.00464174,0.00357695,-0.01057842,0.00583783,0.00013606
2020-02-19,0.01173629,-0.00469554,0.00963862,-0.01498069,0.00013606
2020-02-20,-0.00317166,0.00247680,0.00541855,-0.00904568,0.00013506
2020-02-24,-0.02124232,0.01701208,-0.01902682,0.01423222,0.00054037
2020-02-25,-0.00396194,-0.00423892,0.00407536,0.00370788,0.00013506
2020-02-26,-0.01160178,0.00656617,-0.00437366,0.00611545,0.00013506
2020-02-27,-0.00523278,-0.00365624,-0.00527106,0.00870702,0.00013566
2020-02-28,-0.03488104,0.00333539,-0.02445426,-0.00185307,0.00013566
2020-03-02,-0.00758289,0.00205787,-0.01050608,0.00937543,0.00040702
2020-03-03,0.01808420,-0.02808948,0.01623805,-0.01037093,0.00013566
2020-03-04,-0.00348484,-0.00911729,-0.01247561,0.00877438,0.00013566
2020-03-05,0.00300921,0.00363430,-0.00689786,0.01047259,0.00013238
2020-03-06,-0.01702127,0.00166388,-0.02668215,0.02519848,0.00013238
2020-03-09,-0.04717500,0.01441098,-0.02289607,0.03550322,0.00039720
2020-03-11,-0.00454982,0.00498304,-0.00663004,0.00454323,0.00026479
2020-03-12,-0.07987280,-0.01172753,-0.01109322,0.02583616,0.00013019
2020-03-13,0.02051644,-0.04391622,0.05122302,-0.00833270,0.00013019
2020-03-16,-0.05906702,0.01868211,-0.01111686,0.00421494,0.00039061
2020-03-17,-0.00992189,-0.00310552,-0.00726110,0.02268511,0.00013019
2020-03-18,-0.04092287,-0.02095732,0.01107212,-0.04409720,0.00013019
2020-03-19,-0.03247810,-0.00325263,-0.00167977,0.02727992,0.00012914
2020-03-20,0.06334998,-0.05407849,0.00731525,-0.01782516,0.00012914
2020-03-23,-0.10799257,0.00291810,-0.00378101,-0.00623805,0.00038748
2020-03-24,0.02213718,-0.03180326,-0.01029157,0.01688861,0.00012914
2020-03-25,0.04074183,-0.01919580,-0.01417681,0.03753789,0.00012914
2020-03-26,0.03020740,0.02252705,-0.02660780,-0.00377087,0.00014096
2020-03-27,-0.00155936,0.00863374,-0.00011349,0.00271786,0.00014096
2020-03-30,-0.01639052,0.01007415,-0.00250673,-0.00573297,0.00042294
2020-03-31,0.04059870,-0.01152608,0.00527680,-0.00152561,0.00011683
2020-04-01,-0.02973257,0.03277865,0.00604042,-0.01793617,0.00011683
2020-04-03,-0.00873876,0.00898297,0.00899119,-0.01406681,0.00023368
2020-04-07,0.07301246,-0.03458901,0.00532614,0.01672938,0.00046742
2020-04-08,0.00415650,0.01451479,0.01029070,-0.01750064,0.00011683
2020-04-09,0.02996561,0.00526476,0.01039974,-0.03124494,0.00011520
2020-04-13,-0.00423384,-0.00162953,0.01000276,-0.02915132,0.00046088
2020-04-15,0.00760732,0.00870757,-0.00048811,-0.01639185,0.00023041
2020-04-16,0.00583142,0.01276106,0.00950033,-0.02047250,0.00011131
2020-04-17,0.01550047,0.00800129,0.00269775,-0.01658858,0.00011131
2020-04-20,-0.00073663,0.01837818,-0.00756631,-0.01266217,0.00033398
2020-04-21,-0.02064826,0.00158609,-0.01204206,0.01512537,0.00011131
2020-04-22,0.02010091,-0.01041730,-0.00627787,0.00891710,0.00011131
2020-04-23,0.00735796,0.00592374,0.00375392,-0.00418283,0.00010026
2020-04-24,-0.00907190,-0.00883417,-0.00091549,0.01506427,0.00010026
2020-04-27,0.01138824,-0.00026579,-0.00134368,0.00592215,0.00030081
2020-04-28,-0.00138613,0.00896781,-0.00100337,0.00559348,0.00010026
2020-04-29,0.00874267,-0.01077845,0.01595128,-0.00909108,0.00010026
2020-04-30,0.02546386,-0.03730674,0.01612429,-0.02029899,0.00009796
2020-05-04,-0.03686871,0.01165170,-0.01391955,0.00950292,0.00039191
2020-05-05,-0.00624961,-0.00832713,-0.00130183,-0.00136125,0.00009796
2020-05-06,-0.00029774,-0.00633918,0.00454871,0.00482750,0.00009796
2020-05-07,-0.00498846,0.00391615,-0.00124706,0.01453274,0.00009796
2020-05-08,0.00743398,-0.00728694,-0.00900990,0.00817211,0.00009472
2020-05-11,0.00814771,-0.01203598,0.00196867,-0.00092107,0.00028420
2020-05-12,-0.00497273,-0.00553532,0.00835662,0.00358176,0.00009472
2020-05-13,0.01255317,0.00399333,0.01640655,-0.01737931,0.00009472
2020-05-14,-0.01292844,0.01196677,-0.00354551,0.00214831,0.00009365
2020-05-15,0.00158452,-0.00764295,0.01133641,0.00892981,0.00009365
2020-05-18,-0.02116915,-0.00281768,-0.00496640,0.02335054,0.00028096
2020-05-19,0.00617766,-0.01624874,0.00349430,-0.01433150,0.00009365
2020-05-20,0.01393535,-0.00799191,-0.00354847,0.00273979,0.00009365
2020-05-21,0.00992524,0.00164231,-0.00158949,0.00857253,0.00008835
2020-05-22,0.00005671,0.00270631,-0.00922292,0.00146812,0.00008835
2020-05-26,-0.00101192,0.00093182,0.00616594,-0.01362457,0.00035345
2020-05-27,0.00868618,-0.00352912,0.00637332,-0.00363907,0.00008835
2020-05-28,0.01414848,-0.00207942,0.00046150,-0.01188265,0.00008608
2020-05-29,0.01228195,-0.00609220,-0.00007172,-0.01405568,0.00008608
2020-06-01,0.02047774,0.00517600,0.00935119,-0.01490116,0.00025826
2020-06-02,0.00852080,0.00706626,0.01309701,-0.01965302,0.00008608
2020-06-03,0.00459580,0.01102230,0.00551354,-0.02186374,0.00008608
2020-06-04,0.00836242,-0.01222023,0.01388303,0.00351937,0.00009022
2020-06-05,0.01118114,0.01146046,0.03471993,-0.03568655,0.00009022
2020-06-08,0.00333703,0.01145635,0.01350578,-0.02486294,0.00027069
2020-06-09,-0.00781791,0.00761455,-0.01087788,0.01442294,0.00009022
2020-06-10,0.00483365,0.00690939,0.01145336,0.00444895,0.00009022
2020-06-11,-0.01637520,0.01628860,-0.01509886,0.01104140,0.00009180
2020-06-12,0.00617027,-0.01210353,0.01106825,0.01307003,0.00009180
2020-06-15,-0.00517616,0.01726208,0.00253088,0.00543207,0.00027542
2020-06-16,0.00197600,-0.00291588,-0.00238402,0.01613950,0.00009180
2020-06-17,0.00206955,0.01159302,-0.00448252,0.00384843,0.00009180
2020-06-18,0.00885648,0.00392303,0.02110708,-0.00930200,0.00008862
2020-06-19,0.01439478,-0.00038846,-0.00317779,-0.00400070,0.00008862
2020-06-22,0.00780617,0.00006199,0.01434322,-0.00910173,0.00026589
2020-06-23,0.01304372,0.00941201,0.00682442,-0.00630136,0.00008862
2020-06-24,-0.00803468,-0.00305866,0.00011712,0.00102607,0.00008862
2020-06-25,-0.00067007,0.00732969,0.00106861,0.00436228,0.00008610
2020-06-26,0.00982418,-0.00451123,0.00533026,-0.00158779,0.00008610
2020-06-29,-0.00841105,-0.00363886,0.00184573,0.00540744,0.00025833
2020-06-30,-0.00364823,-0.00180874,-0.00049922,0.00659750,0.00008610
2020-07-01,0.00167897,0.00552025,-0.00746702,-0.00626065,0.00008610
2020-07-02,0.01226249,-0.00102415,0.00045389,-0.00677758,0.00008472
2020-07-03,0.00917024,-0.00678190,-0.00383371,0.00148555,0.00008472
2020-07-06,0.01335366,-0.00409833,0.00806472,-0.00758862,0.00025418
2020-07-07,-0.00180310,0.01175908,-0.01040201,-0.00196380,0.00008472
2020-07-08,-0.00896091,0.00053579,0.00595827,-0.00640186,0.00008472
2020-07-09,0.00333283,-0.00152667,0.01075001,0.00475580,0.00008566
2020-07-10,0.00233549,-0.00654091,-0.00248240,0.01780030,0.00008566
2020-07-13,0.00826862,-0.00912431,-0.00299949,0.01090225,0.00025700
2020-07-14,-0.01237231,0.00597175,-0.01183724,0.00934841,0.00008566
2020-07-15,0.00016623,0.00374264,-0.01464348,-0.00541545,0.00008566
2020-07-16,0.00455947,-0.00780630,-0.00959370,0.00248534,0.00008676
2020-07-17,0.01260350,-0.00531263,0.01460744,0.00107629,0.00008676
2020-07-20,0.00644349,0.00350908,-0.00151202,0.00445333,0.00026031
2020-07-21,0.00521531,-0.00012293,0.00023488,-0.00545685,0.00008676
2020-07-22,-0.00272766,-0.00080103,-0.00044493,-0.00244069,0.00008676
2020-07-23,0.00650862,-0.00042861,0.00107712,-0.00033544,0.00008754
2020-07-24,0.00072993,-0.00306957,-0.00716597,0.01466231,0.00008754
2020-07-27,0.00008770,-0.01312382,-0.00825853,0.01105648,0.00026264
2020-07-28,0.01278915,-0.00924533,-0.00327366,0.00422216,0.00008754
2020-07-29,-0.00499911,0.00677381,0.01095934,-0.00789738,0.00008754
2020-07-30,-0.00224258,0.00109303,-0.00729596,0.00660468,0.00008884
2020-07-31,0.00287020,0.00016910,-0.00391657,0.00483673,0.00008884
2020-08-03,-0.00502757,0.01661119,0.00772837,0.01144170,0.00026654
2020-08-04,0.01412974,0.00172970,0.00512317,0.00775428,0.00008884
2020-08-05,0.00338477,0.00399544,0.00804173,-0.00435672,0.00008884
2020-08-06,0.00913197,0.00013746,-0.00040696,0.00374825,0.00008840
2020-08-07,0.00488195,0.00538311,0.00666658,0.00135072,0.00008840
2020-08-10,0.00646319,0.01120986,0.00513728,-0.00741842,0.00026524
2020-08-11,-0.00086114,0.00764500,0.00491958,-0.00698239,0.00008840
2020-08-12,-0.00072592,0.00368005,0.00128090,-0.01278410,0.00008840
2020-08-13,0.00531396,0.00163370,-0.00069906,-0.02538632,0.00008807
2020-08-14,-0.00727131,-0.00350654,0.00068661,-0.00309802,0.00008807
2020-08-17,0.00672470,0.00201102,0.00660228,-0.01223894,0.00026423
2020-08-18,0.01031253,0.00494205,-0.00089254,-0.00471190,0.00008807
2020-08-19,0.00311057,0.00941545,0.00352211,-0.01083987,0.00008807
2020-08-20,-0.00073858,0.00513745,0.01371521,-0.01730923,0.00008489
2020-08-21,0.00453696,0.01500015,-0.00627039,-0.00318056,0.00008489
2020-08-24,0.00336372,0.01041272,-0.00427198,0.00929458,0.00025470
2020-08-25,-0.00124474,0.00469632,-0.00514994,-0.00014608,0.00008489
2020-08-26,0.00554923,0.00518830,-0.00131261,-0.00224621,0.00008489
2020-08-27,-0.00105099,0.00376053,-0.00075914,-0.00791168,0.00008722
2020-08-28,-0.00134243,-0.01485586,0.00898937,-0.00381742,0.00008722
2020-08-31,-0.02708275,-0.02370591,-0.00397379,0.00227297,0.00026167
2020-09-01,0.00668728,-0.01322783,-0.00133895,0.00771315,0.00008722
2020-09-02,0.01140154,-0.00028282,0.00158932,0.00887827,0.00008722
2020-09-03,0.00648972,0.00320348,-0.00938108,0.00160718,0.00008608
2020-09-04,-0.01454381,0.00814758,-0.00418676,0.00180755,0.00008608
2020-09-07,0.00137862,0.00132185,-0.00349804,0.00354671,0.00025826
2020-09-08,-0.00551531,0.00665463,-0.01565841,0.00814904,0.00008608
2020-09-09,0.00022302,-0.01452859,-0.00250093,0.01477246,0.00008608
2020-09-10,0.01575268,0.00408739,-0.01026010,0.01006326,0.00008702
2020-09-11,0.00500439,-0.00010851,-0.00010580,0.00213209,0.00008702
2020-09-14,0.01294699,0.02447219,-0.01620426,-0.00147818,0.00026109
2020-09-15,0.00648251,0.00255062,-0.00273170,0.00709002,0.00008702
2020-09-16,0.00463968,0.00299287,-0.00199829,0.00536438,0.00008702
2020-09-17,-0.00569370,0.00376646,-0.00183291,0.00339369,0.00008941
2020-09-18,0.00238333,-0.00474096,-0.00029599,0.00505565,0.00008941
2020-09-21,-0.02702082,0.00063755,-0.01607723,-0.00390933,0.00026826
2020-09-22,-0.00976835,-0.00734336,-0.00802667,0.00774806,0.00008941
2020-09-23,-0.00410457,0.00649951,-0.00406558,-0.00288941,0.00008941
2020-09-24,-0.02542109,0.00304478,-0.00367057,0.00272128,0.00009043
2020-09-25,0.02429830,-0.00379541,0.01261968,-0.00354636,0.00009043
2020-09-28,0.01568027,-0.00411556,0.01036821,-0.00072612,0.00027130
2020-09-29,0.00102234,0.00206678,0.00209861,0.00687936,0.00009043
2020-09-30,0.00146757,0.00580923,-0.01184944,0.00314049,0.00009043
2020-10-01,0.00577103,0.00392730,0.00184121,-0.00195247,0.00009043
2020-10-05,0.00916534,-0.00234131,0.00600512,0.00634408,0.00036175
2020-10-06,0.00348633,0.00472734,-0.00479067,-0.00048288,0.00009043
2020-10-07,0.00259184,0.00108587,-0.01478460,0.00864943,0.00009043
2020-10-08,0.00536121,-0.00354837,-0.01005111,0.00939223,0.00008824
2020-10-09,-0.00210172,-0.00367092,0.00351940,-0.00381185,0.00008824
2020-10-12,-0.00108928,0.00351399,-0.02357656,0.00934902,0.00026475
2020-10-13,0.00211335,-0.00073075,-0.00335713,0.01308187,0.00008824
2020-10-14,-0.00234929,0.00638139,-0.00316108,0.00158636,0.00008824
2020-10-15,-0.01835482,0.00106317,0.00387871,-0.01022401,0.00008754
2020-10-16,0.00461638,-0.00691784,0.01399596,-0.00780664,0.00008754
2020-10-19,0.00222984,-0.00433576,0.01390423,-0.00988606,0.00026264
2020-10-20,0.00314844,0.00442609,-0.00619893,0.00191285,0.00008754
2020-10-21,-0.00192795,-0.00707451,0.01319311,-0.00826563,0.00008754
2020-10-22,0.00140470,-0.00113408,0.00895148,-0.00958603,0.00008592
2020-10-23,0.00471266,0.00581869,0.00419500,-0.00363922,0.00008592
2020-10-26,-0.01361987,0.00702427,-0.00845339,-0.00571608,0.00025778
2020-10-27,0.00520466,-0.00058269,-0.00645245,0.00126923,0.00008592
2020-10-28,-0.00632227,0.00003042,-0.00145031,0.00016894,0.00008592
2020-10-29,-0.00129145,0.00082829,-0.00752744,0.00856190,0.00008617
2020-10-30,0.00185010,-0.00505777,0.00666064,-0.00007479,0.00008617
2020-11-02,-0.01401780,-0.00464796,0.00415116,-0.01583676,0.00025853
2020-11-03,0.00265524,-0.00640661,0.00603778,-0.00215742,0.00008617
2020-11-04,0.00943706,-0.00070049,-0.01010358,0.00968236,0.00008617
2020-11-05,0.01694158,-0.01238384,0.01065224,-0.00293801,0.00008554
2020-11-06,0.00560041,0.00075794,-0.00004432,0.00339718,0.00008554
2020-11-09,0.01083192,-0.00905760,-0.00136840,0.00017411,0.00025664
2020-11-10,-0.00603420,-0.01256223,0.00897409,-0.03792560,0.00008554
2020-11-11,0.00620999,-0.01538857,0.01555987,-0.00527577,0.00008554
2020-11-12,0.00367215,0.00949262,0.00084399,0.00107287,0.00008476
2020-11-13,0.00435269,0.00253241,0.00844991,0.00408869,0.00008476
2020-11-14,0.00578558,0.00702045,0.00205146,-0.00246487,0.00008476
2020-11-17,0.00336630,0.00274661,0.00840730,-0.00517550,0.00025431
2020-11-18,0.00150528,0.00349775,0.00474408,-0.00775267,0.00008476
2020-11-19,-0.00386075,0.00496731,0.00514998,-0.00747845,0.00008037
2020-11-20,0.00503591,0.00153730,0.00114849,-0.00684708,0.00008037
2020-11-23,0.01351682,-0.01017559,0.01167769,0.00571800,0.00024113
2020-11-24,0.00611180,-0.00091833,-0.00016688,-0.00445208,0.00008037
2020-11-25,-0.01337680,-0.00312426,0.01288195,-0.00710093,0.00008037
2020-11-26,0.00734507,-0.00420957,0.01340208,-0.00165615,0.00007905
2020-11-27,0.00344995,0.01264127,-0.00588031,-0.00151802,0.00007905
2020-12-01,0.01302009,0.00044111,0.01312052,-0.01078231,0.00031623
2020-12-02,0.00903539,-0.00675599,0.01662495,-0.01131106,0.00007905
2020-12-03,0.00650366,0.00037329,0.02283173,-0.01392064,0.00008219
2020-12-04,0.00653818,-0.00309535,0.00586905,-0.00392074,0.00008219
2020-12-07,0.00915429,0.01635915,0.01032856,-0.00877295,0.00024658
2020-12-08,0.00176956,-0.00035951,-0.00200620,0.00098035,0.00008219
2020-12-09,0.00583685,0.00313215,0.00273580,-0.00405111,0.00008219
2020-12-10,-0.00282953,-0.00383444,0.00450215,0.00085064,0.00008383
2020-12-11,0.00299687,-0.00489213,0.02048165,-0.01711308,0.00008383
2020-12-14,0.00371656,0.00082131,0.01442907,-0.00927464,0.00025152
2020-12-15,-0.00216275,0.00184668,0.00018241,-0.00088036,0.00008383
2020-12-16,0.00894697,-0.00473044,0.00809961,-0.00359360,0.00008383
2020-12-17,-0.00113610,0.00387512,-0.01028290,0.00019139,0.00008432
2020-12-18,0.00266332,-0.00280099,-0.00889189,0.00747260,0.00008432
2020-12-21,-0.03421133,-0.00063125,-0.03370795,0.02150871,0.00025298
2020-12-22,0.01287871,-0.00685281,-0.00024784,0.00936386,0.00008432
2020-12-23,0.01744166,0.01470460,0.01514273,0.00536237,0.00008432
2020-12-24,0.00664997,-0.00416563,0.00524901,-0.00372920,0.00008383
2020-12-28,0.00813648,0.00541191,0.00831182,-0.00113821,0.00033537
2020-12-29,-0.00072092,0.00741875,-0.00479249,0.00237298,0.00008383
2020-12-30,0.00456431,-0.00145528,0.00422712,0.00139976,0.00008383
2020-12-31,-0.00015604,0.00372834,0.00743174,0.00155484,0.00008303
2021-01-01,0.00755004,0.00433636,-0.00100105,-0.00263300,0.00008303
2021-01-04,0.01521746,-0.01549021,0.02866853,0.00219882,0.00024911
2021-01-05,0.00528915,0.01374884,-0.00800251,0.00949305,0.00008303
2021-01-06,-0.00306643,-0.00992152,0.01429030,-0.00101481,0.00008303
2021-01-07,0.00237636,-0.00227046,0.01849778,-0.00480380,0.00008194
2021-01-08,0.01541292,-0.00441170,-0.01414146,-0.00120240,0.00008194
2021-01-11,0.00557629,-0.00600813,-0.00841419,0.00468371,0.00024583
2021-01-12,0.00278169,-0.00349737,0.00479133,-0.01011521,0.00008194
2021-01-13,-0.00118269,-0.01350929,0.00350018,-0.00850264,0.00008194
2021-01-14,0.00430996,0.00106650,-0.01019103,-0.00616630,0.00008836
2021-01-15,-0.01222360,0.00132363,0.00108951,-0.00349848,0.00008836
2021-01-18,-0.01273206,0.00517322,-0.02379500,-0.00422742,0.00026511
2021-01-19,0.01561710,-0.00309371,0.00618826,0.00507287,0.00008836
2021-01-20,0.00927362,-0.00432380,-0.00159304,0.00898521,0.00008836
2021-01-21,-0.00431968,0.00709304,-0.01754926,0.00430757,0.00008953
2021-01-22,-0.00763460,0.00649405,-0.01986499,-0.00107262,0.00008953
2021-01-25,-0.01309052,-0.00392825,0.00175863,-0.00064783,0.00026862
2021-01-27,-0.01095061,0.01098535,-0.00832714,-0.00009927,0.00017907
2021-01-28,-0.00814176,0.00704965,0.00974774,-0.00335997,0.00009013
2021-01-29,-0.01694088,0.01578135,0.00013588,-0.00503437,0.00009013
2021-02-01,0.02384169,-0.02033083,0.01292839,-0.00074692,0.00027043
2021-02-02,0.01940264,-0.01250332,-0.00390209,0.00031249,0.00009013
2021-02-03,0.00791624,0.00160332,0.00677721,0.00428311,0.00009013
2021-02-04,0.00862148,-0.00508897,0.00908417,-0.00161649,0.00009075
2021-02-05,-0.00351102,-0.00113368,0.00599066,0.00153343,0.00009075
2021-02-08,0.01418859,-0.00758840,0.00414993,0.00768273,0.00027227
2021-02-09,-0.00229562,-0.00364679,0.00079909,-0.00069337,0.00009075
2021-02-10,0.00317856,-0.00209204,-0.00304327,0.00485183,0.00009075
2021-02-11,0.00769549,0.00588003,0.00382976,0.00154542,0.00008980
2021-02-12,-0.00384803,0.00946056,-0.01044851,0.00477219,0.00008980
2021-02-15,0.00089989,-0.00043347,-0.00459060,0.00048609,0.00026942
2021-02-16,0.00334817,-0.01909590,0.02126833,0.00039201,0.00008980
2021-02-17,-0.00058694,0.00579336,0.00408589,-0.00069385,0.00008980
2021-02-18,0.00185760,-0.00582398,0.01850277,-0.00285556,0.00008583
2021-02-19,-0.00774095,0.01073516,-0.01336809,-0.00273764,0.00008583
2021-02-22,-0.01646656,-0.00491570,0.01827692,0.00595664,0.00025752
2021-02-23,0.00767167,-0.00955831,0.02864081,0.00497723,0.00008583
2021-02-24,0.00619212,0.00771701,-0.00059807,0.00075699,0.00008583
2021-02-25,0.01259030,-0.00743912,0.01508077,-0.00389373,0.00008544
2021-02-26,-0.02148920,0.02143538,-0.00451699,0.00311349,0.00008544
2021-03-01,0.01430529,-0.00410379,0.01046672,0.00503736,0.00025635
2021-03-02,0.01752081,0.00274939,-0.00709542,0.00487157,0.00008544
2021-03-03,0.01517488,-0.00552052,0.00780063,0.00783302,0.00008544
2021-03-04,0.00037232,0.01616123,-0.00546368,-0.00007273,0.00008678
2021-03-05,-0.01025599,-0.00173601,-0.00194055,-0.00624866,0.00008678
2021-03-08,0.00291425,-0.00063567,0.01218052,0.00728098,0.00026037
2021-03-09,-0.00247227,0.00228710,-0.01453124,-0.00526783,0.00008678
2021-03-10,0.00675022,0.00082424,0.00062859,0.01125250,0.00008678
2021-03-12,-0.00638822,0.00366989,-0.00230620,0.00349695,0.00017432
2021-03-15,-0.00329772,-0.00764510,0.00990892,0.00619017,0.00026261
2021-03-16,0.00424478,0.00340202,-0.00398799,0.00061758,0.00008753
2021-03-17,-0.01735270,-0.00100837,-0.01204638,-0.01111663,0.00008753
2021-03-18,-0.01368290,-0.01649539,0.00412329,-0.00806429,0.00008859
2021-03-19,0.01210147,-0.01058675,-0.00039282,0.00405122,0.00008859
2021-03-22,0.00910451,0.00224770,-0.00000243,0.00987429,0.00026579
2021-03-23,0.00637426,0.00937226,-0.01329364,0.00780339,0.00008859
2021-03-24,-0.01441269,0.00373166,-0.00992833,-0.00885682,0.00008859
2021-03-25,-0.02067109,-0.00500270,0.00428518,-0.00443162,0.00008964
2021-03-26,0.01224163,-0.00985055,0.00941579,0.00604881,0.00008964
2021-03-30,0.01770197,-0.01126327,-0.00200474,0.00121716,0.00035859
2021-03-31,0.00059522,0.00266605,-0.00462556,0.00329381,0.00008932
2021-04-01,0.01368286,0.00119940,0.02552373,0.01322230,0.00008932
2021-04-05,-0.00451940,-0.00786225,0.00196357,0.01099284,0.00035734
2021-04-06,0.00773911,0.00326744,-0.00119072,0.00672539,0.00008932
2021-04-07,0.00774428,0.00603838,0.00249231,0.00112280,0.00008932
2021-04-08,0.00835255,0.00077984,0.01198648,0.00790453,0.00009023
2021-04-09,0.00242236,0.00985003,-0.00488744,-0.00271054,0.00009023
2021-04-12,-0.03866286,-0.00677331,-0.02700476,-0.02312862,0.00027072
2021-04-13,0.00428785,-0.00345396,0.02242021,0.00553589,0.00009023
2021-04-15,0.00487812,-0.01323632,0.00871605,0.00512744,0.00018045
2021-04-16,0.00791542,-0.00033272,0.00432818,0.00678818,0.00009021
2021-04-19,-0.01609230,-0.00035105,-0.00755348,-0.00258066,0.00027065
2021-04-20,-0.00090845,0.00969841,0.00561445,-0.00033323,0.00009021
2021-04-22,0.00159067,0.00541802,0.00980640,0.00639870,0.00018012
2021-04-23,-0.00253209,0.00666341,0.00111227,0.00060894,0.00008991
2021-04-26,0.00753261,-0.00011032,0.00879939,0.00367131,0.00026974
2021-04-27,0.01192088,0.00199465,0.00960048,0.00771722,0.00008991
2021-04-28,0.00554618,0.00473664,-0.00367845,0.00068782,0.00008991
2021-04-29,0.00182227,-0.01120781,0.01939661,0.00864530,0.00008942
2021-04-30,-0.00701900,0.00090424,0.01447750,0.00057790,0.00008942
2021-05-03,0.00700286,0.01169257,0.01403839,0.01337147,0.00026829
2021-05-04,-0.00698695,-0.00279854,0.00034333,-0.00266425,0.00008942
2021-05-05,0.00873358,-0.00095934,0.00838244,-0.00027206,0.00008942
2021-05-06,0.00788524,-0.00524843,0.00673157,0.00947666,0.00008981
2021-05-07,0.00529235,-0.01124415,0.02632185,0.00955049,0.00008981
2021-05-10,0.00890142,0.00146476,0.02626444,0.00313328,0.00026946
2021-05-11,0.00235064,0.00466426,0.00373611,-0.00810394,0.00008981
2021-05-12,-0.00657731,0.00658171,-0.01277297,-0.01326737,0.00008981
2021-05-14,-0.00630476,0.00918411,-0.02354769,-0.01775135,0.00018055
2021-05-17,0.01053838,0.00316233,0.01093446,0.01521725,0.00027221
2021-05-18,0.01341096,-0.00711423,-0.00196287,0.01072420,0.00009073
2021-05-19,0.00133848,0.01121511,-0.00620509,-0.00095976,0.00009073
2021-05-20,-0.00401990,0.02116257,-0.01843182,-0.00421459,0.00009098
2021-05-21,0.00667718,0.00095140,-0.00161957,-0.00000468,0.00009098
2021-05-24,0.00236754,0.00682303,-0.00175360,0.00013471,0.00027296
2021-05-25,0.00359580,0.00077963,0.00979404,-0.00626164,0.00009098
2021-05-26,0.00390855,0.01656702,-0.01063881,-0.00619588,0.00009098
2021-05-27,0.00337541,0.00117046,-0.00207984,0.00592109,0.00009154
2021-05-28,0.00198948,-0.00866106,-0.00689572,-0.00353359,0.00009154
2021-05-31,0.00862005,-0.00866982,0.00378584,-0.00146903,0.00027464
2021-06-01,-0.00051228,-0.00724934,-0.00619123,-0.00030734,0.00009154
2021-06-02,0.00842754,0.00594356,0.00705072,0.00841345,0.00009154
2021-06-03,0.00796075,0.00448919,0.00636599,-0.00067238,0.00009187
2021-06-04,0.00269769,-0.00052980,0.00439845,0.00509219,0.00009187
2021-06-07,0.00963975,0.00763597,0.00041534,-0.00585587,0.00027565
2021-06-08,0.00507864,0.00713338,-0.00630603,0.00243020,0.00009187
2021-06-09,-0.00774236,0.00002923,0.00535982,0.00037251,0.00009187
2021-06-10,0.00881724,0.01311823,0.01208118,-0.00455626,0.00009164
2021-06-11,0.00559664,-0.00494349,0.01142111,0.00080984,0.00009164
2021-06-14,-0.00065521,0.00320289,0.00795627,-0.01193941,0.00027493
2021-06-15,0.00274904,0.00598511,0.00119273,-0.00847069,0.00009164
2021-06-16,-0.00792181,0.00668244,-0.00473225,-0.00568389,0.00009164
2021-06-17,-0.00504797,0.00400060,-0.00740080,-0.01075912,0.00009338
2021-06-18,-0.00477178,0.00183871,-0.01400808,-0.00756252,0.00009338
2021-06-21,0.00521762,0.00292948,0.00501140,0.00293970,0.00028015
2021-06-22,0.00529876,0.00763228,0.00110538,0.00944559,0.00009338
2021-06-23,-0.00567072,0.00289814,0.00030363,-0.00781657,0.00009338
2021-06-24,0.00146587,-0.00250536,0.00096975,0.00402550,0.00009334
2021-06-25,0.00107602,-0.00531397,0.01331755,0.01067265,0.00009334
2021-06-28,-0.00039747,0.00040958,0.01218554,0.00260136,0.00028005
2021-06-29,-0.00212396,0.01295160,-0.00462183,-0.00099426,0.00009334
2021-06-30,0.00122947,0.00933519,-0.00238220,0.00138849,0.00009334
2021-07-01,-0.00049008,0.00403922,0.00030232,-0.00097913,0.00009272
2021-07-02,0.00191268,0.01227894,-0.00394364,-0.00559973,0.00009272
2021-07-05,0.00495344,0.00544253,0.01382039,-0.00389573,0.00027818
2021-07-06,-0.00408281,0.00256185,-0.00080866,0.00329182,0.00009272
2021-07-07,0.00287979,-0.00318579,0.00711922,0.00109051,0.00009272
2021-07-08,-0.00474078,0.01189062,-0.01067509,-0.00032782,0.00009271
2021-07-09,0.00086733,-0.00074831,0.01562279,0.00746332,0.00009271
2021-07-12,0.00191181,0.01097482,0.00103768,-0.00033444,0.00027814
2021-07-13,0.00213075,0.00049526,0.00238645,0.00037847,0.00009271
2021-07-14,0.00305060,0.00058467,0.00093232,-0.00080247,0.00009271
2021-07-15,0.00344287,0.00224588,-0.00437675,0.00556006,0.00009245
2021-07-16,0.00320645,-0.00031197,0.00523402,0.00523727,0.00009245
2021-07-19,-0.00472047,0.01115756,0.00066251,-0.00421092,0.00027737
2021-07-20,-0.00637292,-0.00274222,-0.01545302,-0.00803638,0.00009245
2021-07-22,0.01199800,-0.00059955,0.01215713,0.01152331,0.00018450
2021-07-23,-0.00002169,-0.00109689,-0.00003221,0.00346307,0.00009205
2021-07-26,-0.00054324,0.00727567,0.00537198,0.00381773,0.00027617
2021-07-27,-0.00505760,0.00214187,0.01060479,0.00610058,0.00009205
2021-07-28,-0.00017484,-0.00385144,0.00416023,0.00408862,0.00009205
2021-07-29,0.00489753,-0.00876712,0.02769523,0.01034718,0.00009123
2021-07-30,0.00236218,0.00221035,-0.00196897,0.00051521,0.00009123
2021-08-02,0.01055588,0.00250782,-0.00213546,-0.00070747,0.00027370
2021-08-03,0.00944761,-0.00341673,-0.00283640,-0.00346009,0.00009123
2021-08-04,-0.00679107,-0.00742599,-0.00247606,0.00220114,0.00009123
2021-08-05,0.00159188,-0.01220166,-0.00088080,0.00287292,0.00009105
2021-08-06,-0.00044813,0.00576331,0.00049215,0.00915220,0.00009105
2021-08-09,-0.00434180,-0.00373880,-0.01279038,-0.00894930,0.00027319
2021-08-10,-0.00770680,-0.02132590,-0.01942020,-0.01487849,0.00009105
2021-08-11,0.00067571,-0.02020192,0.01968017,0.00927821,0.00009105
2021-08-12,0.00846103,0.02271201,0.00500984,0.00633403,0.00009126
2021-08-13,0.00678191,-0.00664717,-0.00054644,-0.00045026,0.00009126
2021-08-16,-0.00101845,-0.01554495,0.00503471,0.00736596,0.00027380
2021-08-17,0.00457683,0.00180559,-0.02586626,-0.00027507,0.00009126
2021-08-18,0.00084129,-0.00579336,-0.01110298,-0.00336264,0.00009126
2021-08-20,-0.01152487,0.00547131,-0.03619814,-0.01545276,0.00018090
2021-08-23,-0.00288653,-0.02566825,-0.01298970,-0.00315826,0.00026893
2021-08-24,0.00875610,0.00904342,0.02136873,0.01502580,0.00008964
2021-08-25,0.00554324,0.00309858,0.00359139,0.00252795,0.00008964
2021-08-26,0.00178052,0.00568282,-0.00988869,-0.00078469,0.00008878
2021-08-27,0.00799966,-0.00326560,0.00502905,0.01208609,0.00008878
2021-08-30,0.01225250,-0.00555542,0.01036887,0.00667630,0.00026637
2021-08-31,0.01122538,-0.00836265,-0.00547743,0.00703640,0.00008878
2021-09-01,0.00039825,0.00318380,-0.00240903,-0.00279546,0.00008878
2021-09-02,0.01128420,0.00441605,-0.00431322,-0.00311615,0.00008851
2021-09-03,0.00760856,-0.00979283,0.00653461,-0.00124537,0.00008851
2021-09-06,0.00448868,0.00388154,-0.00784009,-0.00516172,0.00026556
2021-09-07,-0.00265852,0.00206302,-0.00152781,-0.00840709,0.00008851
2021-09-08,0.00055394,0.00408035,0.00715185,0.00854349,0.00008851
2021-09-09,0.00515949,-0.00143948,0.00296209,0.00539780,0.00008860
2021-09-13,0.00292077,0.00130197,0.00001222,0.01370065,0.00035445
2021-09-14,0.00525988,0.00247258,0.00639098,0.00083974,0.00008860
2021-09-15,0.00887345,-0.00557135,0.01412809,0.00550951,0.00008860
2021-09-16,0.00178604,-0.00445228,0.00681459,-0.00858937,0.00008901
2021-09-17,-0.00841973,0.00207098,-0.00410118,-0.00068594,0.00008901
2021-09-20,-0.01202041,0.00302316,-0.00431424,-0.02433060,0.00026706
2021-09-21,0.00723084,-0.01225028,0.01003651,0.00109127,0.00008901
2021-09-22,0.00652785,0.00686413,0.00220722,-0.00019807,0.00008901
2021-09-23,0.01018135,-0.00480177,0.00374041,0.00293899,0.00009006
2021-09-24,-0.00191739,0.00444083,-0.00418778,-0.00400677,0.00009006
2021-09-27,-0.00188124,-0.00291836,0.01489289,-0.01026070,0.00027020
2021-09-28,-0.00492624,-0.01157371,0.02075595,-0.00464057,0.00009006
2021-09-29,0.00228467,-0.00957595,0.02874512,0.00836070,0.00009006
2021-09-30,-0.00131135,0.00869390,0.00422488,0.00265331,0.00009284
2021-10-01,-0.00044874,0.00558535,0.00424341,0.00469438,0.00009284
2021-10-04,0.01161028,0.00526215,0.00877862,0.01579236,0.00027853
2021-10-05,0.00920831,-0.00523851,0.02051984,-0.00172968,0.00009284
2021-10-06,-0.01079307,0.00115554,0.00619705,-0.00091073,0.00009284
2021-10-07,0.01295148,0.01062036,-0.01215738,0.00625951,0.00009360
2021-10-08,0.00643340,0.00137751,-0.00443188,-0.00058872,0.00009360
2021-10-11,-0.00054146,-0.00239272,0.01120018,0.01311846,0.00028083
2021-10-12,0.00293966,0.00230862,-0.00144328,0.00030812,0.00009360
2021-10-13,0.01079925,-0.00564864,-0.00667423,0.01208870,0.00009360
2021-10-14,0.00674251,-0.00648480,0.00106942,0.01310661,0.00009138
2021-10-18,0.00613656,-0.00680574,0.00999227,0.01792512,0.00036556
2021-10-19,-0.01307432,-0.00417701,-0.01397372,-0.00756216,0.00009138
2021-10-20,-0.01524716,-0.00136571,-0.00663089,-0.01166378,0.00009138
2021-10-21,-0.01123287,0.00478219,0.00827930,0.00650962,0.00009286
2021-10-22,-0.00947437,0.00219322,0.00052555,-0.01198331,0.00009286
2021-10-25,-0.01145341,-0.01522740,0.00772135,-0.00464570,0.00027860
2021-10-26,0.01347237,0.01092281,-0.00215344,0.01717384,0.00009286
2021-10-27,0.00195964,0.01476460,-0.00799609,0.00591653,0.00009286
2021-10-28,-0.01648887,0.00649548,-0.01080047,-0.00883162,0.00009580
2021-10-29,-0.00391138,-0.00091764,-0.00503485,0.00128663,0.00009580
2021-11-01,0.01463117,-0.00691432,0.01332263,0.01028789,0.00028744
2021-11-02,0.00023201,0.01559201,-0.00068918,0.00686396,0.00009580
2021-11-03,0.00059323,-0.00114649,-0.00304070,0.00268269,0.00009812
2021-11-04,0.00716771,0.00873983,-0.00064983,0.00135116,0.00009812
2021-11-08,0.00864084,-0.00916783,0.00873235,0.00952558,0.00039255
2021-11-09,0.00452049,0.00455765,-0.00074562,0.00732402,0.00009812
2021-11-10,0.00049724,0.00539322,-0.00271387,0.00404146,0.00009812
2021-11-11,-0.00392440,0.00168999,-0.00628042,0.00463958,0.00009522
2021-11-12,0.00984474,-0.00811164,-0.00620201,0.00200779,0.00009522
2021-11-15,0.00048532,-0.01154172,-0.00639097,-0.00458807,0.00028569
2021-11-16,-0.00157078,0.00872145,-0.00564249,0.00610086,0.00009522
2021-11-17,-0.00386960,0.00420257,-0.00231969,0.00538126,0.00009522
2021-11-18,-0.01196130,-0.00087841,0.00079033,-0.00699899,0.00009478
2021-11-22,-0.02023615,-0.00982405,-0.00653772,-0.00126782,0.00037916
2021-11-23,0.01152149,0.00422299,0.01033140,0.01394800,0.00009478
2021-11-24,-0.00429071,0.00491635,0.01960678,0.00468662,0.00009478
2021-11-25,0.01001990,0.00559202,-0.00171588,0.00277833,0.00009498
2021-11-26,-0.02598509,0.01004698,-0.00752612,-0.01303913,0.00009498
2021-11-29,-0.00629914,-0.01709990,-0.00858451,-0.01244248,0.00028498
2021-11-30,0.00140589,0.01250566,-0.00678369,0.00308257,0.00009498
2021-12-01,0.00707562,-0.00367118,-0.00134604,0.00497751,0.00009498
2021-12-02,0.01291172,-0.00393106,0.00294147,0.00270937,0.00009483
2021-12-03,-0.00540025,0.00748702,0.00795283,0.00034564,0.00009483
2021-12-06,-0.01729997,0.00653295,0.00615198,0.00127638,0.00028453
2021-12-07,0.01231162,0.00023938,0.00310659,0.00821536,0.00009483
2021-12-08,0.01494687,0.00218644,-0.00170138,0.00304093,0.00009483
2021-12-09,0.00582636,0.00997557,-0.00222291,-0.00254668,0.00009404
2021-12-10,0.00379752,0.00709132,0.00106254,0.00167137,0.00009404
2021-12-13,-0.00422989,0.00941955,0.00276925,0.00648174,0.00028216
2021-12-14,0.00065799,-0.00016400,0.00573935,0.00605555,0.00009404
2021-12-15,-0.00527072,0.00905694,-0.00008463,0.00354999,0.00009404
2021-12-16,-0.00086808,-0.00527143,0.00269911,0.00618444,0.00009497
2021-12-17,-0.01524082,-0.00220499,-0.00933424,-0.00484587,0.00009497
2021-12-20,-0.02438177,-0.00456061,-0.01670689,-0.01853827,0.00028495
2021-12-21,0.01403103,-0.00494541,0.00050468,0.00822888,0.00009497
2021-12-22,0.01360694,0.00537801,0.00118336,0.00623076,0.00009497
2021-12-23,0.00710890,-0.00183158,0.00776658,-0.00167183,0.00009954
2021-12-24,-0.00423282,0.00574863,-0.00903673,0.00348368,0.00009954
2021-12-27,0.00332919,0.00381986,-0.00165148,0.00391520,0.00029864
2021-12-28,0.01112224,0.00629635,0.01178011,0.00454895,0.00009954
2021-12-29,0.00054293,0.01020123,-0.00473818,-0.00339740,0.00009954
2021-12-30,-0.00157851,0.00190538,0.00789762,-0.00347221,0.00009834
2021-12-31,0.01008889,0.00027230,-0.00302352,-0.00171369,0.00009834
2022-01-03,0.00994403,0.00268267,0.00386285,0.00531072,0.00029505
2022-01-04,0.00688224,-0.00684966,0.01067983,0.00052802,0.00009834
2022-01-05,0.00049441,-0.00659099,0.00389190,-0.00405044,0.00009834
2022-01-06,-0.00484671,0.01104347,0.01183375,0.00961167,0.00009576
2022-01-07,0.00552298,-0.00274037,0.00905006,0.00414187,0.00009576
2022-01-10,0.00641806,0.01169434,0.00807968,0.00652553,0.00028731
2022-01-11,0.00302751,0.00615845,-0.00118767,0.00251029,0.00009576
2022-01-12,0.00755782,-0.00691438,0.00136714,-0.00333662,0.00009576
2022-01-13,0.00403036,-0.00582460,-0.00027168,0.00456757,0.00009596
2022-01-14,0.00221030,0.01008652,0.00221068,-0.00089055,0.00009596
2022-01-17,0.00578877,0.00251417,0.01029289,-0.00531214,0.00028792
2022-01-18,-0.01581229,-0.00247058,-0.00114300,-0.00538700,0.00009596
2022-01-19,-0.00458044,-0.00294515,0.01179561,-0.00030864,0.00009596
2022-01-20,-0.00559245,0.00732169,0.00506960,0.00940651,0.00009910
2022-01-21,-0.01261712,-0.00101973,-0.00903191,-0.00770639,0.00009910
2022-01-24,-0.03490171,-0.02180984,0.00865001,-0.01646914,0.00029732
2022-01-25,0.00758727,0.00190403,0.00146343,-0.00358642,0.00009910
2022-01-27,-0.01423649,0.00998074,0.01861799,-0.00183617,0.00019879
2022-01-28,0.00588196,-0.00151822,0.01146269,0.00230410,0.00009969
2022-01-31,0.01272440,-0.01092340,-0.00301176,-0.00049917,0.00029909
2022-02-01,0.01182978,-0.00568698,-0.01452702,-0.00170839,0.00009969
2022-02-02,0.00926669,0.01094246,0.00274377,0.00399359,0.00009969
2022-02-03,-0.00721801,0.01095698,0.00327965,0.00302846,0.00010433
2022-02-04,-0.00178738,0.00051265,0.00148582,0.00809326,0.00010433
2022-02-07,-0.00898416,-0.00086095,0.01226658,0.00097638,0.00031301
2022-02-08,-0.00443289,-0.00816699,-0.00909167,-0.01083088,0.00010433
2022-02-09,0.00833111,-0.00416182,-0.00286583,-0.00781554,0.00010433
2022-02-10,0.00418267,-0.00761480,0.00391129,0.00749548,0.00010445
2022-02-11,-0.01422891,-0.00631559,0.00994599,-0.00588987,0.00010445
2022-02-14,-0.02943590,-0.01546851,-0.00957372,-0.01570386,0.00031340
2022-02-15,0.02456946,-0.00471643,-0.01231165,0.00022161,0.00010445
2022-02-16,0.00089039,0.00408290,0.00737053,-0.00289273,0.00010445
2022-02-17,0.00030112,-0.01020975,-0.00135142,0.00418485,0.00009887
2022-02-18,-0.00698419,0.00044702,-0.00240703,-0.00954963,0.00009887
2022-02-21,-0.01266585,-0.01410595,-0.00488311,-0.01016400,0.00029664
2022-02-22,-0.01035425,-0.01671768,-0.00325535,-0.00063008,0.00009887
2022-02-23,0.00355314,0.01673639,-0.00389495,0.01490496,0.00009887
2022-02-24,-0.05127486,-0.01550183,-0.00625762,-0.00646526,0.00009935
2022-02-25,0.03108228,0.00915640,0.00148983,0.00596554,0.00009935
2022-02-28,0.01228469,-0.01288711,0.00510037,0.00696361,0.00029809
2022-03-02,-0.00108298,-0.00327681,0.00524917,0.01333724,0.00019872
2022-03-03,-0.00107656,-0.00097283,0.01759904,0.01786529,0.00010066
2022-03-04,-0.01763919,0.00755506,-0.00122891,-0.00527909,0.00010066
2022-03-07,-0.01858337,-0.03315000,0.03528035,-0.01160775,0.00030201
2022-03-08,0.01094073,0.01515597,-0.00840201,-0.00411943,0.00010066
2022-03-09,0.01848113,0.01530433,-0.01504915,0.00228796,0.00010066
2022-03-10,0.01428459,-0.00010925,-0.00298581,0.00773783,0.00010228
2022-03-11,0.00354540,0.00700981,0.00997598,0.00777704,0.00010228
2022-03-14,0.00351560,0.00798378,-0.00572940,0.00780243,0.00030686
2022-03-15,-0.01048860,0.01111920,-0.01217593,-0.00232133,0.00010228
2022-03-16,0.01731567,-0.00618377,0.00463947,0.00229360,0.00010228
2022-03-17,0.01373841,0.00009619,-0.00747042,0.00842270,0.00010130
2022-03-21,-0.00743437,0.00541311,0.00481935,0.00145217,0.00040524
2022-03-22,0.00705968,-0.00333543,0.00256318,0.00831501,0.00010130
2022-03-23,0.00047318,-0.00447746,0.00303467,0.00809702,0.00010130
2022-03-24,0.00465226,-0.00637478,0.00302856,0.00425176,0.00010209
2022-03-25,-0.00301275,0.00082294,-0.00042185,0.00891509,0.00010209
2022-03-28,0.00028826,-0.00952649,-0.00071063,0.00164562,0.00030631
2022-03-29,0.00524918,0.00401107,-0.01472608,-0.00549314,0.00010209
2022-03-30,0.00560924,0.01538303,-0.01256960,-0.00097820,0.00010209
2022-03-31,0.00116998,-0.00096573,0.00413471,-0.00010942,0.00010317
2022-04-01,0.01232423,0.00693078,0.01933870,-0.00676559,0.00010317
2022-04-04,0.01253262,0.00676263,0.00231138,-0.00255568,0.00030954
2022-04-05,0.00848667,0.00210028,0.00899790,-0.00151761,0.00010317
2022-04-06,0.00054164,0.00142448,0.01479984,0.00575835,0.00010317
2022-04-07,-0.00910221,0.00560340,0.00054195,-0.00949093,0.00010391
2022-04-08,0.01134185,-0.00037802,-0.00183615,-0.00053103,0.00010391
2022-04-11,0.00486313,-0.00008012,0.00143929,0.01109006,0.00031177
2022-04-12,-0.01304784,0.00523094,-0.00411903,-0.00672800,0.00010391
2022-04-13,0.00090275,0.00089960,0.01064951,-0.00425555,0.00010685
2022-04-18,-0.00823101,-0.00636810,0.01995738,0.00042835,0.00053435
2022-04-19,-0.01240723,-0.00375418,0.00993133,-0.00931894,0.00010685
2022-04-20,0.01118832,-0.00241315,-0.00259073,-0.00451396,0.00010685
2022-04-21,0.01238337,0.00392089,-0.00003734,0.00141744,0.00010633
2022-04-22,-0.00625872,0.00696211,-0.00111213,0.00500919,0.00010633
2022-04-25,-0.01882404,0.00427026,-0.01231718,-0.00374302,0.00031902
2022-04-26,0.01624380,-0.00490729,-0.00865992,0.00687409,0.00010633
2022-04-27,-0.00773260,-0.00084074,-0.00680798,-0.00247270,0.00010633
2022-04-28,0.01002298,-0.01138844,-0.00089067,-0.00557445,0.00010686
2022-04-29,-0.01024483,0.00786047,-0.00657587,-0.00222903,0.00010686
2022-05-02,-0.00528445,-0.00360078,-0.00099832,0.00192758,0.00032061
2022-05-04,-0.02281693,-0.01352857,0.01588431,-0.00398312,0.00021373
2022-05-05,0.00111484,-0.00738241,0.00293520,0.00990952,0.00010815
2022-05-06,-0.01567364,-0.01325001,0.00621064,0.00424592,0.00010815
2022-05-09,-0.01478500,-0.00795441,-0.00031308,-0.01916942,0.00032448
2022-05-10,-0.01643184,0.00608344,-0.01281762,-0.02494976,0.00010815
2022-05-11,-0.01025447,-0.02568710,-0.00753854,-0.00285632,0.00010815
2022-05-12,-0.01928662,-0.00498517,0.00066797,-0.01785878,0.00013238
2022-05-13,0.00307939,0.02411967,-0.01138789,-0.00585515,0.00013238
2022-05-16,0.00633322,0.00457555,0.00483322,0.01556450,0.00039720
2022-05-17,0.02841277,-0.00367808,0.01302968,0.01053951,0.00013238
2022-05-18,0.00174397,0.01498885,-0.00540095,0.00864423,0.00013238
2022-05-19,-0.02694951,0.00092408,0.00463017,-0.00091629,0.00013131
2022-05-20,0.02382835,0.00432509,-0.00481369,-0.00153442,0.00013131
2022-05-23,-0.00622565,0.00792914,-0.01471148,-0.00874434,0.00039399
2022-05-24,-0.01052210,-0.00532134,-0.00495705,-0.00460667,0.00013131
2022-05-25,-0.01891086,-0.02250621,0.00366962,-0.01472867,0.00013131
2022-05-26,0.00752830,-0.00248717,-0.00127320,0.00307716,0.00013064
2022-05-27,0.00906677,0.01622054,-0.01954107,0.00273955,0.00013064
2022-05-30,0.02204275,0.00142223,-0.00768273,0.00628704,0.00039197
2022-05-31,-0.00134500,-0.00434180,0.01723592,-0.01881141,0.00013064
2022-06-01,-0.00452915,0.00833823,0.00410217,-0.00146600,0.00013064
2022-06-02,0.00970028,0.00014781,-0.00024954,0.00836858,0.00013238
2022-06-03,-0.00746036,0.00069320,-0.00508781,-0.00523593,0.00013238
2022-06-06,-0.00259681,-0.00564238,0.00758959,0.00658627,0.00039720
2022-06-07,-0.00703213,-0.00764235,0.01659212,0.00882525,0.00013238
2022-06-08,-0.00399698,-0.00058332,0.00381396,-0.00401044,0.00013238
2022-06-09,0.00716458,-0.00071615,-0.00241826,0.00254361,0.00013357
2022-06-10,-0.01087123,0.00186111,0.00432167,-0.00073521,0.00013357
2022-06-13,-0.02482866,-0.00553535,-0.01156144,-0.00153557,0.00040075
2022-06-14,-0.00186231,0.00100096,-0.00739946,0.00196139,0.00013357
2022-06-15,-0.00065936,0.01059658,-0.00895008,-0.00149754,0.00013357
2022-06-16,-0.02205989,-0.00229192,-0.01420906,-0.00261592,0.00013506
2022-06-17,-0.01295198,0.00219925,-0.00493191,-0.00202543,0.00013506
2022-06-20,-0.01010559,-0.01653272,-0.03151594,-0.02476571,0.00040525
2022-06-21,0.02680825,0.00789888,0.01183218,0.01564388,0.00013506
2022-06-22,-0.01570181,0.00846769,-0.00629472,-0.00614600,0.00013506
2022-06-23,0.01110943,0.00353734,-0.00575452,-0.00452326,0.00013587
2022-06-24,0.01046450,0.00823467,0.00186451,0.00637184,0.00013587
2022-06-27,0.01055273,0.00028044,0.00313698,0.00326802,0.00040767
2022-06-28,0.00449687,-0.00489515,0.01176749,0.00726231,0.00013587
2022-06-29,-0.00078138,-0.00682811,0.00892501,0.00878734,0.00013587
2022-06-30,-0.00389479,0.00017379,-0.00446357,0.00188929,0.00013775
2022-07-01,-0.00284397,0.01953123,-0.02632080,-0.02079375,0.00013775
2022-07-04,0.00371256,0.00933414,-0.00649945,0.00196219,0.00041329
2022-07-05,0.00037412,0.00312560,-0.00148741,0.00323083,0.00013775
2022-07-06,0.01169127,0.00642203,-0.02253322,-0.00482018,0.00013775
2022-07-07,0.00807801,-0.00134465,0.00708804,-0.01082241,0.00013721
2022-07-08,0.00396417,0.00277997,0.00120442,0.00712834,0.00013721
2022-07-11,0.00534152,0.00279611,0.00753125,0.00601682,0.00041168
2022-07-12,-0.00556127,0.00592804,0.00404600,0.00608321,0.00013721
2022-07-13,-0.00317686,-0.00180853,0.00290118,-0.01451810,0.00013721
2022-07-14,0.00026701,-0.00903204,0.00052469,0.00649476,0.00013984
2022-07-15,0.00568254,0.00276514,-0.00400396,0.00711147,0.00013984
2022-07-18,0.01256125,-0.00121359,0.00221578,-0.00524729,0.00041959
2022-07-19,0.00456604,0.00741837,0.00186542,-0.00143040,0.00013984
2022-07-20,0.00787894,-0.00419992,0.00466786,0.00035088,0.00013984
2022-07-21,0.00887072,-0.00044164,-0.00044986,-0.00179326,0.00014397
2022-07-22,0.00045334,0.00655357,-0.00013806,-0.00307802,0.00014397
2022-07-25,-0.00447778,-0.00060527,-0.00089455,-0.00185212,0.00043196
2022-07-26,-0.01042162,-0.00307429,0.00059471,0.00370611,0.00014397
2022-07-27,0.00797166,-0.00593639,-0.00153830,-0.00347902,0.00014397
2022-07-28,0.01057301,-0.00726341,-0.00505791,0.00001622,0.00014979
2022-07-29,0.01458317,-0.00839056,0.00390049,-0.00377946,0.00014979
2022-08-01,0.01380399,0.00329410,0.00196199,0.00948130,0.00044942
2022-08-02,0.00358618,0.00367536,0.00155279,0.00459114,0.00014979
2022-08-03,-0.00054330,-0.00437946,-0.00674102,-0.00358017,0.00014979
2022-08-04,0.00284440,-0.00152862,-0.00715964,-0.00167873,0.00014812
2022-08-05,-0.00100492,-0.00282352,0.00354874,-0.00644797,0.00014812
2022-08-08,0.00500472,-0.00208220,0.00132497,0.00930064,0.00044442
2022-08-10,-0.00131329,-0.00142788,-0.00432350,0.00694847,0.00029626
2022-08-11,0.00463184,0.00010758,-0.00536701,-0.00620958,0.00014906
2022-08-12,0.00304314,-0.01273890,0.01464886,0.00525700,0.00014906
2022-08-16,0.01037507,-0.00205055,0.00048808,0.00691086,0.00059637
2022-08-17,0.00539105,0.00276527,0.00296729,-0.00466848,0.00014906
2022-08-18,0.00292154,0.00470869,0.00215998,0.00573342,0.00014815
2022-08-19,-0.00744943,0.00396843,0.00000136,-0.00170529,0.00014815
2022-08-22,-0.01355655,0.00906807,-0.00241732,0.00715643,0.00044451
2022-08-23,0.00407061,0.00374571,0.00641676,0.00900211,0.00014815
2022-08-24,0.00266384,0.00724972,0.00586424,0.00395292,0.00014815
2022-08-25,-0.00239087,0.00131795,0.00380924,-0.00184032,0.00014919
2022-08-26,0.00399792,-0.00135163,0.00634392,0.00329570,0.00014919
2022-08-29,-0.00782962,0.00511867,-0.00168125,0.00842437,0.00044763
2022-08-30,0.02021488,-0.00612528,-0.00006536,0.00640181,0.00014919
2022-09-01,-0.00609525,0.01763332,-0.00233969,0.00721077,0.00029928
2022-09-02,-0.00176229,0.00460545,-0.00083576,0.00470026,0.00015008
2022-09-05,0.00372657,0.00130135,0.00549421,-0.00227890,0.00045029
2022-09-06,0.00337405,-0.00398560,0.00362011,0.00558251,0.00015008
2022-09-07,0.00214623,0.00845144,0.00287565,-0.00485326,0.00015008
2022-09-08,0.00418036,0.00248514,-0.00507249,-0.00377795,0.00014994
2022-09-09,0.00171946,-0.00485725,-0.00757250,-0.00840668,0.00014994
2022-09-12,0.00827628,-0.00061117,0.00009636,0.00048404,0.00044987
2022-09-13,0.00393719,0.00130532,-0.00251377,0.00078201,0.00014994
2022-09-14,-0.00615453,0.00364944,0.00806700,0.00741756,0.00014994
2022-09-15,-0.00000717,0.00292259,0.00204767,0.01318074,0.00015218
2022-09-16,-0.02388694,-0.00041172,0.00105411,0.01028547,0.00015218
2022-09-19,0.00166503,0.00143010,-0.00282667,0.00603709,0.00045661
2022-09-20,0.01033152,-0.00208451,-0.00190541,0.00088656,0.00015218
2022-09-21,-0.00925794,0.00248403,-0.00566829,-0.00284424,0.00015218
2022-09-22,0.00432092,0.00424485,-0.00641867,0.00999384,0.00015644
2022-09-23,-0.01533635,-0.00363435,-0.00219312,-0.00401025,0.00015644
2022-09-26,-0.02408044,-0.01017685,-0.01329994,-0.01950556,0.00046940
2022-09-27,0.00187757,0.00391281,0.00134781,-0.00478310,0.00015644
2022-09-28,-0.00489663,0.00341419,-0.00744837,-0.00334289,0.00015644
2022-09-29,-0.00159514,0.00052851,0.00768064,0.00050952,0.00016413
2022-09-30,0.01226556,0.00164012,0.00304589,0.00413058,0.00016413
2022-10-03,-0.01444762,0.00193047,0.01086836,-0.01924653,0.00049247
2022-10-04,0.01966174,-0.00376208,0.00346979,0.00466312,0.00016413
2022-10-06,0.00816133,0.00685243,0.00138058,0.00548861,0.00032572
2022-10-07,-0.00072253,0.00646539,0.00516467,0.00416162,0.00016157
2022-10-10,-0.00567471,0.00143615,0.00253556,-0.00587283,0.00048478
2022-10-11,-0.01658917,0.00404869,-0.00468518,0.00574820,0.00016157
2022-10-12,0.00499736,-0.00774179,0.00137865,-0.00326470,0.00016157
2022-10-13,-0.00554263,0.00063684,0.00129660,0.00147522,0.00016766
2022-10-14,-0.00175419,0.00255785,-0.00300230,-0.01137453,0.00016766
2022-10-17,0.00305170,-0.00677938,0.00023285,0.00509130,0.00050305
2022-10-18,0.01046479,-0.00344250,-0.00156616,0.00715380,0.00016766
2022-10-19,-0.00083724,0.00108944,-0.00418226,0.00478704,0.00016766
2022-10-20,0.00519253,-0.00671436,0.00143870,0.00140662,0.00016873
2022-10-21,-0.00602886,-0.00432864,0.00266861,-0.00406811,0.00016873
2022-10-24,0.00557722,0.00492175,0.00379224,-0.00078871,0.00050628
2022-10-25,-0.00220600,-0.00296890,0.00764334,-0.00194490,0.00016873
2022-10-27,0.00618404,-0.00811505,0.00730966,0.00379249,0.00033749
2022-10-28,-0.00025297,-0.00547316,0.00382078,-0.00060185,0.00016984
2022-10-31,0.01043081,-0.00584816,-0.00787346,0.00021236,0.00050961
2022-11-01,0.00973346,-0.00835528,-0.00025070,-0.00317890,0.00016984
2022-11-02,-0.00266207,0.00405892,0.00204564,0.00172436,0.00016984
2022-11-03,-0.00168192,0.00368292,0.00292209,0.00357985,0.00017166
2022-11-04,0.00523782,0.00054955,0.00579141,0.00650934,0.00017166
2022-11-07,0.00430367,-0.00037924,0.00782358,0.00430973,0.00051508
2022-11-09,-0.00401323,0.00530148,-0.00130026,0.00585719,0.00034336
2022-11-10,-0.00838090,-0.00387322,0.00249219,-0.00325336,0.00017182
2022-11-11,0.00978108,-0.00522690,-0.00153747,-0.01273068,0.00017182
2022-11-14,-0.00003356,0.00235512,0.00257465,-0.00491670,0.00051556
2022-11-15,0.00145746,-0.00258129,0.00401391,0.00165142,0.00017182
2022-11-16,-0.00450600,0.00401846,-0.00105917,-0.00266835,0.00017182
2022-11-17,-0.00459701,0.00165137,0.00151826,0.00125512,0.00017082
2022-11-18,-0.00400707,0.00065685,-0.00008382,-0.00506113,0.00017082
2022-11-21,-0.00692253,0.00223549,0.00221502,0.00049607,0.00051255
2022-11-22,0.00239173,-0.00408633,0.00153729,0.00269932,0.00017082
2022-11-23,0.00063165,0.00599556,0.00671529,0.00230515,0.00017082
2022-11-24,0.00713779,-0.00401416,0.00477513,-0.00777846,0.00017110
2022-11-25,0.00362998,-0.00055363,0.01025324,-0.00785937,0.00017110
2022-11-28,0.00400488,0.00333372,0.00908223,-0.00414058,0.00051338
2022-11-29,0.00225310,-0.00501537,-0.00295949,-0.00231701,0.00017110
2022-11-30,0.00966721,-0.00381231,-0.00253203,0.00700199,0.00017110
2022-12-01,0.00451527,0.00213684,-0.00063430,-0.01000961,0.00016980
2022-12-02,-0.00142852,0.00619313,0.00901892,-0.00980731,0.00016980
2022-12-05,-0.00112505,0.00225955,0.00970480,-0.00283232,0.00050948
2022-12-06,-0.00206637,0.00143409,-0.00164608,0.01052186,0.00016980
2022-12-07,-0.00393794,0.00299325,-0.00356828,0.00450928,0.00016980
2022-12-08,0.00044376,0.00191591,0.00102180,0.00213171,0.00017108
2022-12-09,-0.00866934,-0.00419321,-0.00568378,0.00185582,0.00017108
2022-12-12,0.00056588,0.00515316,0.01142504,0.00436563,0.00051332
2022-12-13,0.00307265,0.00232943,0.00176348,0.00155331,0.00017108
2022-12-14,0.00351234,-0.00171296,0.00553958,-0.00802989,0.00017108
2022-12-15,-0.00960986,0.00388041,0.00282149,0.00154481,0.00016980
2022-12-16,-0.01020342,0.00270177,-0.00100605,0.00163577,0.00016980
2022-12-19,0.00640166,-0.00071162,0.00315127,0.01061874,0.00050948
2022-12-20,-0.00075544,0.00352300,0.00018082,0.00638859,0.00016980
2022-12-21,-0.01364703,-0.01458644,-0.01219503,-0.02376670,0.00016980
2022-12-22,-0.00883622,-0.01559305,-0.00782741,-0.00711037,0.00016970
2022-12-23,-0.03095434,-0.01860523,-0.00887520,-0.01801026,0.00016970
2022-12-26,0.01696748,0.02083791,0.00701550,0.01717113,0.00050920
2022-12-27,0.01010239,0.00500121,0.00757794,0.00290227,0.00016970
2022-12-28,0.00341786,0.00758269,0.00176205,0.01006238,0.00016970
2022-12-29,0.00345921,-0.00126844,0.00325690,0.00672390,0.00016754
2022-12-30,-0.00077879,0.00675676,0.00559683,-0.00177275,0.00016754
2023-01-02,0.00316865,0.00118406,0.01826994,-0.00112014,0.00050270
2023-01-03,0.00111775,0.00330006,-0.00056685,-0.00325361,0.00016754
2023-01-04,-0.01041980,0.00376669,-0.00523368,-0.00061443,0.00016754
2023-01-05,0.00393203,-0.00717592,0.00383373,0.00921855,0.00016875
2023-01-06,-0.00695268,-0.00248766,0.00498599,0.00244457,0.00016875
2023-01-09,0.01227517,-0.00652720,-0.00341331,0.00242841,0.00050635
2023-01-10,-0.00614389,-0.00208893,0.00104669,-0.00878743,0.00016875
2023-01-11,-0.00354579,0.00622192,0.00616587,-0.00188696,0.00016875
2023-01-12,-0.00120381,0.00381703,-0.00592983,0.00195639,0.00016957
2023-01-13,0.00388360,0.00146402,0.00248782,0.00579667,0.00016957
2023-01-16,-0.00177306,0.00081663,-0.00478552,-0.00460711,0.00050881
2023-01-17,0.00627207,-0.00722148,-0.00431582,0.00589386,0.00016957
2023-01-18,0.00307870,-0.00145380,0.00747436,0.00234247,0.00016957
2023-01-19,-0.00429993,-0.00334412,0.00775704,0.00095387,0.00017047
2023-01-20,-0.00683821,0.00272379,0.00411622,0.00348419,0.00017047
2023-01-23,0.00071414,-0.00317337,-0.00084586,-0.00176594,0.00051150
2023-01-24,-0.00107031,-0.00281988,-0.00821513,-0.00921338,0.00017047
2023-01-25,-0.01233016,-0.00033053,0.00300008,-0.00039472,0.00017047
2023-01-27,-0.02480135,-0.00163724,0.00298478,-0.02733765,0.00034351
2023-01-30,-0.00724828,0.00331426,0.00182028,-0.01241102,0.00051530
2023-01-31,0.00642699,0.01558876,0.00718880,0.00512696,0.00017174
2023-02-01,-0.01134235,-0.00855582,-0.00299999,-0.02184496,0.00017174
2023-02-02,-0.00386400,0.00690189,-0.00419490,-0.00434402,0.00017394
2023-02-03,-0.00038558,-0.00794262,-0.00171549,0.00817303,0.00017394
2023-02-06,-0.00189280,0.00350975,0.00119723,-0.00103608,0.00052192
2023-02-07,-0.00256320,0.00334422,-0.00393499,0.00641696,0.00017394
2023-02-08,0.01057327,-0.00256657,-0.00364292,-0.00014556,0.00017394
2023-02-09,-0.00210531,-0.00017848,0.00358561,-0.00925973,0.00017680
2023-02-10,-0.00202418,0.00712156,-0.00234563,-0.00096854,0.00017680
2023-02-13,-0.00953266,-0.00661277,0.00687306,0.00010125,0.00053048
2023-02-14,0.00034187,-0.01072632,0.00101908,0.00617405,0.00017680
2023-02-15,0.00516372,0.00005316,0.00192361,0.00116906,0.00017680
2023-02-16,0.00542327,-0.00373570,0.00762408,0.00270991,0.00017832
2023-02-17,-0.00385654,-0.00090693,0.00388069,-0.00012578,0.00017832
2023-02-20,-0.00374359,0.00029919,-0.00414699,-0.00183659,0.00053505
2023-02-21,-0.00243119,-0.00120497,0.00461163,0.00297710,0.00017832
2023-02-22,-0.01427149,-0.00139037,-0.00449978,-0.00593660,0.00017832
2023-02-23,-0.00297167,0.00340718,0.00386102,0.00225360,0.00018053
2023-02-24,-0.00297629,-0.00187606,0.00597004,-0.00388442,0.00018053
2023-02-27,-0.01194039,-0.00885319,-0.00027909,-0.00464005,0.00054168
2023-02-28,-0.00141929,0.00712744,-0.00944736,0.00553173,0.00018053
2023-03-01,0.01248122,0.00217328,0.00458918,-0.00860074,0.00018053
2023-03-02,-0.00311512,0.00311242,0.00391295,-0.00577956,0.00018370
2023-03-03,0.01122003,-0.00228151,0.00029070,-0.00863582,0.00018370
2023-03-06,0.00783713,-0.00088909,0.00295826,-0.00476763,0.00055119
2023-03-08,0.00402934,0.00277763,0.00886339,0.00329252,0.00036743
2023-03-09,-0.00691459,0.00832255,0.00338204,0.00020344,0.00018443
2023-03-10,-0.00379049,-0.00020467,0.00285243,0.00139982,0.00018443
2023-03-13,-0.01436622,-0.01235067,-0.00346398,-0.00453484,0.00055339
2023-03-14,-0.00861255,-0.00072378,0.00198966,0.01115558,0.00018443
2023-03-15,-0.00045422,-0.00291403,0.00507301,-0.00131277,0.00018443
2023-03-16,-0.00018301,-0.00717531,-0.00241672,0.00201149,0.00018160
2023-03-17,0.00470362,0.00267433,-0.00003087,-0.00513198,0.00018160
2023-03-20,-0.00785219,-0.00349629,-0.00355602,0.00881448,0.00054490
2023-03-21,0.00338808,0.00284065,-0.00142440,-0.00237750,0.00018160
2023-03-22,0.00383748,0.00409544,-0.00337447,-0.00180305,0.00018160
2023-03-23,-0.00223270,-0.00108028,-0.00117464,0.00409791,0.00018160
2023-03-24,-0.00872895,-0.00253295,-0.00944814,0.00377983,0.00017851
2023-03-27,-0.00443155,-0.01727537,-0.00263051,0.00944722,0.00053562
2023-03-28,-0.00790487,-0.00741301,0.00374203,0.01651272,0.00017851
2023-03-29,0.01098736,0.00951164,0.00626006,0.00581170,0.00017851
2023-03-31,0.01380982,-0.00116127,-0.00790837,-0.00408747,0.00035705
2023-04-03,0.00330618,0.01849367,0.00709391,-0.00676940,0.00053562
2023-04-05,0.00656867,0.01120533,-0.00400059,0.00192334,0.00035705
2023-04-06,0.00295326,0.00698129,-0.00155575,-0.01506406,0.00018319
2023-04-10,0.00433854,-0.00741745,0.00298914,-0.01267777,0.00073295
2023-04-11,0.00319416,0.00031910,0.00290141,-0.00593520,0.00018319
2023-04-12,0.00450308,0.00342747,-0.00495766,-0.00830044,0.00018319
2023-04-13,-0.00185825,0.00594155,0.00062849,0.00605586,0.00017834
2023-04-17,-0.00287152,0.00044959,0.00420884,-0.00041547,0.00071354
2023-04-18,-0.00035107,0.00128185,0.00128226,-0.00427320,0.00017834
2023-04-19,-0.00296049,0.00599781,0.00275079,0.00000343,0.00017834
2023-04-20,-0.00010694,0.00447543,0.00216795,0.00347725,0.00017953
2023-04-21,-0.00047052,-0.00169947,-0.00263407,0.00481908,0.00017953
2023-04-24,0.00203793,0.00490405,0.00793069,0.01121679,0.00053868
2023-04-25,0.00317946,0.00173680,0.00610027,-0.00697142,0.00017953
2023-04-26,0.00287379,0.00283696,0.00427138,0.00146701,0.00017953
2023-04-27,0.00447773,0.00042125,0.00259740,-0.00008991,0.00018071
2023-04-28,0.01122965,0.00105266,-0.00318855,-0.00768838,0.00018071
2023-05-02,0.00515652,-0.00185025,0.00962466,-0.00292251,0.00072304
2023-05-03,-0.00180008,0.00692950,0.00790162,0.00836814,0.00018071
2023-05-04,0.00622979,0.00305819,-0.00105888,-0.00518996,0.00018266
2023-05-05,-0.00153146,0.00238463,-0.00225695,0.00859128,0.00018266
2023-05-08,0.00629786,-0.00637677,0.00297773,0.00558626,0.00054807
2023-05-09,-0.00024683,-0.00536567,-0.00778333,-0.00371174,0.00018266
2023-05-10,0.00319367,0.00001892,0.00237912,0.00295825,0.00018266
2023-05-11,0.00278421,0.00789629,0.00230479,-0.00435952,0.00018393
2023-05-12,-0.00255950,0.00436584,-0.00493733,0.00561352,0.00018393
2023-05-15,0.00228130,0.00021886,0.00010846,0.00158282,0.00055189
2023-05-16,-0.00200262,0.00163149,0.00571112,0.00280205,0.00018393
2023-05-17,-0.00362252,0.00646337,0.00057254,0.00740433,0.00018393
2023-05-18,-0.00666876,0.00721999,0.00065755,0.00131140,0.00018114
2023-05-19,0.00287501,-0.00431085,-0.00799648,-0.00729503,0.00018114
2023-05-22,0.00916085,-0.00789403,-0.00684082,-0.00527357,0.00054351
2023-05-23,0.00386837,-0.00368704,-0.00050481,-0.01019312,0.00018114
2023-05-24,-0.00051141,0.00199946,0.00386401,0.00117324,0.00018114
2023-05-25,0.00320405,0.00047566,-0.00356833,0.00576800,0.00017930
2023-05-26,0.00905779,-0.00269609,-0.00877835,0.00124046,0.00017930
2023-05-29,0.00168327,0.00022431,-0.00039720,0.00185951,0.00053801
2023-05-30,0.00029256,-0.00131381,-0.00429035,0.00245527,0.00017930
2023-05-31,0.00037210,0.01169807,-0.00486905,0.00451507,0.00017930
2023-06-01,0.00258027,0.00513412,-0.00160725,-0.00990628,0.00017972
2023-06-02,0.00401868,0.00416788,0.00041463,0.00573133,0.00017972
2023-06-05,0.00264858,0.00407623,0.00275742,-0.00174370,0.00053926
2023-06-06,0.00141155,0.00587597,-0.00000540,0.01002157,0.00017972
2023-06-07,0.00981675,0.00081631,0.00483113,0.00070257,0.00017972
2023-06-08,-0.00551228,-0.00268730,0.00438625,-0.00133841,0.00017897
2023-06-09,-0.00259238,0.00439537,0.00074594,0.00709152,0.00017897
2023-06-12,0.00434381,0.00031863,0.00386354,-0.00458275,0.00053700
2023-06-13,0.00789976,-0.00157057,-0.00305248,0.00349405,0.00017897
2023-06-14,0.00432048,-0.00132370,0.00366370,0.00239643,0.00017897
2023-06-15,0.00214035,0.00098940,-0.00492959,0.00158351,0.00017982
2023-06-16,0.00526451,0.00376655,-0.00059190,0.00050099,0.00017982
2023-06-19,-0.00313327,0.00789135,0.00351949,-0.00112434,0.00053954
2023-06-20,0.00370175,0.00356088,-0.00279813,0.00022940,0.00017982
2023-06-21,0.00136120,-0.00099143,0.00112743,-0.00459603,0.00017982
2023-06-22,-0.00731174,0.00051748,-0.00001390,0.00182073,0.00017852
2023-06-23,-0.01052219,-0.00090549,0.00124422,0.00366933,0.00017852
2023-06-26,0.00425049,0.00527870,-0.00092418,0.00246678,0.00053565
2023-06-27,0.00300158,0.00608389,0.00285672,0.00377554,0.00017852
2023-06-28,0.00708329,-0.00832816,-0.00268855,0.00281304,0.00017852
2023-06-30,0.00727914,-0.00327965,0.00106654,-0.00040883,0.00035765
2023-07-03,0.00320852,-0.00040994,0.00897162,0.00546097,0.00053741
2023-07-04,-0.00127519,0.00087055,-0.00071549,-0.00040369,0.00017910
2023-07-05,0.00627202,0.00241410,0.00528236,0.00713122,0.00017910
2023-07-06,0.00725339,-0.00459570,0.01333125,0.00174445,0.00017808
2023-07-07,-0.00672740,0.00478084,-0.00031093,0.00227604,0.00017808
2023-07-10,-0.00171450,-0.00147832,0.00445163,0.00500160,0.00053434
2023-07-11,0.00888062,0.00128226,-0.00002842,0.01264123,0.00017808
2023-07-12,0.00058367,0.00541786,0.00283473,0.01139619,0.00017808
2023-07-13,-0.00305854,-0.00020496,-0.00682610,0.00063037,0.00017859
2023-07-14,0.01132772,0.00375989,-0.00521052,-0.00535890,0.00017859
2023-07-17,0.00367273,0.00644649,-0.00005762,-0.00435864,0.00053587
2023-07-18,-0.00016511,-0.00447761,-0.00034055,-0.00238139,0.00017859
2023-07-19,0.00389272,0.00132051,0.00492082,0.00759130,0.00017859
2023-07-20,0.00287360,-0.00014844,0.00687814,0.00646556,0.00017792
2023-07-21,-0.00871918,0.00795285,0.01337826,0.01202051,0.00017792
2023-07-24,-0.00246972,0.00240133,0.00716152,0.00421008,0.00053386
2023-07-25,0.00352107,-0.00654620,0.00382546,-0.00827590,0.00017792
2023-07-26,0.00475030,-0.00124778,0.00246410,-0.00177081,0.00017792
2023-07-27,-0.00118857,0.00438955,-0.00179541,0.00237205,0.00017808
2023-07-28,0.00424825,-0.00360369,-0.00060537,0.00474919,0.00017808
2023-07-31,0.00851380,0.00237963,0.00872491,0.00036688,0.00053434
2023-08-01,0.00007490,0.00578794,0.00461084,-0.00461796,0.00017808
2023-08-02,-0.01028785,0.00135447,-0.00921657,-0.00369936,0.00017808
2023-08-03,-0.00241877,0.00993440,0.00121826,-0.00251881,0.00017805
2023-08-04,0.00600053,0.00248203,-0.00262848,0.00073735,0.00017805
2023-08-07,0.00367762,0.00192898,-0.00107612,0.00348464,0.00053425
2023-08-08,-0.00163079,0.00432215,0.00116208,0.00169378,0.00017805
2023-08-09,0.00445850,0.00070597,0.00717848,0.00425356,0.00017805
2023-08-10,-0.00260332,-0.00021916,0.00225654,-0.00363225,0.00017882
2023-08-11,-0.00235404,0.00021035,-0.00012693,0.00197079,0.00017882
2023-08-14,-0.00312915,-0.00101604,-0.00153390,0.01046228,0.00053655
2023-08-16,0.00329511,0.00437011,0.00036898,0.00913205,0.00035767
2023-08-17,-0.00271001,0.00858977,-0.00041244,-0.00612181,0.00017882
2023-08-18,-0.00163517,-0.00223100,-0.00362513,-0.01080569,0.00018213
2023-08-21,0.00654072,0.00143671,0.00377719,-0.00012026,0.00054650
2023-08-22,0.00543545,0.00397973,0.00329306,0.00108988,0.00018213
2023-08-23,0.00005092,0.00942570,0.00613624,0.01195734,0.00018213
2023-08-24,-0.00070370,0.00453204,-0.00197777,-0.00541996,0.00018159
2023-08-25,-0.00661287,0.00470445,-0.00035443,-0.00190635,0.00018159
2023-08-28,0.00214460,0.00387870,0.00872950,0.00110557,0.00054487
2023-08-29,0.00370054,0.00340235,0.00282433,-0.00768039,0.00018159
2023-08-30,0.00461218,0.00459536,-0.00150680,-0.00296322,0.00018159
2023-08-31,-0.00261352,0.01200037,0.00161712,0.01146234,0.00018071
2023-09-01,0.00886001,-0.00772047,0.01678758,0.00241235,0.00018071
2023-09-04,0.00722937,-0.00089478,0.01229602,0.00078119,0.00054223
2023-09-05,0.00539539,0.00022500,0.00181342,0.00236797,0.00018071
2023-09-06,0.00290962,0.00171511,-0.00347786,-0.01217535,0.00018071
2023-09-07,0.00362399,0.00193916,0.00158976,0.00099807,0.00018014
2023-09-08,0.00449756,-0.00238814,0.00358312,0.00439227,0.00018014
2023-09-11,0.00981121,-0.00769405,0.00347915,-0.00485920,0.00054050
2023-09-12,-0.01805420,-0.02334579,-0.02766513,-0.00814318,0.00018014
2023-09-13,0.00362459,0.00545585,0.01745280,0.00134533,0.00018014
2023-09-14,0.00601110,0.00255108,0.00948848,0.00411396,0.00018135
2023-09-15,0.00272809,0.00697862,-0.00366797,0.00312324,0.00018135
2023-09-18,-0.00322043,-0.00328326,0.00024706,-0.00407287,0.00054414
2023-09-20,-0.00730128,0.00141896,0.00476755,0.00165330,0.00036273
2023-09-21,-0.00661202,0.00012649,-0.00576337,-0.00569785,0.00018154
2023-09-22,-0.00215718,0.00461681,-0.00031817,0.00061170,0.00018154
2023-09-25,-0.00140782,0.00343018,0.00517802,0.00368307,0.00054471
2023-09-26,0.00127207,0.00091314,0.00249629,0.00605635,0.00018154
2023-09-27,0.00435055,0.00163472,-0.00468505,0.00244841,0.00018154
2023-09-28,-0.01080239,0.00542724,0.00278388,0.00409344,0.00018154
2023-09-29,0.00685265,-0.00500710,0.01316003,0.00770885,0.00018179
2023-10-03,-0.00254439,0.01116866,-0.00732467,0.00122676,0.00072738
2023-10-04,-0.00640948,0.00046699,-0.00702503,-0.01277883,0.00018179
2023-10-05,0.00394600,0.00519060,-0.00031946,0.00382750,0.00018177
2023-10-06,0.00502302,0.00250470,0.00068930,0.00278234,0.00018177
2023-10-09,-0.01026730,-0.00739944,-0.00827773,-0.00144582,0.00054542
2023-10-10,0.00983894,0.00351325,0.00901559,0.00856506,0.00018177
2023-10-11,0.00669420,0.00382378,-0.00001945,0.00147723,0.00018177
2023-10-12,0.00111859,0.00514178,0.00836825,0.00702224,0.00018230
2023-10-13,0.00063937,0.00167125,0.00229253,0.00442185,0.00018230
2023-10-16,-0.00010037,0.00384647,0.01005588,0.00855389,0.00054701
2023-10-17,0.00390380,0.00178730,0.00472341,0.00564800,0.00018230
2023-10-18,-0.00577740,0.00274785,-0.00492441,-0.00004743,0.00018230
2023-10-19,-0.00101085,0.00676795,0.00183722,0.00281396,0.00018252
2023-10-20,-0.00771250,0.00021542,-0.00686436,0.00117245,0.00018252
2023-10-23,-0.02510475,-0.02281236,-0.01474391,-0.01139404,0.00054765
2023-10-25,-0.00728541,-0.00587797,-0.00053840,-0.00327155,0.00036507
2023-10-26,-0.00993495,0.01187973,0.00436532,0.00451919,0.00018359
2023-10-27,0.01385383,0.00905531,-0.00007238,0.00777071,0.00018359
2023-10-30,0.00340374,-0.00440825,0.00657947,0.00572150,0.00055087
2023-10-31,-0.00065113,0.00458519,0.00158147,-0.00070940,0.00018359
2023-11-01,-0.00437280,-0.00103222,0.00177647,0.00616382,0.00018359
2023-11-02,0.01024215,-0.00381905,0.00549531,0.00024751,0.00018353
2023-11-03,0.00697143,0.00185790,0.00142729,0.00206766,0.00018353
2023-11-06,0.00878028,-0.00185943,0.00463099,0.00326743,0.00055069
2023-11-07,0.00193986,-0.00101772,0.00648690,0.00569444,0.00018353
2023-11-08,0.00609466,-0.00275251,0.00104682,0.00454670,0.00018353
2023-11-09,-0.00411361,0.00130742,-0.00361976,0.00269669,0.00018326
2023-11-10,0.00153293,-0.00051515,0.00640681,0.00235885,0.00018326
2023-11-12,0.00663666,0.00776108,-0.00071159,0.00254371,0.00036656
2023-11-13,-0.00337357,0.00101950,0.00705765,0.00603759,0.00018326
2023-11-15,0.01081919,-0.00135424,0.00767493,0.00223925,0.00036656
2023-11-16,0.00608843,-0.00495918,0.00203874,0.00218980,0.00018365
2023-11-17,0.00398506,0.00377581,-0.00690692,0.00535780,0.00018365
2023-11-20,-0.00072554,0.00408870,-0.00095395,0.00853385,0.00055106
2023-11-21,0.00285274,0.00197439,0.00092225,-0.00292274,0.00018365
2023-11-22,0.00032569,-0.00350454,-0.00167672,-0.00520881,0.00018365
2023-11-23,0.00090376,0.00178040,0.00883793,-0.00140083,0.00018391
2023-11-24,-0.00087347,-0.00044821,-0.00198357,0.00169249,0.00018391
2023-11-28,0.00675535,-0.00926569,0.00917678,-0.00927512,0.00073584
2023-11-29,0.00525991,-0.00476886,0.00015630,-0.00046402,0.00018391
2023-11-30,0.00519325,-0.00057843,0.00345441,0.01253587,0.00018423
2023-12-01,0.00630118,-0.00131785,0.00019900,-0.00132245,0.00018423
2023-12-04,0.01284149,-0.00815026,0.01417849,0.00079646,0.00055279
2023-12-05,0.00973854,-0.00710445,0.00021887,-0.01607445,0.00018423
2023-12-06,0.00768215,-0.00413603,0.00069671,-0.01258931,0.00018423
2023-12-07,0.00270287,-0.00065646,0.00327956,-0.00204229,0.00018410
2023-12-08,-0.00392992,0.00040703,-0.00279752,-0.00031378,0.00018410
2023-12-11,0.00484897,0.00275209,0.00303199,0.00544542,0.00055241
2023-12-12,-0.00561458,0.00392420,-0.00197344,0.00028231,0.00018410
2023-12-13,0.00364675,0.00047463,0.00992986,0.01194059,0.00018410
2023-12-14,0.01012626,-0.01021599,-0.00081690,-0.00043049,0.00018470
2023-12-15,0.00957449,-0.00828568,0.00365933,-0.00613250,0.00018470
2023-12-18,0.00292560,0.00230531,-0.00109858,-0.00271481,0.00055419
2023-12-19,0.00053525,0.00208168,0.00098777,-0.00279935,0.00018470
2023-12-20,-0.02485761,-0.01088549,-0.01669502,-0.00269498,0.00018470
2023-12-21,0.01081516,0.00323574,0.01374368,0.00605802,0.00018383
2023-12-22,0.01016510,0.00014754,0.00189010,0.00161476,0.00018383
2023-12-26,0.00634918,-0.00113264,0.01114986,-0.00079707,0.00073550
2023-12-27,0.00539714,-0.00246904,-0.00433872,-0.00066565,0.00018383
2023-12-28,0.00414236,-0.01435136,0.01171747,0.00434551,0.00018346
2023-12-29,0.00414887,0.00510001,-0.00688180,0.00324374,0.00018346
2024-01-01,0.00368449,0.00853933,0.00887590,0.00166371,0.00055049
2024-01-02,-0.00081027,0.00303779,0.00616096,-0.00126659,0.00018346
2024-01-03,-0.00072539,0.00938444,0.00115719,0.00293921,0.00018346
2024-01-04,0.00717489,0.00239904,0.00558704,0.00914285,0.00018366
2024-01-05,0.00307956,-0.00035850,-0.00285347,0.00184521,0.00018366
2024-01-08,-0.00778328,0.00415034,0.00313313,0.00716445,0.00055109
2024-01-09,0.00446289,0.00153779,-0.00024732,0.00363632,0.00018366
2024-01-10,0.00417943,0.00430883,-0.00118146,0.00112720,0.00018366
2024-01-11,0.00416905,0.00124325,0.00644891,0.00369631,0.00018340
2024-01-12,0.00795268,-0.00871909,0.00137400,-0.00549389,0.00018340
2024-01-15,0.00620036,-0.01032201,0.01159351,0.00074906,0.00055030
2024-01-16,-0.00495833,-0.00675367,0.00746451,0.00203365,0.00018340
2024-01-17,-0.00871638,0.00296309,-0.00438372,-0.00010941,0.00018340
2024-01-18,-0.00213699,0.00260779,0.00471136,0.00646848,0.00018448
2024-01-19,0.01143741,-0.00560204,0.01187936,0.00877798,0.00018448
2024-01-20,-0.00103493,0.00562750,0.00936166,0.00337541,0.00018448
2024-01-23,-0.02053219,0.00150429,-0.03011248,-0.00742919,0.00055355
2024-01-24,0.01386443,-0.00516201,0.01439433,0.00320935,0.00018448
2024-01-25,-0.00034233,0.01050370,0.01346131,0.00799048,0.00018448
2024-01-29,0.01569574,-0.01441605,0.02345474,0.00796675,0.00073814
2024-01-30,-0.00583872,0.00703006,0.00658751,0.00034529,0.00018448
2024-01-31,0.01115576,0.00377906,-0.00189356,-0.00098777,0.00018448
2024-02-01,-0.00266289,0.00131004,-0.00099350,0.00072835,0.00018640
2024-02-02,0.00952397,-0.02109587,0.02671424,0.01062810,0.00018640
2024-02-05,-0.00305061,-0.00972800,0.02118571,0.00607977,0.00055930
2024-02-06,0.01270524,-0.00283183,0.00879330,0.00140818,0.00018640
2024-02-07,0.00370383,0.00110067,0.00084029,0.01329069,0.00018640
2024-02-08,-0.00210906,-0.00566289,0.00644140,0.00417518,0.00018563
2024-02-09,-0.00501714,-0.00327676,-0.01898996,-0.00488334,0.00018563
2024-02-12,-0.01597346,-0.00978790,-0.03942860,-0.02299329,0.00055700
2024-02-13,0.00224460,-0.00496530,-0.00124483,-0.00016752,0.00018563
2024-02-14,0.00790479,-0.00362117,0.02832003,0.01559984,0.00018563
2024-02-15,0.00685608,-0.00336336,0.02237048,0.01279969,0.00018656
2024-02-16,0.00686131,0.00310647,-0.00736949,-0.00269788,0.00018656
2024-02-19,0.00576131,0.00393989,0.00542559,0.00518589,0.00055977
2024-02-20,-0.00145901,0.00161623,0.00297995,-0.00321076,0.00018656
2024-02-21,-0.00735660,0.00106640,-0.01172639,-0.00780206,0.00018656
2024-02-22,0.00940853,-0.00323205,0.00168672,0.00512084,0.00018573
2024-02-23,0.00225763,0.00851759,-0.00916898,0.00525305,0.00018573
2024-02-26,-0.00258402,0.00213012,-0.00283871,0.00868424,0.00055729
2024-02-27,0.00148347,-0.00344386,-0.01121562,-0.00394269,0.00018573
2024-02-28,-0.01486579,-0.00418235,-0.01210386,-0.01296089,0.00018573
2024-02-29,0.00318178,0.00301095,-0.00199860,0.00385235,0.00018422
2024-03-01,0.00964711,-0.00908218,0.01389234,0.00728617,0.00018422
2024-03-02,0.00458314,-0.00027831,0.00675204,0.00241778,0.00018422
2024-03-04,-0.00154437,-0.01575412,0.01104080,0.00398182,0.00036847
2024-03-05,-0.00279663,-0.00805789,0.00450775,0.00401278,0.00018422
2024-03-06,-0.00398324,-0.01897855,-0.01048104,-0.00831027,0.00018422
2024-03-07,0.00323442,0.00684381,0.00048124,0.00189492,0.00018267
2024-03-11,-0.00872382,-0.01692305,-0.00907147,-0.00751044,0.00073086
2024-03-12,-0.01022777,-0.01607723,-0.00830694,-0.01698205,0.00018267
2024-03-13,-0.03535235,-0.01460822,-0.03102930,-0.03335027,0.00018267
2024-03-14,0.02183396,0.01385282,0.02065907,0.02155495,0.00018213
2024-03-15,-0.00351583,0.01460486,-0.00665227,-0.00123803,0.00018213
2024-03-18,0.00146631,-0.00425487,0.00306152,0.00141118,0.00054650
2024-03-19,-0.01491436,0.00209058,-0.00467490,-0.00186276,0.00018213
2024-03-20,0.00205115,-0.00653615,0.00207953,0.00079848,0.00018213
2024-03-21,0.01455645,0.00499884,0.01281594,0.01932732,0.00018215
2024-03-22,0.00612498,0.00749457,0.00060994,0.01030425,0.00018215
2024-03-26,0.00032270,-0.01105678,0.00345777,0.01087187,0.00072878
2024-03-27,0.00347840,-0.00168968,-0.00207181,0.01040721,0.00018215
2024-03-28,0.00718109,-0.00604419,-0.00058312,0.00103521,0.00018551
2024-04-01,0.01420466,0.02162045,0.01277885,-0.00726117,0.00074227
2024-04-02,0.00655441,0.00665501,0.01267494,-0.00097414,0.00018551
2024-04-03,0.00293634,0.01340336,0.00511229,-0.00032289,0.00018551
2024-04-04,0.00130667,0.01080238,-0.00488905,-0.00221390,0.00018210
2024-04-05,0.00072186,0.00532448,0.00442342,0.00068917,0.00018210
2024-04-08,0.00471711,-0.00916247,-0.00265338,0.00292111,0.00054640
2024-04-09,-0.00265571,0.00066786,0.00233122,-0.00203417,0.00018210
2024-04-10,0.00610756,-0.00590681,0.00341870,-0.00484363,0.00018210
2024-04-12,-0.00758740,0.00325983,-0.00694071,-0.00174482,0.00036407
2024-04-15,-0.01212834,-0.00883937,0.00393768,0.00491525,0.00054590
2024-04-16,-0.00058415,0.00837661,0.00592087,0.00214070,0.00018193
2024-04-18,-0.00365728,0.00763607,-0.00508817,0.00113323,0.00036390
2024-04-19,0.00032049,0.00100493,0.00107787,0.00078940,0.00018206
2024-04-22,0.00944237,0.00746877,0.00261619,0.00565587,0.00054628
2024-04-23,0.00534325,0.00804756,-0.00124945,0.00015719,0.00018206
2024-04-24,0.00423069,0.00239431,0.01125432,0.00421010,0.00018206
2024-04-25,0.00566161,-0.00122999,0.00299937,0.00888478,0.00018321
2024-04-26,0.00076627,-0.00296315,0.00513145,-0.00091370,0.00018321
2024-04-29,0.00261555,-0.00118417,0.00071393,0.00157780,0.00054973
2024-04-30,-0.00036391,0.00111570,-0.00768313,-0.00115349,0.00018321
2024-05-02,0.00467451,-0.00646588,0.00665035,0.00598586,0.00036645
2024-05-03,-0.00580060,-0.00040982,0.00469680,0.00250327,0.00018518
2024-05-06,-0.00545297,-0.00419887,-0.01239765,-0.00895154,0.00055566
2024-05-07,-0.01100945,0.00084125,-0.01911633,-0.02313509,0.00018518
2024-05-08,0.00648301,-0.00506319,0.00550014,0.01028632,0.00018518
2024-05-09,-0.01814586,-0.00172283,-0.01812986,-0.00801493,0.00018525
2024-05-10,0.00863044,-0.00215241,0.00452676,0.00363601,0.00018525
2024-05-13,0.00205468,-0.00508936,-0.00481968,-0.00508737,0.00055585
2024-05-14,0.01169692,0.00572726,0.01136299,0.01721447,0.00018525
2024-05-15,0.00463071,0.00389859,0.00115160,0.01037082,0.00018525
2024-05-16,0.00874862,-0.00254487,-0.00264121,-0.00043735,0.00018496
2024-05-17,0.00759799,0.00259439,0.00379185,0.00720748,0.00018496
2024-05-18,0.00527302,0.00373827,0.00254564,0.00745645,0.00018496
2024-05-21,0.00483317,-0.01602495,0.00820706,0.00873164,0.00055499
2024-05-22,0.00447009,-0.00032265,-0.00715285,-0.00493422,0.00018496
2024-05-23,0.00860723,-0.01037267,-0.00249350,0.00351046,0.00018496
2024-05-24,-0.00185948,-0.00025033,-0.00002648,0.00455024,0.00018151
2024-05-27,-0.00307507,-0.00033780,-0.00136467,-0.00199562,0.00054462
2024-05-28,-0.00708806,-0.00368141,-0.00702543,-0.01326416,0.00018151
2024-05-29,-0.00267563,0.00520395,0.00316190,0.00273410,0.00018151
2024-05-30,-0.01289667,0.00402491,-0.00967300,-0.00213323,0.00018136
2024-05-31,0.00329496,-0.00069965,0.00588606,0.01342981,0.00018136
2024-06-03,0.02931806,-0.02471187,0.02128415,0.03057588,0.00054417
2024-06-04,-0.06589348,0.02097428,-0.06033832,-0.07188217,0.00018136
2024-06-05,0.03294136,-0.00834742,0.00364886,-0.00155053,0.00018136
2024-06-06,0.01821052,0.01257909,0.00977167,0.02117569,0.00018172
2024-06-07,0.01973013,0.00282326,0.00499756,0.00549415,0.00018172
2024-06-10,0.00371243,0.01282099,0.00025010,-0.00340657,0.00054526
2024-06-11,0.00457423,0.00209130,0.01381857,0.01049942,0.00018172
2024-06-12,0.00471677,0.00660393,0.00117281,0.00595372,0.00018172
2024-06-13,0.00627478,0.00375897,0.00019135,0.00304387,0.00018108
2024-06-14,0.00729999,0.00109773,0.00067352,0.00877047,0.00018108
2024-06-18,0.00451340,0.00448797,-0.00274994,0.00575335,0.00072452
2024-06-19,-0.01070140,0.01018701,-0.00006058,-0.00640899,0.00018108
2024-06-20,0.00448858,0.00949980,0.00623165,-0.00412799,0.00018052
2024-06-21,-0.00277339,0.00352498,-0.00068728,0.00380008,0.00018052
2024-06-24,0.00252777,0.00289019,-0.00384615,0.00280753,0.00054165
2024-06-25,-0.00185183,0.00366577,-0.00799329,0.00052817,0.00018052
2024-06-26,0.00296549,0.00050182,0.00132461,-0.00322547,0.00018052
2024-06-27,0.00524062,-0.01593264,-0.00696215,0.00063184,0.00018022
2024-06-28,0.00245545,-0.00117768,0.00693291,0.00055481,0.00018022
2024-07-01,0.00819184,0.01335664,-0.00508252,-0.00141411,0.00054076
2024-07-02,-0.00035242,0.00507433,0.00369099,0.00135277,0.00018022
2024-07-03,0.00518403,0.00096134,0.00346380,0.00482603,0.00018022
2024-07-04,0.00463269,0.00100887,-0.00221475,0.00510654,0.00017965
2024-07-05,0.00690766,-0.00355885,0.00649176,0.00261145,0.00017965
2024-07-08,-0.00064962,-0.00428368,0.01085949,-0.00214174,0.00053903
2024-07-09,0.00359801,0.00056876,0.00002734,-0.00171058,0.00017965
2024-07-10,-0.00428110,-0.00535475,0.00022910,-0.00782328,0.00017965
2024-07-11,0.00212140,0.00212320,0.01784588,0.00177903,0.00017905
2024-07-12,0.00353833,-0.00836277,-0.00079873,-0.00673612,0.00017905
2024-07-15,0.00427322,-0.00851313,0.00784586,0.00315339,0.00053725
2024-07-16,0.00068107,0.00421229,-0.00206276,-0.00700817,0.00017905
2024-07-18,-0.00306614,-0.00914155,-0.00713913,-0.01348625,0.00035813
2024-07-19,-0.01879474,0.00008817,-0.01204421,-0.01385927,0.00017859
2024-07-22,0.00365845,0.00543280,0.00459012,0.01048276,0.00053587
2024-07-23,-0.00111129,0.00294650,-0.01236428,-0.01370935,0.00017859
2024-07-24,0.00607642,0.01517177,0.00809375,0.00443066,0.00017859
2024-07-25,0.00197767,-0.00375685,0.01005204,0.00222088,0.00017790
2024-07-26,0.01583690,-0.00333452,-0.00196388,0.00266224,0.00017790
2024-07-29,0.00564592,-0.00036976,0.00394289,0.00748001,0.00053380
2024-07-30,0.00242684,0.00676596,0.00544671,0.00170677,0.00017790
2024-07-31,0.00379847,-0.00239963,0.00252009,-0.00147385,0.00017790
2024-08-01,-0.00143181,-0.00618792,0.00072834,-0.00057449,0.00017689
2024-08-02,-0.01163122,0.01211597,-0.00357433,-0.00412112,0.00017689
2024-08-05,-0.03353305,-0.00538836,-0.01414390,-0.01483484,0.00053077
2024-08-06,-0.00279969,-0.00199411,-0.00802264,-0.00961475,0.00017689
2024-08-07,0.02004823,-0.00085171,0.01948915,0.01619718,0.00017689
2024-08-08,-0.00761874,0.01037081,-0.00760316,0.00351469,0.00017590
2024-08-09,0.00951485,-0.00075334,-0.00044267,0.00837794,0.00017590
2024-08-12,-0.00121554,0.00275324,0.01016948,0.00696869,0.00052780
2024-08-13,-0.00828530,-0.00501786,-0.00796635,-0.00537574,0.00017590
2024-08-14,-0.00221004,-0.00115954,-0.00641128,-0.00166455,0.00017590
2024-08-16,0.01561275,-0.00263661,-0.00169854,0.00600295,0.00035132
2024-08-19,0.00552350,0.00846666,0.01023152,0.00204849,0.00052626
2024-08-20,0.00372021,0.00305811,-0.00242773,-0.00517201,0.00017539
2024-08-21,0.00576196,0.00790979,0.00085065,-0.00525945,0.00017539
2024-08-22,0.00244561,0.00579419,0.00180845,-0.00512792,0.00017600
2024-08-23,-0.00121127,0.00589907,-0.00046277,0.00346937,0.00017600
2024-08-26,0.00478708,-0.00775622,0.00220441,-0.00268785,0.00052808
2024-08-27,0.00014871,0.00819202,0.00096231,0.00101030,0.00017600
2024-08-28,0.00013293,-0.00358707,-0.00290249,0.00082203,0.00017600
2024-08-29,-0.00146849,-0.01202542,0.00081522,-0.00273269,0.00017588
2024-08-30,0.00524985,0.00237579,-0.00037107,0.00290196,0.00017588
2024-09-02,-0.00133106,-0.00372083,-0.00218052,-0.00513632,0.00052773
2024-09-03,-0.00031217,0.00614558,-0.00386601,-0.00014373,0.00017588
2024-09-04,0.00016527,0.00733142,-0.00450080,-0.00542037,0.00017588
2024-09-05,0.00008039,0.00647862,0.00256961,-0.00290732,0.00017577
2024-09-06,-0.01075102,0.00446252,-0.00842993,-0.00636504,0.00017577
2024-09-09,-0.00189740,-0.00019413,-0.00558022,-0.00523982,0.00052741
2024-09-10,0.00902175,0.00910150,-0.00638480,-0.00160287,0.00017577
2024-09-11,-0.00600079,0.00199867,-0.01488381,-0.00802634,0.00017577
2024-09-12,0.01440754,-0.01345762,0.00362117,0.00537769,0.00017619
2024-09-13,0.00124201,0.00650180,0.00303555,0.00110182,0.00017619
2024-09-16,0.00086759,0.00061835,0.00307297,0.00186382,0.00052865
2024-09-17,-0.00032843,-0.00197136,-0.00287258,0.00479071,0.00017619
2024-09-18,-0.00906466,0.00483207,0.00205001,-0.00161830,0.00017619
2024-09-19,-0.00539707,-0.00770797,-0.01087867,-0.00741799,0.00017619
2024-09-20,0.01298946,0.00041318,-0.00602537,0.01109885,0.00017619
2024-09-23,0.00790386,-0.00406152,0.00893215,0.00706033,0.00052865
2024-09-24,0.00226538,-0.00647378,0.00833416,0.00276036,0.00017619
2024-09-25,-0.00181786,-0.00131136,0.00263774,0.00194750,0.00017619
2024-09-26,0.00328093,-0.01189599,0.00285170,-0.00147956,0.00017619
2024-09-27,0.00243574,-0.01024553,0.01360810,0.00218028,0.00017619
2024-09-30,-0.00718855,0.00523947,0.00795525,-0.00941936,0.00052865
2024-10-01,0.00151686,0.00997291,-0.00204426,-0.00099468,0.00017619
2024-10-03,-0.02075174,0.00651022,-0.00150690,0.00218281,0.00035241
2024-10-04,-0.00946793,-0.00261343,0.00223317,0.00211802,0.00017176
2024-10-07,-0.01859963,-0.01763426,-0.00933667,-0.00594166,0.00051537
2024-10-08,0.01690712,0.01546899,-0.00213174,0.01073048,0.00017176
2024-10-09,0.00553743,0.01146214,-0.00650540,0.01223918,0.00017176
2024-10-10,-0.00076427,0.00829501,0.00122986,0.00366670,0.00017063
2024-10-11,0.00153886,0.00027212,0.00187803,0.00329058,0.00017063
2024-10-14,0.00120447,0.00044037,-0.00351837,0.00462232,0.00051198
2024-10-15,0.00091178,0.00692693,-0.00634894,0.00384066,0.00017063
2024-10-16,-0.00157203,0.00902035,0.00359462,-0.00085470,0.00017063
2024-10-17,-0.01396875,0.00179335,-0.00494149,-0.00290539,0.00017118
2024-10-18,0.00004069,-0.00508372,0.00509388,0.00483551,0.00017118
2024-10-21,-0.01149402,-0.00642957,-0.00677330,-0.00420882,0.00051364
2024-10-22,-0.02309049,-0.01489885,-0.00534779,-0.00783546,0.00017118
2024-10-23,0.00065660,0.00821006,-0.00705785,-0.00047125,0.00017118
2024-10-24,-0.00532830,-0.00556711,0.00610461,-0.00176545,0.00017191
2024-10-25,-0.01502637,-0.00640443,-0.01662951,-0.00634152,0.00017191
2024-10-28,0.00648680,0.00565634,0.00552110,-0.00019605,0.00051581
2024-10-29,0.00249256,0.00353792,0.00336781,0.00063797,0.00017191
2024-10-30,0.00394562,0.02301924,-0.00190147,0.00085405,0.00017191
2024-10-31,-0.00037603,0.01668887,-0.00125546,0.00547829,0.00017273
2024-11-01,0.00740929,0.00524208,0.00423744,0.00074914,0.00017273
2024-11-04,-0.01516035,0.00266105,-0.00743783,0.00250995,0.00051828
2024-11-05,0.00441893,-0.00108216,0.01135512,0.00237597,0.00017273
2024-11-06,0.02038550,0.00024091,-0.00038548,0.00894665,0.00017273
2024-11-07,-0.00951477,0.01149856,0.00021134,-0.00096137,0.00017098
2024-11-08,-0.00848019,-0.00428442,-0.00867561,-0.00527450,0.00017098
2024-11-11,-0.00601753,-0.00625534,-0.00424733,0.00469007,0.00051304
2024-11-12,-0.01159894,-0.00245153,-0.00128804,-0.00254263,0.00017098
2024-11-13,-0.02000844,-0.01279323,-0.00417555,-0.00950967,0.00017098
2024-11-14,0.00187443,0.00770145,-0.00480883,0.00823277,0.00017087
2024-11-18,-0.00628901,-0.00233603,0.00397644,0.00070393,0.00068367
2024-11-19,0.00441137,0.00523912,-0.00304492,0.00258493,0.00017087
2024-11-21,-0.01289811,0.00149856,-0.00236537,0.00658308,0.00034178
2024-11-22,0.01754581,-0.00946244,-0.00118657,-0.00168080,0.00017135
2024-11-25,0.01326774,-0.00097908,0.00386231,0.00698594,0.00051415
2024-11-26,0.00069825,0.01041806,0.00217541,-0.00699823,0.00017135
2024-11-27,0.00861029,0.00700128,-0.00373851,0.00396071,0.00017135
2024-11-28,-0.00475803,0.01161183,0.00466069,-0.00259101,0.00017225
2024-11-29,0.00992285,-0.00136226,0.00122166,0.00390368,0.00017225
2024-12-02,0.00723549,0.00297175,0.00298750,0.00435970,0.00051683
2024-12-03,0.00763699,0.00231792,0.00509801,-0.00458956,0.00017225
2024-12-04,0.00089413,0.00771888,-0.00053935,0.00049952,0.00017225
2024-12-05,0.00610950,-0.00510421,-0.00166483,0.00358878,0.00017060
2024-12-06,0.00209183,0.00214344,0.00837126,0.00387638,0.00017060
2024-12-09,-0.00094904,0.00639408,0.00022633,0.00197650,0.00051188
2024-12-10,-0.00024393,0.00317985,-0.00004984,-0.00128226,0.00017060
2024-12-11,0.00208307,0.00218865,0.00114409,0.00374404,0.00017060
2024-12-12,-0.00464899,-0.00544094,-0.00185381,0.00001890,0.00017109
2024-12-13,0.00339691,-0.00343850,-0.00386016,0.00227001,0.00017109
2024-12-16,0.00006463,0.00973353,-0.00320740,0.00981163,0.00051335
2024-12-17,-0.00967208,0.00952831,-0.00573249,0.00558356,0.00017109
2024-12-18,-0.00565275,-0.00126498,-0.00733102,0.00150074,0.00017109
2024-12-19,-0.00681951,0.00347297,0.00628917,0.00414392,0.00017173
2024-12-20,-0.02138918,-0.00316857,-0.00320764,-0.00452267,0.00017173
2024-12-23,0.00068154,-0.01270366,0.00128791,-0.00331449,0.00051527
2024-12-24,0.00043004,0.00433014,0.00110744,0.00131096,0.00017173
2024-12-26,0.00037235,-0.00719656,-0.00259928,0.00212874,0.00034348
2024-12-27,0.00026997,0.00464403,-0.00592961,-0.00109920,0.00017369
2024-12-30,-0.00442119,-0.00237369,-0.00986026,-0.00900070,0.00052115
2024-12-31,0.00320313,0.00294396,0.01001048,0.00627045,0.00017369
2025-01-01,0.00524677,0.01210737,-0.00025864,0.00068363,0.00017369
2025-01-02,0.01271844,-0.00944736,0.00224635,-0.00042246,0.00017490
2025-01-03,-0.00145036,-0.00129762,0.01030442,-0.00544546,0.00017490
2025-01-06,-0.02368499,-0.01045481,-0.01220773,0.00071871,0.00052479
2025-01-07,0.00693973,0.01268802,0.00890944,0.00160702,0.00017490
2025-01-08,-0.00385260,-0.00994779,0.00636134,-0.01158359,0.00017490
2025-01-09,-0.00854893,0.00064228,-0.01030515,-0.00583487,0.00017485
2025-01-10,-0.01168365,-0.01292829,-0.00348863,-0.00207208,0.00017485
2025-01-13,-0.03157558,-0.01033722,-0.00666968,-0.01245171,0.00052463
2025-01-14,0.01102931,0.00246486,0.01708314,-0.00324847,0.00017485
2025-01-15,0.00357650,-0.00090711,-0.00256266,-0.00309409,0.00017485
2025-01-16,0.00744458,0.00684859,0.00428117,0.00071445,0.00017509
2025-01-17,0.00382358,-0.00662651,0.00668766,-0.00789941,0.00017509
2025-01-20,0.00386788,0.00109811,0.00837409,-0.00060952,0.00052537
2025-01-21,-0.01675731,-0.00276191,0.00394946,-0.01055165,0.00017509
2025-01-22,-0.00544046,-0.01242742,-0.00202417,-0.00791218,0.00017509
2025-01-23,0.00771581,-0.00170195,-0.00823156,0.00888480,0.00017523
2025-01-24,-0.01289577,-0.00590331,-0.00662307,-0.00442295,0.00017523
2025-01-27,-0.02491063,-0.01429893,-0.00457866,-0.00796666,0.00052578
2025-01-28,-0.00672480,-0.01257368,0.00106449,-0.00840677,0.00017523
2025-01-29,0.01793486,0.01524979,-0.00188014,0.01350691,0.00017523
2025-01-30,0.00288155,-0.00681842,0.00405692,0.00066485,0.00017404
2025-01-31,0.01531418,0.00148042,-0.00004007,0.00019580,0.00017404
2025-02-01,0.00051115,0.00915693,-0.01337444,-0.00034012,0.00017404
2025-02-03,-0.01201714,-0.00186580,-0.01168346,0.00313050,0.00034810
2025-02-04,0.01260369,-0.00647323,0.00843137,-0.00134944,0.00017404
2025-02-05,0.00341377,0.00223119,0.01029035,0.00392083,0.00017404
2025-02-06,-0.00579980,0.00921399,0.00153586,-0.00368569,0.00017161
2025-02-07,-0.00116918,-0.01266490,0.00467363,0.00665577,0.00017161
2025-02-10,-0.01564069,-0.00478902,-0.00685041,-0.00055561,0.00051492
2025-02-11,-0.02260395,-0.01675784,-0.00153120,-0.00620055,0.00017161
2025-02-12,-0.00402972,-0.00231349,0.00156960,0.00793819,0.00017161
2025-02-13,-0.00217218,-0.00400429,0.00579891,0.00149105,0.00017100
2025-02-14,-0.01786175,-0.01618294,-0.00578744,-0.00011720,0.00017100
2025-02-17,-0.00193139,-0.01483681,0.00877507,-0.00430069,0.00051310
2025-02-18,-0.00493448,-0.02153006,0.00537231,-0.00249768,0.00017100
2025-02-19,0.00599066,0.02146611,0.00369581,0.00615055,0.00017100
2025-02-20,0.00838748,0.00333775,0.00540327,-0.00149747,0.00017100
2025-02-21,-0.00683499,0.00238396,-0.00221917,0.00154199,0.00017100
2025-02-24,-0.01245953,0.00104051,-0.00588133,-0.00073740,0.00051310
2025-02-25,-0.00404239,0.00178053,-0.00537441,0.00607212,0.00017100
2025-02-27,-0.01111739,-0.01737268,-0.00325633,-0.00096938,0.00034204
2025-02-28,-0.02638650,-0.00257614,0.00095019,-0.00424631,0.00017112
2025-03-03,0.00146590,-0.01953376,0.00209537,-0.00079936,0.00051344
2025-03-04,0.00179816,0.01070644,0.00959835,0.00284607,0.00017112
2025-03-05,0.02362383,0.00420096,0.00979937,-0.00709318,0.00017112
2025-03-06,0.01276133,0.00421086,0.00634279,-0.00392059,0.00017216
2025-03-07,0.00216775,0.01129765,0.00033629,-0.00359304,0.00017216
2025-03-10,-0.01197561,-0.01128334,-0.00774216,0.00569281,0.00051658
2025-03-11,0.00151479,-0.01497428,0.00542645,-0.00002774,0.00017216
2025-03-12,-0.00504168,-0.00417284,0.00021784,-0.00199075,0.00017216
2025-03-13,-0.00464540,-0.00510268,0.00081552,-0.00106021,0.00017217
2025-03-17,0.00205658,-0.01228422,-0.00332076,0.00922900,0.00068887
2025-03-18,0.01752806,0.01093357,-0.00229926,-0.00259761,0.00017217
2025-03-19,0.01193379,0.01309945,0.00492822,-0.00579351,0.00017217
2025-03-20,0.01062259,-0.00280788,0.00075949,0.00616277,0.00017256
2025-03-21,0.00971559,0.00848979,0.00376487,-0.00787118,0.00017256
2025-03-24,0.00989868,0.00168638,0.00009692,-0.00400066,0.00051777
2025-03-25,-0.00814281,-0.01160682,-0.00825523,0.00494520,0.00017256
2025-03-26,-0.00700204,-0.01061179,-0.00287438,0.00460161,0.00017256
2025-03-27,0.00581442,-0.00079035,0.00245140,0.00279729,0.00017294
2025-03-28,-0.00531050,-0.00261564,-0.00112798,0.00403187,0.00017294
2025-04-01,-0.00773736,0.01773135,0.01692912,-0.02786732,0.00069195
2025-04-02,0.00918851,0.00327414,0.00037163,0.00064695,0.00017294
2025-04-03,-0.00052406,0.01650155,0.00670181,-0.00706469,0.00016733
2025-04-04,-0.02871111,0.00362665,-0.01201803,0.00483020,0.00016733
2025-04-07,-0.03672324,-0.01058686,-0.00196947,0.00239679,0.00050207
2025-04-08,0.01876549,0.00392891,0.00487839,0.00330474,0.00016733
2025-04-09,-0.00600733,-0.00677904,-0.00175479,-0.00208746,0.00016733
2025-04-11,0.02063623,0.00843429,-0.00091295,0.00564912,0.00032767
2025-04-15,0.02414750,0.01089306,-0.00422186,-0.00734389,0.00064143
2025-04-16,0.00518674,0.00275404,0.00809380,-0.00391396,0.00016032
2025-04-17,0.00896592,-0.00287979,-0.00041959,-0.00031227,0.00015787
2025-04-21,0.01264994,-0.00299293,0.00752987,-0.00902894,0.00063165
2025-04-22,0.00277312,0.00675783,-0.00348431,-0.00459760,0.00015787
2025-04-23,0.01007402,-0.00858099,-0.00531796,-0.00284281,0.00015787
2025-04-24,-0.00151575,0.00241098,0.00466117,-0.00523048,0.00015708
2025-04-25,-0.01828083,-0.01142819,-0.00576051,0.01301490,0.00015708
2025-04-28,0.01019213,-0.01532292,0.00737114,-0.00179606,0.00047133
2025-04-29,0.00093245,-0.00047816,-0.00585169,0.00271362,0.00015708
2025-04-30,-0.00485409,-0.01783030,-0.00057858,0.01052506,0.00015708
2025-05-02,-0.00278037,0.00036712,0.00546903,-0.00351885,0.00031416
2025-05-05,0.01155203,0.00062036,0.00028236,-0.00977323,0.00047123
2025-05-06,-0.01266587,-0.01477110,-0.00607730,0.01171192,0.00015705
2025-05-07,0.00348659,0.00528739,0.00442653,-0.00069688,0.00015705
2025-05-08,-0.01135830,0.00658828,-0.00836871,0.00264797,0.00015642
2025-05-09,-0.00465708,0.00083491,-0.00109032,-0.00195092,0.00015642
2025-05-12,0.03781189,0.00829719,0.00344275,-0.01724332,0.00046934
2025-05-13,-0.00429939,0.01976203,-0.00147484,-0.00669907,0.00015642
2025-05-14,0.01011567,0.00406001,0.00831931,-0.00730912,0.00015642
2025-05-15,0.01305470,-0.00165060,-0.00089702,-0.00378857,0.00015539
2025-05-16,0.00588090,0.00702563,-0.00196075,-0.02001916,0.00015539
2025-05-19,-0.00033950,0.01276170,-0.00088590,-0.00177486,0.00046623
2025-05-20,-0.01250955,0.00044473,0.00389825,0.00771499,0.00015539
2025-05-21,0.00696121,-0.00182251,-0.00100558,-0.00116329,0.00015539
2025-05-22,-0.00559961,0.00951644,0.00051117,0.00059725,0.00015210
2025-05-23,0.00594454,-0.00074626,0.00359049,-0.00463257,0.00015210
2025-05-26,0.00585063,0.00009929,-0.00252452,-0.00484780,0.00045638
2025-05-27,-0.00248902,0.00495354,-0.00115948,-0.00333012,0.00015210
2025-05-28,-0.00154380,0.00534924,0.00180609,-0.00234394,0.00015210
2025-05-29,0.00453110,-0.00119697,-0.00228956,0.00028181,0.00014971
2025-05-30,-0.00575391,0.00912015,-0.00897212,0.00375517,0.00014971
2025-06-02,0.00030573,0.00268322,0.00118642,-0.00274296,0.00044920
2025-06-03,-0.00343490,0.00569238,-0.00098904,0.00231934,0.00014971
2025-06-04,0.00534521,0.00031764,-0.00064057,-0.00181931,0.00014971
2025-06-05,0.00577823,0.00128109,-0.00474837,-0.00005446,0.00014866
2025-06-06,0.00521521,-0.00874750,0.00739461,-0.00910150,0.00014866
2025-06-09,0.00684347,0.00232565,0.00685977,-0.01111560,0.00044605
2025-06-10,0.00299212,0.00513300,-0.00068357,-0.00410109,0.00014866
2025-06-11,0.00112092,-0.00117727,0.01090282,0.00153600,0.00014866
2025-06-12,-0.01325133,0.00302460,-0.00344797,0.00622314,0.00014321
2025-06-13,-0.00489792,0.00002467,-0.00008546,0.00664576,0.00014321
2025-06-16,0.00673211,-0.00825730,0.00254010,0.00440658,0.00042968
2025-06-17,-0.00537703,-0.00116793,-0.00632036,0.00217347,0.00014321
2025-06-18,-0.00371919,-0.00064160,-0.00120628,0.00533844,0.00014321
2025-06-19,-0.00968692,-0.01028147,-0.00106016,0.01050349,0.00014290
2025-06-20,0.00996251,-0.00349915,-0.00307875,0.00128248,0.00014290
2025-06-23,-0.00090696,0.00411210,0.00327788,0.00164166,0.00042875
2025-06-24,0.00359497,0.00496051,0.00338976,-0.00484126,0.00014290
2025-06-25,0.00939097,0.01129645,-0.00092895,0.00042639,0.00014290
2025-06-26,0.00697737,-0.01343421,0.00808139,-0.00159421,0.00014424
2025-06-27,0.00531983,0.00114702,-0.00032467,0.00418117,0.00014424
2025-06-30,0.00135127,0.00860965,-0.00059717,0.00262640,0.00043280
2025-07-01,-0.00034556,-0.00039311,0.00361220,-0.00073133,0.00014424
2025-07-02,0.00011418,-0.00522195,0.00342752,0.00282039,0.00014424
2025-07-03,-0.00020309,0.00416596,0.00111639,-0.00031161,0.00014322
2025-07-04,0.00221736,0.00046231,0.00581543,0.00017442,0.00014322
2025-07-07,-0.00084478,-0.00005421,-0.00051491,-0.00070151,0.00042972
2025-07-08,-0.00076942,-0.00317699,0.00321853,-0.00184892,0.00014322
2025-07-09,-0.00087670,0.00947219,-0.00853745,0.00099739,0.00014322
2025-07-10,-0.00311326,0.00401032,0.00432992,-0.00477247,0.00014367
2025-07-11,-0.00882050,0.00118217,0.00309222,0.00234393,0.00014367
2025-07-14,0.00073402,0.00093239,0.00216410,-0.00000483,0.00043107
2025-07-15,0.00653226,0.00464900,-0.00470323,-0.00268623,0.00014367
2025-07-16,0.00155375,0.00342725,0.00145737,-0.00483964,0.00014367
2025-07-17,-0.00037121,0.00095260,-0.00173678,-0.00240137,0.00014361
2025-07-18,-0.00481914,-0.00151705,0.00753892,0.00088244,0.00014361
2025-07-21,-0.00036281,-0.00154414,0.00055342,0.00240798,0.00043090
2025-07-22,-0.00289884,0.00132299,-0.00026265,0.00711582,0.00014361
2025-07-23,0.00266201,-0.00367700,0.00219696,-0.00292485,0.00014361
2025-07-24,-0.00482680,0.00168807,-0.00066710,0.00034551,0.00014367
2025-07-25,-0.01343728,-0.00272260,-0.00257483,0.01055683,0.00014367
2025-07-28,-0.00841951,-0.00567963,0.00169874,0.00097818,0.00043107
2025-07-29,0.00895902,0.00464181,0.00428018,-0.00137088,0.00014367
2025-07-30,0.00227352,0.00152580,-0.00427302,0.00709936,0.00014367
2025-07-31,-0.00646411,0.00357092,-0.00195954,0.00611934,0.00014392
2025-08-01,-0.01204198,-0.00074835,-0.01020567,-0.00312882,0.00014392
2025-08-04,0.00974081,-0.00504320,-0.00090508,0.00277616,0.00043183
2025-08-05,-0.00189810,-0.00253472,0.00146339,0.00335490,0.00014392
2025-08-06,-0.00879092,-0.00584685,0.00384499,0.00028170,0.00014392
2025-08-07,-0.00056235,-0.00518312,-0.00479110,0.00034277,0.00014555
2025-08-08,-0.01206621,0.00077922,0.00945497,-0.00520728,0.00014555
2025-08-11,0.00660944,-0.00354835,-0.00304176,0.00320837,0.00043672
2025-08-12,-0.00052681,-0.00218898,0.00493912,-0.00151709,0.00014555
2025-08-13,0.00571363,0.00068244,-0.00175527,0.00551558,0.00014555
2025-08-14,-0.00305541,-0.00225466,-0.01029945,0.00334520,0.00014634
2025-08-18,0.01125016,0.00165500,-0.00526855,0.00408736,0.00058550
2025-08-19,0.00871573,0.00277446,0.00441599,-0.00668441,0.00014634
2025-08-20,0.00566179,0.00111381,-0.00303242,-0.00544761,0.00014634
2025-08-21,-0.00047342,0.00367889,0.00197421,0.00135038,0.00014620
2025-08-22,-0.00525960,0.00289144,-0.00546733,0.00334322,0.00014620
2025-08-25,0.00320304,-0.00391976,-0.00153337,-0.00546374,0.00043867
2025-08-26,-0.01179177,-0.00317310,-0.00290119,0.00163722,0.00014620
2025-08-28,-0.00921301,0.00220583,0.00306618,0.00273172,0.00029243
2025-08-29,-0.00284913,0.00270461,-0.00381365,0.00099625,0.00014682
2025-09-01,0.01150315,-0.00189295,0.00487948,-0.00380240,0.00044053
2025-09-02,0.00387985,0.00424889,0.00403421,-0.00954265,0.00014682
2025-09-03,0.00547170,0.00131312,0.00881862,0.00030524,0.00014682
2025-09-04,-0.00417333,0.00054436,-0.00526800,0.00261443,0.00014684
2025-09-05,-0.00071895,0.00123551,0.00170024,0.00159593,0.00014684
2025-09-08,0.00233147,0.00051241,0.00204472,-0.00098125,0.00044060
2025-09-09,0.00303817,-0.00160296,-0.00567914,0.00041989,0.00014684
2025-09-10,0.00486097,0.00189668,-0.00328764,-0.00662864,0.00014684
2025-09-11,0.00177828,-0.00306226,0.00643921,-0.00452785,0.00014673
2025-09-12,0.00273703,-0.00288836,-0.00215156,-0.00353701,0.00014673
2025-09-15,0.00167243,0.00379484,-0.00060459,-0.00793511,0.00044025
2025-09-16,0.00720151,-0.00311706,0.00397578,0.00195363,0.00014673
2025-09-17,0.00309692,0.00199328,0.00073734,0.00166249,0.00014673
2025-09-18,0.00155687,-0.00160216,-0.00017906,-0.00200431,0.00014654
2025-09-19,0.00130475,-0.00135246,-0.00018479,-0.00246052,0.00014654
2025-09-22,-0.00394963,-0.00193739,0.00114483,-0.00511562,0.00043967
2025-09-23,-0.00405509,-0.00262868,0.00581726,-0.00153668,0.00014654
2025-09-24,-0.00737334,-0.00141555,0.00287386,0.00741589,0.00014654
2025-09-25,-0.00703037,-0.00392548,0.00207804,0.00489103,0.00014595
2025-09-26,-0.01552681,-0.00571014,-0.00215871,0.00401930,0.00014595
2025-09-29,-0.00055128,-0.01137329,0.00673371,-0.00176699,0.00043790
2025-09-30,-0.00141574,-0.00154945,0.00256415,-0.00272581,0.00014595
2025-10-01,0.00809242,0.00621038,-0.00024661,-0.00463527,0.00014595
2025-10-03,0.00581067,0.00583785,0.00453417,0.00209224,0.00029226
2025-10-06,0.00275359,-0.00810820,-0.00259607,0.00691222,0.00043893
2025-10-07,0.00067252,-0.00343590,-0.00181690,0.00185588,0.00014629
2025-10-08,-0.00466048,0.00240365,-0.00101971,0.00431724,0.00014629
2025-10-09,0.00559885,-0.00759068,0.00487546,-0.00045953,0.00014465
2025-10-10,0.00290140,0.00411286,-0.00351987,-0.00446825,0.00014465
2025-10-13,-0.00449989,-0.00360233,-0.00076378,0.00367593,0.00043402
2025-10-14,-0.00921749,-0.00291870,-0.00269328,0.00225378,0.00014465
2025-10-15,0.00785481,-0.00219249,0.00197926,0.00287148,0.00014465
2025-10-16,0.00722886,-0.00174607,-0.00432266,-0.00433941,0.00014491
2025-10-17,-0.00029286,-0.00634963,-0.00822783,0.00481860,0.00014491
2025-10-20,0.00471797,-0.00093146,0.00134954,0.00714324,0.00043479
2025-10-21,0.00283959,0.00894670,0.00002751,-0.00196636,0.00014491
2025-10-23,-0.00223135,-0.00069448,0.00341683,-0.01023980,0.00028984
2025-10-24,-0.00236626,-0.00182534,0.00366084,0.00173100,0.00014554
2025-10-27,0.00577659,-0.00731307,0.00307476,0.00639620,0.00043669
2025-10-28,-0.00225525,0.00180359,0.00431968,0.00914845,0.00014554
2025-10-29,0.00838781,-0.00647230,0.00901648,-0.01258822,0.00014554
2025-10-30,-0.00371878,0.00120432,0.00232965,-0.00136337,0.00014551
2025-10-31,-0.00463534,0.00119847,0.00200974,0.00549287,0.00014551
2025-11-03,0.00317887,0.00205781,0.00033594,-0.00057523,0.00043658
2025-11-04,-0.00592544,0.00046198,-0.00097824,0.00220797,0.00014551
2025-11-06,-0.00927014,-0.00942456,-0.00233272,0.00162864,0.00029104
2025-11-07,-0.00275219,-0.00118952,0.00912201,0.00945455,0.00014526
2025-11-10,0.00239209,-0.00659705,-0.00159684,0.00798402,0.00043584
2025-11-11,0.00487263,-0.00656550,0.00076632,0.00268456,0.00014526
2025-11-12,0.00704542,0.00316861,-0.00270034,0.00298763,0.00014526
2025-11-13,-0.00149032,-0.00152716,-0.00216682,0.00596560,0.00014481
2025-11-14,-0.00014905,0.00040266,-0.00346021,0.00295857,0.00014481
2025-11-17,0.00340768,-0.00115741,-0.00113086,0.00268954,0.00043450
2025-11-18,-0.00624406,-0.00263987,0.00319838,0.00141873,0.00014481
2025-11-19,0.00221413,-0.00300372,-0.00489641,0.00335781,0.00014481
2025-11-20,0.00086403,-0.00273520,-0.00206401,0.00148645,0.00014355
2025-11-21,-0.00847237,-0.00486474,-0.00154384,-0.00122845,0.00014355
2025-11-24,-0.00747274,-0.00718480,-0.00607219,0.00318297,0.00043071
2025-11-25,-0.00055766,0.00239490,-0.00129027,0.00449893,0.00014355
2025-11-26,0.01141633,-0.00405211,0.00338618,-0.00553040,0.00014355
2025-11-27,-0.00253485,0.00224761,-0.00252929,-0.00130308,0.00014305
2025-11-28,-0.00033457,0.00293960,-0.00176282,0.00450508,0.00014305
2025-12-01,-0.00057148,-0.00474692,-0.00037845,-0.00116810,0.00042920
2025-12-02,-0.00292648,-0.00342606,0.00028282,-0.00149444,0.00014305
2025-12-03,-0.00581280,0.00117528,-0.00015592,0.00225992,0.00014305
2025-12-04,0.00075840,-0.00306018,-0.00236942,-0.00232589,0.00014265
2025-12-05,-0.00061471,-0.00930241,0.00279523,0.00530749,0.00014265
2025-12-08,-0.01609896,-0.00831854,-0.00279849,0.00789569,0.00042801
2025-12-09,0.00245665,0.01486040,-0.00198505,0.00173874,0.00014265
2025-12-10,-0.00365871,-0.00119044,0.00334204,0.00263120,0.00014265
2025-12-11,0.00561677,-0.00105005,-0.00333842,-0.00271674,0.00014063
2025-12-12,0.00850372,-0.00752483,0.00673513,0.00296098,0.00014063
2025-12-15,0.00064249,0.00235351,0.00275041,-0.00322837,0.00042194
2025-12-16,-0.00564465,0.00219547,-0.00361692,-0.00065631,0.00014063
2025-12-17,-0.00389532,-0.00588586,0.00181088,0.00577270,0.00014063
2025-12-18,-0.00190040,-0.00157550,-0.00420273,0.00174846,0.00014083
2025-12-19,0.00915212,0.00255013,-0.00145185,-0.00221128,0.00014083
2025-12-22,0.00938296,0.00406589,-0.00219795,-0.00294100,0.00042255
2025-12-23,0.00058809,0.00044802,0.00373585,-0.00332411,0.00014083
2025-12-24,-0.00227241,0.00012808,-0.00471221,-0.00255784,0.00014083
2025-12-26,-0.00251038,-0.00275991,0.00034649,-0.00082517,0.00028116
2025-12-29,-0.00567473,-0.00558826,0.00833308,0.00328795,0.00042098
2025-12-30,-0.00121944,-0.00426847,0.00478476,0.00563845,0.00014031
2025-12-31,0.00885302,-0.00565043,0.01084380,-0.00273274,0.00014031
